state,covered,critic_pred,true_value,abs_error,signed_error
0,True,-0.6400913000106812,-0.6583917841081031,0.01830048409742191,0.01830048409742191
1,True,-0.6249808669090271,-0.654656812301944,0.029675945392916847,0.029675945392916847
2,True,-0.5981927514076233,-0.6507640823934605,0.05257133098583722,0.05257133098583722
3,True,-0.5919548273086548,-0.6468213996900594,0.05486657238140458,0.05486657238140458
4,False,-0.6250796914100647,-0.9510520535953552,0.32597236218529047,0.32597236218529047
5,False,-0.613994836807251,-0.9505167914257591,0.3365219546185081,0.3365219546185081
6,False,-0.5882732272148132,-0.9499582341848739,0.3616850069700607,0.3616850069700607
7,False,-0.5619484186172485,-0.9493924105210642,0.3874439919038156,0.3874439919038156
8,False,-0.42476776242256165,-0.9488198708375699,0.5240521084150083,0.5240521084150083
9,False,-0.5957594513893127,-0.9498635000101965,0.35410404862088374,0.35410404862088374
10,False,-0.40338319540023804,-0.9693904583128203,0.5660072629125823,0.5660072629125823
11,False,-0.4792155921459198,-0.9979827126910755,0.5187671205451557,0.5187671205451557
12,True,-0.31408625841140747,-0.998749913994299,0.6846636555828916,0.6846636555828916
13,True,-0.30096012353897095,-0.9994451719727506,0.6984850484337797,0.6984850484337797
14,True,-0.4522629678249359,-0.9997803120841644,0.5475173442592285,0.5475173442592285
15,True,-0.5152255296707153,-0.9997872254058287,0.4845616957351133,0.4845616957351133
16,True,-0.1733897626399994,-0.9977852855838001,0.8243955229438007,0.8243955229438007
17,True,-0.23123136162757874,-0.9949664673455912,0.7637351057180125,0.7637351057180125
18,True,-0.19753095507621765,-0.9948326245647072,0.7973016694884896,0.7973016694884896
19,True,-0.015697307884693146,-0.9947717991073046,0.9790744912226115,0.9790744912226115
20,True,-0.07685261219739914,-0.9993302343215454,0.9224776221241463,0.9224776221241463
21,False,-0.03548923879861832,-0.9999740369541531,0.9644847981555348,0.9644847981555348
22,False,-0.05450844764709473,-0.9999997037612184,0.9454912561141237,0.9454912561141237
23,False,0.045334331691265106,-1.0000000486316258,1.045334380322891,1.045334380322891
25,False,-0.02726767212152481,-0.9999953595347757,0.9727276874132509,0.9727276874132509
26,False,0.2149629294872284,-0.9999951907195367,1.2149581202067652,1.2149581202067652
27,False,0.22264784574508667,-0.9999950943896847,1.2226429401347714,1.2226429401347714
28,False,0.0005822703242301941,-0.9999949828375526,1.000577253161783,1.000577253161783
29,False,-0.08014381676912308,-0.9999949447575822,0.9198511279884591,0.9198511279884591
30,False,-0.7216452360153198,-0.999999861262596,0.27835462524727617,0.27835462524727617
31,False,-0.6516333222389221,-0.9999999355189311,0.34836661328000895,0.34836661328000895
32,False,-0.68332839012146,-0.9999999102796614,0.31667152015820144,0.31667152015820144
33,True,-0.5844154953956604,-0.6404924696698217,0.05607697427416125,0.05607697427416125
34,True,-0.5718774199485779,-0.5549039749984941,0.016973444950083794,-0.016973444950083794
35,True,-0.5307929515838623,-0.5042573417023475,0.02653560988151482,-0.02653560988151482
36,True,-0.5272976160049438,-0.49740213333779704,0.02989548266714681,-0.02989548266714681
37,True,-0.531779944896698,-0.49168772897838414,0.040092215918313856,-0.040092215918313856
38,False,-0.4895293712615967,-0.9470348237629901,0.4575054525013934,0.4575054525013934
39,False,-0.5205623507499695,-0.9464066839137223,0.4258443331637528,0.4258443331637528
40,True,-0.44472959637641907,-0.945799658110508,0.501070061734089,0.501070061734089
41,True,-0.3623523712158203,-0.9445517198504225,0.5821993486346022,0.5821993486346022
42,True,-0.2747661769390106,-0.9981780544037129,0.7234118774647023,0.7234118774647023
43,True,-0.4499306380748749,-0.9991773926385719,0.549246754563697,0.549246754563697
44,True,-0.32180696725845337,-0.9997841815402128,0.6779772142817594,0.6779772142817594
45,True,-0.31405606865882874,-0.9997740367481146,0.6857179680892859,0.6857179680892859
46,True,-0.16580814123153687,-0.9997631807900634,0.8339550395585266,0.8339550395585266
47,True,-0.30891385674476624,-0.9998869856878384,0.6909731289430722,0.6909731289430722
48,True,-0.386618047952652,-0.9998891771694021,0.6132711292167501,0.6132711292167501
49,True,-0.03196469694375992,-0.9811418747180853,0.9491771777743254,0.9491771777743254
50,True,-0.1390482783317566,-0.9994501646216882,0.8604018862899316,0.8604018862899316
51,True,0.009540267288684845,-0.9999530949396327,1.0094933622283175,1.0094933622283175
52,False,-0.0945124551653862,-1.0000003312291232,0.905487876063737,0.905487876063737
53,False,-0.033882834017276764,-1.0000002259093999,0.9661173918921231,0.9661173918921231
54,False,0.17771053314208984,-0.9999967465170969,1.1777072796591868,1.1777072796591868
55,False,0.14500275254249573,-0.9999959414812045,1.1449986940237002,1.1449986940237002
56,False,0.18624380230903625,-0.9999957094737448,1.186239511782781,1.186239511782781
57,False,-0.02942267805337906,-0.9999955078383276,0.9705728297849485,0.9705728297849485
58,False,0.34165307879447937,-1.0000006339461087,1.341653712740588,1.341653712740588
59,False,0.35270506143569946,-1.0000007512865121,1.3527058127222116,1.3527058127222116
60,False,-0.7587162256240845,-0.9999998824190653,0.24128365679498087,0.24128365679498087
61,False,-0.656843364238739,-0.9999998972478745,0.3431565330091355,0.3431565330091355
62,False,-0.5931771397590637,-0.9999998680184842,0.40682272825942045,0.40682272825942045
63,True,-0.6305562257766724,-0.6342396553910409,0.0036834296143685163,0.0036834296143685163
64,True,-0.5369594097137451,-0.5874585068946582,0.050499097180913055,0.050499097180913055
65,True,-0.5499200820922852,-0.5802196227788678,0.030299540686582693,0.030299540686582693
66,True,-0.5990875959396362,-0.5855725353185728,0.013515060621063446,-0.013515060621063446
67,True,-0.4909098744392395,-0.4850422298251066,0.005867644614132916,-0.005867644614132916
68,True,-0.5112531185150146,-0.47922812627270084,0.03202499224231381,-0.03202499224231381
69,True,-0.5129793286323547,-0.47334438164806464,0.0396349469842901,-0.0396349469842901
70,True,-0.502613365650177,-0.8949692318260641,0.39235586617588714,0.39235586617588714
71,True,-0.3390868306159973,-0.8938184708962957,0.5547316402802984,0.5547316402802984
72,True,-0.4495323896408081,-0.9997490046450277,0.5502166150042196,0.5502166150042196
73,True,-0.4742652475833893,-0.9997890595982284,0.5255238120148391,0.5255238120148391
74,True,-0.4388028085231781,-0.9997877880849432,0.5609849795617651,0.5609849795617651
75,True,-0.3409060537815094,-0.9997711493947575,0.6588650956132481,0.6588650956132481
76,True,-0.35655710101127625,-0.9997686127587576,0.6432115117474814,0.6432115117474814
77,True,-0.1478426456451416,-0.7285407971139668,0.5806981514688252,0.5806981514688252
78,True,-0.18271854519844055,-0.966426468003318,0.7837079228048774,0.7837079228048774
79,True,-0.20446276664733887,-0.9727841758735501,0.7683214092262113,0.7683214092262113
80,True,-0.12986958026885986,-0.9999789406738391,0.8701093604049792,0.8701093604049792
81,True,-0.23616501688957214,-0.9999679500563544,0.7638029331667823,0.7638029331667823
82,False,-0.14540675282478333,-1.0000005361611555,0.8545937833363721,0.8545937833363721
83,False,-0.0865444466471672,-1.0000004358700023,0.9134559892228351,0.9134559892228351
84,False,0.1017686054110527,-0.9999981546191562,1.101766760030209,1.101766760030209
85,False,0.006765715777873993,-0.9999957812993544,1.0067614970772283,1.0067614970772283
86,False,-0.03583572059869766,-0.999995696538019,0.9641599759393213,0.9641599759393213
87,False,0.26923662424087524,-1.0000001584103644,1.2692367826512396,1.2692367826512396
88,False,0.07722637802362442,-1.0000002568746984,1.0772266348983228,1.0772266348983228
89,False,0.3052894175052643,-1.0000007430990348,1.305290160604299,1.305290160604299
90,False,-0.8138203024864197,-0.9999999747110426,0.18617967222462295,0.18617967222462295
92,False,-0.7557011246681213,-0.9999997901617488,0.24429866549362744,0.24429866549362744
93,True,-0.6267505884170532,-0.6269368354096164,0.00018624699256319932,0.00018624699256319932
94,True,-0.5613827109336853,-0.6063343237987391,0.04495161286505378,0.04495161286505378
95,True,-0.5043125152587891,-0.5674864417813945,0.06317392652260545,0.06317392652260545
96,True,-0.5667697787284851,-0.5624079285130568,0.004361850215428342,-0.004361850215428342
97,True,-0.507646918296814,-0.49478268041243373,0.012864237884380236,-0.012864237884380236
98,True,-0.5113561153411865,-0.4873227263032924,0.02403338903789415,-0.02403338903789415
99,True,-0.454345703125,-0.46676626537975235,0.012420562254752354,0.012420562254752354
100,True,-0.49464380741119385,-0.46019392251431634,0.0344498848968775,-0.0344498848968775
101,True,-0.4470531940460205,-0.45408067371363586,0.007027479667615355,0.007027479667615355
102,True,-0.48051682114601135,-0.43603374242824994,0.044483078717761415,-0.044483078717761415
103,True,-0.3933848440647125,-0.4086464649065113,0.015261620841798773,0.015261620841798773
104,True,-0.36743587255477905,-0.37488739057236947,0.007451518017590419,0.007451518017590419
105,True,-0.3340958058834076,-0.36706211474918726,0.03296630886577967,0.03296630886577967
106,True,-0.31962698698043823,-0.3598788045077449,0.040251817527306666,0.040251817527306666
107,True,-0.20341944694519043,-0.537315612441952,0.3338961654967616,0.3338961654967616
108,False,-0.16701334714889526,-0.7276221283463762,0.5606087811974809,0.5606087811974809
109,False,-0.19619429111480713,-0.9920817097331801,0.795887418618373,0.795887418618373
110,True,-0.17748475074768066,-0.9999876016677345,0.8225028509200538,0.8225028509200538
111,False,-0.24973449110984802,-1.0000004934644793,0.7502660023546313,0.7502660023546313
112,False,-0.23628592491149902,-1.0000006443310068,0.7637147194195077,0.7637147194195077
113,False,-0.2497462034225464,-1.000000606978083,0.7502544035555365,0.7502544035555365
114,False,0.03398125618696213,-1.0000002145512328,1.033981470738195,1.033981470738195
115,False,0.2024167776107788,-1.000000301943832,1.2024170795546107,1.2024170795546107
116,False,0.2566985785961151,-1.000000278653503,1.256698857249618,1.256698857249618
117,False,0.07146162539720535,-1.0000001805257863,1.0714618059229917,1.0714618059229917
118,False,0.2678045332431793,-1.0000005212969496,1.267805054540129,1.267805054540129
119,False,0.2865673005580902,-1.0000005652283102,1.2865678657864004,1.2865678657864004
120,False,-0.8251605033874512,-0.9999998588843948,0.17483935549694363,0.17483935549694363
121,False,-0.835559070110321,-0.9999998473969106,0.16444077728658957,0.16444077728658957
122,False,-0.8382572531700134,-0.9999998596421147,0.16174260647210126,0.16174260647210126
123,True,-0.7362136840820312,-0.7540346191209741,0.017820935038942887,0.017820935038942887
124,True,-0.6506581902503967,-0.9678732519267323,0.3172150616763356,0.3172150616763356
125,True,-0.7434722781181335,-0.9782934136497581,0.23482113553162454,0.23482113553162454
126,True,-0.5648267865180969,-0.6242874043841083,0.05946061786601142,0.05946061786601142
127,True,-0.528968870639801,-0.5076747027140286,0.021294167925772434,-0.021294167925772434
128,True,-0.5260426998138428,-0.4989137488747882,0.027128950939054597,-0.027128950939054597
129,True,-0.5375686287879944,-0.9997106327914795,0.46214200400348515,0.46214200400348515
130,True,-0.4301338493824005,-0.9997279038406024,0.5695940544582019,0.5695940544582019
131,True,-0.5342175364494324,-0.9997254103175831,0.46550787386815073,0.46550787386815073
132,True,-0.4391799867153168,-0.42861763999281066,0.01056234672250611,-0.01056234672250611
133,True,-0.45205405354499817,-0.4221664105763174,0.029887642968680794,-0.029887642968680794
134,True,-0.47278904914855957,-0.2783178612016014,0.19447118794695817,-0.19447118794695817
135,True,-0.337889701128006,-0.3327118315441032,0.005177869583902761,-0.005177869583902761
136,True,-0.33424219489097595,-0.3525225627888036,0.018280367897827665,0.018280367897827665
137,False,-0.16304144263267517,-0.3162696919544403,0.15322824932176515,0.15322824932176515
138,False,-0.23794639110565186,-0.488632127332373,0.25068573622672113,0.25068573622672113
139,False,-0.22320914268493652,-0.9997879980004695,0.776578855315533,0.776578855315533
140,True,-0.20781147480010986,-0.9999946776215909,0.792183202821481,0.792183202821481
141,True,-0.07105878740549088,-1.0000005203976636,0.9289417329921728,0.9289417329921728
142,True,-0.20498669147491455,-1.0000006407509217,0.7950139492760071,0.7950139492760071
143,True,-0.3037142753601074,-1.0000008833452654,0.696286607985158,0.696286607985158
144,False,0.09830592572689056,-1.0000001598470125,1.098306085573903,1.098306085573903
145,False,-0.01781732589006424,-1.0000001932483364,0.9821828673582722,0.9821828673582722
146,False,0.09850283712148666,-1.0000003234831933,1.09850316060468,1.09850316060468
147,False,0.2865365147590637,-1.000000378379493,1.2865368931385568,1.2865368931385568
148,False,0.3264661729335785,-1.0000004655505381,1.3264666384841166,1.3264666384841166
149,False,0.26651379466056824,-1.0000005209939804,1.2665143156545486,1.2665143156545486
150,False,-0.832445502281189,-0.9999999364213891,0.1675544341402001,0.1675544341402001
151,False,-0.7639427185058594,-0.9999999647073337,0.23605724620147428,0.23605724620147428
152,False,-0.8206871747970581,-0.9999995789845973,0.17931240418753924,0.17931240418753924
153,True,-0.7929185032844543,-0.8497460044380336,0.05682750115357926,0.05682750115357926
154,True,-0.7391508221626282,-0.9682281070533465,0.22907728489071832,0.22907728489071832
155,True,-0.727896511554718,-0.9891447100097384,0.26124819845502034,0.26124819845502034
156,True,-0.5279940366744995,-0.9895264103428508,0.4615323736683513,0.4615323736683513
157,True,-0.5279535055160522,-0.999400069823854,0.47144656430780174,0.47144656430780174
158,True,-0.49410971999168396,-0.9996888000293078,0.5055790800376239,0.5055790800376239
159,True,-0.4193221926689148,-0.9996940731798247,0.5803718805109099,0.5803718805109099
160,True,-0.6155509352684021,-0.9996904583653599,0.38413952309695776,0.38413952309695776
161,True,-0.41752001643180847,-0.9997220495128332,0.5822020330810247,0.5822020330810247
162,True,-0.41100266575813293,-0.9997188722649523,0.5887162065068193,0.5887162065068193
163,True,-0.5111013650894165,-0.9997156666131902,0.4886143015237737,0.4886143015237737
164,True,-0.3313586413860321,-0.26949646464978166,0.06186217673625044,-0.06186217673625044
165,True,-0.35846349596977234,-0.3056773126681208,0.052786183301651524,-0.052786183301651524
166,True,-0.31793150305747986,-0.2325803443518243,0.08535115870565557,-0.08535115870565557
167,True,-0.19721969962120056,-0.22589919157168722,0.028679491950486663,0.028679491950486663
168,True,-0.2854750454425812,-0.2147357359382112,0.07073930950436999,-0.07073930950436999
169,True,-0.10473886877298355,-0.1608748996635731,0.05613603089058955,0.05613603089058955
170,True,-0.11656361073255539,-0.13967594257689717,0.023112331844341777,0.023112331844341777
171,True,-0.26761382818222046,-1.0000007036772063,0.7323868754949858,0.7323868754949858
172,True,-0.14713585376739502,-1.000000758332976,0.852864904565581,0.852864904565581
173,True,-0.2467372715473175,-1.000001060738978,0.7532637891916605,0.7532637891916605
174,False,0.007285319268703461,-1.0000001146326025,1.007285433901306,1.007285433901306
175,False,0.06519153714179993,-1.0000000730321301,1.06519161017393,1.06519161017393
176,False,0.18614965677261353,-1.000000002807264,1.1861496595798775,1.1861496595798775
177,False,0.24520069360733032,-0.9999999815781934,1.2452006751855236,1.2452006751855236
178,False,0.324211984872818,-1.000000386184783,1.324212371057601,1.324212371057601
179,False,0.13668128848075867,-1.000000489395942,1.1366817778767007,1.1366817778767007
180,False,-0.8901050686836243,-0.999999933709104,0.10989486502547974,0.10989486502547974
181,False,-0.7846021056175232,-0.9999999989883943,0.21539789337087112,0.21539789337087112
182,False,-0.8810638785362244,-0.9999992651057036,0.11893538656947922,0.11893538656947922
183,True,-0.7019159197807312,-0.9740815851491638,0.27216566536843256,0.27216566536843256
184,True,-0.8990041613578796,-0.9772330627656115,0.07822890140773187,0.07822890140773187
185,True,-0.7233418822288513,-0.9994459766033911,0.27610409437453975,0.27610409437453975
186,True,-0.7508584856987,-0.9997574211519527,0.2488989354532527,0.2488989354532527
187,True,-0.8018631935119629,-0.9997641883148787,0.1979009948029158,0.1979009948029158
188,True,-0.710310697555542,-0.9995201281080273,0.28920943055248527,0.28920943055248527
189,True,-0.729401171207428,-0.9994933262088975,0.27009215500146955,0.27009215500146955
190,True,-0.5157756209373474,-0.9996861452352495,0.48391052429790204,0.48391052429790204
191,True,-0.5416077971458435,-0.9996894601192647,0.45808166297342123,0.45808166297342123
192,True,-0.534340500831604,-0.9997033499531284,0.46536284912152437,0.46536284912152437
193,True,-0.4208984673023224,-0.9997121634344842,0.5788136961321618,0.5788136961321618
194,True,-0.3429866135120392,-0.24089841535797948,0.1020881981540597,-0.1020881981540597
195,True,-0.32410213351249695,-0.23181905513651094,0.09228307837598601,-0.09228307837598601
196,True,-0.25301212072372437,-0.22305595419780913,0.029956166525915234,-0.029956166525915234
197,True,-0.29625198245048523,-0.21401833493677103,0.0822336475137142,-0.0822336475137142
198,True,-0.20572498440742493,-0.2055742119601498,0.00015077244727512706,-0.00015077244727512706
199,True,-0.2144375741481781,-0.17289363208706632,0.04154394206111178,-0.04154394206111178
200,True,-0.03574562817811966,-0.12934921686188258,0.09360358868376292,0.09360358868376292
201,True,-0.13736853003501892,-0.09715315744393188,0.04021537259108704,-0.04021537259108704
202,True,-0.3128860592842102,-1.00000090500067,0.6871148457164598,0.6871148457164598
203,True,-0.29758480191230774,-1.0000010101165577,0.70241620820425,0.70241620820425
204,True,-0.4201672375202179,-1.0000009834705246,0.5798337459503067,0.5798337459503067
205,False,0.12491277605295181,-1.0000001022167473,1.124912878269699,1.124912878269699
206,False,0.10233836621046066,-1.0000000391352024,1.102338405345663,1.102338405345663
207,False,0.25344476103782654,-0.9999999763340531,1.2534447373718796,1.2534447373718796
208,False,0.1891009509563446,-1.000000162351253,1.1891011133075977,1.1891011133075977
209,False,0.30709385871887207,-1.0000001999723578,1.3070940586912299,1.3070940586912299
210,False,-0.9115117192268372,-0.9999999241281765,0.08848820490133935,0.08848820490133935
211,False,-1.0315306186676025,-0.9999981598010335,0.03153245886656908,-0.03153245886656908
212,False,-0.7193158268928528,-0.9999981983446228,0.28068237145177,0.28068237145177
213,False,-0.8412942290306091,-0.9999981853024498,0.15870395627184064,0.15870395627184064
214,True,-0.7052227854728699,-0.9988564131986806,0.2936336277258107,0.2936336277258107
215,True,-0.7600408792495728,-0.9994412447600854,0.2394003655105127,0.2394003655105127
216,True,-0.8140208125114441,-0.9997612685730458,0.18574045606160172,0.18574045606160172
217,True,-0.7778769731521606,-0.999768518641505,0.2218915454893443,0.2218915454893443
218,True,-0.7469120621681213,-0.9995308253578261,0.2526187631897048,0.2526187631897048
219,True,-0.7068676948547363,-0.99946867101966,0.29260097616492364,0.29260097616492364
220,True,-0.4554040729999542,-0.9996779629931724,0.5442738899932181,0.5442738899932181
221,True,-0.6041157245635986,-0.9996741570298648,0.3955584324662662,0.3955584324662662
222,True,-0.4562239348888397,-0.9996915806100265,0.5434676457211868,0.5434676457211868
223,True,-0.5104016065597534,-0.999798023739096,0.48939641717934257,0.48939641717934257
224,True,-0.29227155447006226,-0.9997929010389169,0.7075213465688547,0.7075213465688547
225,True,-0.39169055223464966,-0.9997903567974609,0.6080998045628112,0.6080998045628112
226,True,-0.42663443088531494,-0.9997874120746602,0.5731529811893452,0.5731529811893452
227,True,-0.26052457094192505,-0.20470169839843294,0.05582287254349211,-0.05582287254349211
228,True,-0.19897159934043884,-0.19574524672883192,0.0032263526116069197,-0.0032263526116069197
229,True,-0.22894403338432312,-0.18639626752936356,0.04254776585495956,-0.04254776585495956
230,True,-0.170813649892807,-0.15564651682112038,0.015167133071686628,-0.015167133071686628
231,True,-0.06844141334295273,-0.08591110314820388,0.017469689805251154,0.017469689805251154
232,True,-0.11605775356292725,-0.07553569561453341,0.040522057948393836,-0.040522057948393836
233,True,0.022880785167217255,-0.055237062655414754,0.07811784782263201,0.07811784782263201
234,True,0.026494942605495453,-0.045444653746738894,0.07193959635223435,0.07193959635223435
235,False,-0.04020193964242935,-1.0000001415780082,0.9597982019355789,0.9597982019355789
236,False,0.1251051425933838,-0.9999993792365446,1.1251045218299285,1.1251045218299285
237,False,0.22060102224349976,-0.9999995177569936,1.2206005400004933,1.2206005400004933
238,False,0.05331110209226608,-0.9999994344165376,1.0533105365088038,1.0533105365088038
239,False,0.2562504708766937,-1.0000002105375778,1.2562506814142715,1.2562506814142715
240,False,-1.1466426849365234,-0.999998058494215,0.14664462644230847,-0.14664462644230847
241,False,-0.8155030608177185,-0.999998164145629,0.18449510332791053,0.18449510332791053
242,False,-1.0685815811157227,-0.9997698451691897,0.068811735946533,-0.068811735946533
243,True,-0.7692129015922546,-0.9997618020297712,0.23054890043751652,0.23054890043751652
244,True,-0.7552013993263245,-0.9997589369233212,0.24455753759699672,0.24455753759699672
245,True,-0.6959784030914307,-0.9997561493284177,0.30377774623698706,0.30377774623698706
246,True,-0.7315371632575989,-0.9997619868713409,0.268224823613742,0.268224823613742
247,True,-0.8409660458564758,-0.999770680563573,0.15880463470709716,0.15880463470709716
248,True,-0.8103194832801819,-0.9995389822551144,0.1892194989749325,0.1892194989749325
249,True,-0.5663276314735413,-0.9993832436608846,0.43305561218734334,0.43305561218734334
250,True,-0.8273014426231384,-0.9993742459888655,0.17207280336572706,0.17207280336572706
251,True,-0.5873416066169739,-0.9995762902674179,0.412234683650444,0.412234683650444
252,True,-0.7264924049377441,-0.9997186039457734,0.27322619900802925,0.27322619900802925
253,True,-0.5863417983055115,-0.9997990987824898,0.4134573004769784,0.4134573004769784
254,False,-0.6623374819755554,-0.9996192339544065,0.33728175197885113,0.33728175197885113
255,True,-0.490953654050827,-0.9997914045244916,0.5088377504736645,0.5088377504736645
256,True,-0.4146738052368164,-0.9997848406272287,0.5851110353904123,0.5851110353904123
257,False,-0.36768704652786255,-0.3379092749655421,0.029777771562320476,-0.029777771562320476
258,False,-0.17929938435554504,-0.3001425059776466,0.12084312162210153,0.12084312162210153
259,True,-0.13344022631645203,-0.2906707116511621,0.15723048533471007,0.15723048533471007
260,True,-0.16172745823860168,-0.28235857390789476,0.12063111566929308,0.12063111566929308
261,True,-0.10788387805223465,-0.16018984398747965,0.052305965935245,0.052305965935245
262,True,-0.07786297798156738,-0.06472242197239124,0.013140556009176144,-0.013140556009176144
263,True,0.028277479112148285,-0.04483220994065959,0.07310968905280787,0.07310968905280787
264,True,0.04350690543651581,-0.034365016345141934,0.07787192178165775,0.07787192178165775
265,False,-0.11501041799783707,-1.0000001621989725,0.8849897442011354,0.8849897442011354
266,False,-0.018007010221481323,-0.9999992944357562,0.9819922842142749,0.9819922842142749
267,False,0.09484554827213287,-0.9999995796318034,1.0948451279039362,1.0948451279039362
268,False,0.2923923432826996,-1.000000012928915,1.2923923562116146,1.2923923562116146
269,False,0.16093748807907104,-1.0000001674969108,1.1609376555759818,1.1609376555759818
270,False,-1.1631478071212769,-0.9999979317942822,0.16314987532699465,-0.16314987532699465
271,False,-1.1819043159484863,-0.9997794120035476,0.18212490394493874,-0.18212490394493874
272,False,-1.0143624544143677,-0.9997726190503343,0.014589835364033354,-0.014589835364033354
273,False,-1.1101237535476685,-0.9998647334923609,0.11025902005530752,-0.11025902005530752
274,False,-0.7569593787193298,-0.9997595810005931,0.2428002022812633,0.2428002022812633
275,False,-0.7404734492301941,-0.9997527272143312,0.2592792779841371,0.2592792779841371
276,True,-0.9565607905387878,-0.9997496943472176,0.04318890380842977,0.04318890380842977
277,True,-0.8290091156959534,-0.999767308316807,0.17075819262085368,0.17075819262085368
278,True,-0.8733897805213928,-0.9995467460498714,0.12615696552847855,0.12615696552847855
279,True,-0.8604896068572998,-0.9992844047077231,0.13879479785042326,0.13879479785042326
280,True,-0.6091629862785339,-0.9993397916541769,0.3901768053756429,0.3901768053756429
281,True,-0.7399373054504395,-0.9994876373041509,0.25955033185371146,0.25955033185371146
282,True,-0.4459378719329834,-0.9997829214239293,0.5538450494909459,0.5538450494909459
283,True,-0.5830321311950684,-0.9997823461917733,0.41675021499670495,0.41675021499670495
284,False,-0.599797248840332,-0.999614664158221,0.39981741531788895,0.39981741531788895
285,True,-0.5493038296699524,-0.9997748141297236,0.4504709844597712,0.4504709844597712
286,True,-0.469732403755188,-0.9997189637769641,0.5299865600217761,0.5299865600217761
287,False,-0.4415479302406311,-0.38273639963606326,0.05881153060456784,-0.05881153060456784
288,False,-0.3206693232059479,-0.9826840759419717,0.6620147527360238,0.6620147527360238
289,False,-0.3291987478733063,-0.9828551097364029,0.6536563618630966,0.6536563618630966
290,True,-0.11291047185659409,-0.27774663795167054,0.16483616609507645,0.16483616609507645
291,True,-0.11231773346662521,-0.2696716218454681,0.1573538883788429,0.1573538883788429
292,True,-0.03703511506319046,-0.05142924533776527,0.014394130274574812,0.014394130274574812
293,True,0.009731628000736237,-0.03453332572121906,0.0442649537219553,0.0442649537219553
294,True,0.0006783753633499146,-0.02320465733428246,0.023883032697632374,0.023883032697632374
295,False,-0.09715750068426132,-0.9999994018044859,0.9028419011202246,0.9028419011202246
296,False,-0.09245883673429489,-0.9999993675413953,0.9075405308071004,0.9075405308071004
297,False,0.06491134315729141,-0.9999996245978865,1.064910967755178,1.064910967755178
298,False,0.2919289171695709,-0.9999998738558201,1.291928791025391,1.291928791025391
299,False,0.3207513391971588,-0.9999998896771332,1.320751228874292,1.320751228874292
300,False,-1.2407513856887817,-0.9999972687669946,0.24075411692178716,-0.24075411692178716
301,False,-0.8641073703765869,-0.9997817818446079,0.13567441146802095,0.13567441146802095
302,False,-1.0943806171417236,-0.9997795386909015,0.09460107845082211,-0.09460107845082211
303,False,-0.7858465313911438,-0.99994378167616,0.21409725028501625,0.21409725028501625
304,False,-1.1168615818023682,-0.9999454352940119,0.11691614650835624,-0.11691614650835624
305,False,-1.1930451393127441,-0.9999444202255626,0.19310071908718152,-0.19310071908718152
306,True,-1.0160068273544312,-0.9996749194484881,0.016331907905943077,-0.016331907905943077
307,True,-0.7190445065498352,-0.9995728419370704,0.2805283353872352,0.2805283353872352
308,True,-0.7426890730857849,-0.9995628046319596,0.25687373154617466,0.25687373154617466
309,True,-0.8995813131332397,-0.9992312772859613,0.09964996415272154,0.09964996415272154
310,True,-0.8789497017860413,-0.998117751307553,0.11916804952151172,0.11916804952151172
311,True,-0.6989006996154785,-0.9980740141496279,0.2991733145341494,0.2991733145341494
312,True,-0.8704609870910645,-0.9979509605115405,0.12748997342047608,0.12748997342047608
313,True,-0.6145780086517334,-0.9995003995571754,0.384922390905442,0.384922390905442
314,True,-0.3757282793521881,-0.9994615718524261,0.623733292500238,0.623733292500238
315,True,-0.5557803511619568,-0.9994503617130683,0.44367001055111155,0.44367001055111155
316,True,-0.5264794826507568,-0.998612718663987,0.4721332360132302,0.4721332360132302
317,False,-0.27347055077552795,-0.9665217201750472,0.6930511693995193,0.6930511693995193
318,False,-0.27847525477409363,-0.9819866583260294,0.7035114035519358,0.7035114035519358
319,False,-0.32960858941078186,-0.9826658754289749,0.653057286018193,0.653057286018193
320,True,-0.1491747498512268,-0.8205459664186805,0.6713712165674537,0.6713712165674537
321,True,-0.20587420463562012,-0.8185012312042956,0.6126270265686755,0.6126270265686755
322,True,-0.17433977127075195,-0.04734940567463855,0.1269903655961134,-0.1269903655961134
323,True,-0.01714300364255905,-0.024603314125959837,0.007460310483400786,0.007460310483400786
324,True,-0.04322986304759979,-0.011887147095194636,0.031342715952405155,-0.031342715952405155
325,False,-0.03546846657991409,-0.9999998838780374,0.9645314172981233,0.9645314172981233
326,False,0.043977245688438416,-0.9999998185195453,1.0439770642079838,1.0439770642079838
327,False,0.09571617096662521,-0.999999845774042,1.0957160167406672,1.0957160167406672
328,False,0.0874706283211708,-0.999999887969298,1.0874705162904688,1.0874705162904688
329,False,0.2659751772880554,-0.9999999503034934,1.265975127591549,1.265975127591549
330,False,-1.2466347217559814,-0.9999794351548298,0.24665528660115166,-0.24665528660115166
331,False,-1.4332058429718018,-0.9999787020111782,0.43322714096062354,-0.43322714096062354
332,False,-0.8774036765098572,-0.99994314177785,0.12253946526799286,0.12253946526799286
333,False,-0.8766526579856873,-0.9999471582198676,0.12329450023418032,0.12329450023418032
334,False,-0.8537821173667908,-0.9999467642719628,0.14616464690517206,0.14616464690517206
335,False,-1.1348212957382202,-0.9998996888575896,0.1349216068806306,-0.1349216068806306
336,False,-0.7583778500556946,-0.9982710179468495,0.2398931678911549,0.2398931678911549
337,False,-0.7505770921707153,-0.9982132409007975,0.24763614873008222,0.24763614873008222
338,False,-0.7140559554100037,-0.99818983714724,0.2841338817372363,0.2841338817372363
339,True,-0.6294940114021301,-0.9981680436203978,0.36867403221826767,0.36867403221826767
340,True,-0.5924638509750366,-0.99811833587027,0.40565448489523337,0.40565448489523337
341,True,-0.8250027894973755,-0.9980961906547415,0.17309340115736604,0.17309340115736604
342,True,-0.8300209641456604,-0.9976328859339147,0.16761192178825435,0.16761192178825435
343,True,-0.649257481098175,-0.9995058023075746,0.3502483212093995,0.3502483212093995
344,True,-0.7063613533973694,-0.9904088708609817,0.28404751746361234,0.28404751746361234
345,True,-0.4452836215496063,-0.9989792996375847,0.5536956780879784,0.5536956780879784
346,True,-0.4784790873527527,-0.9774834752475056,0.4990043878947529,0.4990043878947529
347,True,-0.49829941987991333,-0.9770405979947632,0.47874117811484984,0.47874117811484984
348,True,-0.5056234002113342,-0.9767135698042809,0.4710901695929467,0.4710901695929467
349,True,-0.27389001846313477,-0.9773477878818031,0.7034577694186683,0.7034577694186683
350,True,-0.39701709151268005,-0.9772147331481007,0.5801976416354206,0.5801976416354206
351,True,-0.2794787287712097,-0.8320090054631716,0.5525302766919619,0.5525302766919619
352,True,-0.1495313048362732,-0.050186965287969176,0.09934433954830402,-0.09934433954830402
353,True,-0.26611876487731934,-0.03977639888901412,0.2263423659883052,-0.2263423659883052
354,True,-0.009142957627773285,-0.00038036124451059717,0.008762596383262688,-0.008762596383262688
355,True,0.024734236299991608,0.01578273650205404,0.008951499797937568,0.008951499797937568
356,True,0.07914131134748459,0.0319004761665057,0.047240835180978887,0.047240835180978887
357,True,0.12319224327802658,-0.23272409076946102,0.35591633404748757,0.35591633404748757
358,True,0.21690839529037476,-0.8046283574895476,1.0215367527799224,1.0215367527799224
360,False,-1.403501272201538,-0.9999783796626871,0.403522892538851,-0.403522892538851
361,False,-1.2874873876571655,-0.9999473509845616,0.28754003667260397,-0.28754003667260397
362,False,-1.0704597234725952,-0.9999479904476972,0.070511733024898,-0.070511733024898
363,False,-1.3508095741271973,-0.9999404800579755,0.35086909406922173,-0.35086909406922173
364,False,-1.3979398012161255,-0.9999406991809122,0.39799910203521327,-0.39799910203521327
365,False,-1.1232693195343018,-0.9986244916783853,0.12464482785591646,-0.12464482785591646
366,False,-0.8025979399681091,-0.9982693961382116,0.1956714561701025,0.1956714561701025
367,False,-0.7633963227272034,-0.9982209401624218,0.23482461743521843,0.23482461743521843
368,False,-1.0945841073989868,-0.9981963015654413,0.09638780583354556,-0.09638780583354556
369,False,-0.7011575102806091,-0.9981700759844339,0.2970125657038247,0.2970125657038247
370,True,-0.6805725693702698,-0.99814670424257,0.31757413487230024,0.31757413487230024
371,True,-0.6899515390396118,-0.9981233056707859,0.30817176663117407,0.30817176663117407
372,True,-0.5551037192344666,-0.988593843950208,0.43349012471574144,0.43349012471574144
373,True,-0.9597476124763489,-0.9882224551612043,0.02847484268485545,0.02847484268485545
374,True,-0.43922844529151917,-0.9768913229295167,0.5376628776379976,0.5376628776379976
375,True,-0.6940832734107971,-0.9762712633368722,0.2821879899260751,0.2821879899260751
376,True,-0.5659620761871338,-0.9759179500880126,0.40995587390087884,0.40995587390087884
377,True,-0.3895012140274048,-0.9772357792823096,0.5877345652549049,0.5877345652549049
378,True,-0.2430793046951294,-0.9763822061111895,0.7333029014160601,0.7333029014160601
379,True,-0.36845478415489197,-0.9761138023771272,0.6076590182222352,0.6076590182222352
380,True,-0.16275489330291748,-0.9769346616193869,0.8141797683164694,0.8141797683164694
381,True,-0.26807308197021484,-0.9767005280854095,0.7086274461151947,0.7086274461151947
382,True,-0.32989564538002014,-0.9816444519570816,0.6517488065770615,0.6517488065770615
383,True,-0.18040400743484497,-0.0282124165532359,0.15219159088160908,-0.15219159088160908
384,True,-0.11241275817155838,-0.013195776107042125,0.09921698206451626,-0.09921698206451626
385,True,-0.12401047348976135,0.0013513842617228495,0.1253618577514842,-0.1253618577514842
386,True,0.12405537813901901,0.04418655049825028,0.07986882764076873,0.07986882764076873
387,True,0.12485264986753464,0.04431424441115606,0.08053840545637858,0.08053840545637858
388,True,0.18711286783218384,0.0634226348640124,0.12369023296817144,0.12369023296817144
389,True,0.235588937997818,0.09965529718702962,0.13593364081078838,0.13593364081078838
390,False,-1.4064838886260986,-0.9999365450426412,0.40654734358345745,-0.40654734358345745
391,False,-1.3551056385040283,-0.9999352340382173,0.35517040446581105,-0.35517040446581105
392,False,-1.439766526222229,-0.9999335797139066,0.4398329465083224,-0.4398329465083224
393,False,-0.9873228073120117,-0.9999390301127159,0.01261622280070418,0.01261622280070418
394,False,-1.3318254947662354,-0.999923772715144,0.33190172205109136,-0.33190172205109136
395,False,-1.2009031772613525,-0.9992657253952804,0.20163745186607218,-0.20163745186607218
396,False,-1.4008820056915283,-0.9992733109848989,0.4016086947066294,-0.4016086947066294
397,False,-1.253577709197998,-0.9982801385415246,0.2552975706564734,-0.2552975706564734
398,False,-1.123095989227295,-0.9982192016691288,0.12487678755816611,-0.12487678755816611
399,False,-0.7582518458366394,-0.9994835373969034,0.24123169156026403,0.24123169156026403
400,False,-0.7074049115180969,-0.9994779558552792,0.2920730443371823,0.2920730443371823
401,False,-1.0262302160263062,-0.9994710607777164,0.02675915524858974,-0.02675915524858974
402,False,-1.0923689603805542,-0.9994636700057581,0.09290529037479611,-0.09290529037479611
403,True,-0.8111090064048767,-0.9864029530319505,0.17529394662707376,0.17529394662707376
404,True,-0.5289499163627625,-0.9778587868170233,0.44890887045426087,0.44890887045426087
405,True,-0.5225113034248352,-0.9765810875368707,0.45406978411203547,0.45406978411203547
406,True,-0.5917535424232483,-0.9722022281389215,0.38044868571567325,0.38044868571567325
407,True,-0.33908578753471375,-0.9736118652468974,0.6345260777121836,0.6345260777121836
408,True,-0.2805066704750061,-0.973485666680588,0.6929789962055819,0.6929789962055819
409,True,-0.1992655098438263,-0.9731430973194167,0.7738775874755904,0.7738775874755904
410,True,-0.34852537512779236,-0.9727512636016425,0.6242258884738502,0.6242258884738502
411,True,-0.20229482650756836,-0.9767398344677564,0.774445007960188,0.774445007960188
412,True,-0.35595476627349854,-0.9818429659265034,0.6258881996530049,0.6258881996530049
413,True,-0.19269457459449768,-0.03563520917046067,0.157059365424037,-0.157059365424037
414,True,-0.12289261072874069,-0.025136681328013347,0.09775592940072735,-0.09775592940072735
415,True,-0.12942475080490112,-0.011427278433522935,0.11799747237137818,-0.11799747237137818
416,True,0.09762539714574814,0.1000083502903431,0.002382953144594968,-0.002382953144594968
417,True,0.14184793829917908,0.12792235020747736,0.013925588091701718,0.013925588091701718
418,True,0.2518819272518158,0.16719171030059055,0.08469021695122525,0.08469021695122525
419,True,0.2117355763912201,0.1424785067481656,0.0692570696430545,0.0692570696430545
420,False,-1.4813517332077026,-0.9999323979596724,0.48141933524803027,-0.48141933524803027
421,False,-1.1081852912902832,-0.9999350256353122,0.10825026565497098,-0.10825026565497098
422,False,-1.4994150400161743,-0.9998982157142252,0.4995168243019491,-0.4995168243019491
423,False,-1.669084072113037,-0.9988453112504833,0.6702387608625539,-0.6702387608625539
424,False,-0.9589828848838806,-0.9993037478864756,0.040320863002594964,0.040320863002594964
425,False,-0.9753561615943909,-0.9992784729281078,0.023922311333716917,0.023922311333716917
426,False,-1.3345699310302734,-0.9992585893659055,0.33531134166436793,-0.33531134166436793
427,False,-1.2890758514404297,-0.9983004326696038,0.2907754187708259,-0.2907754187708259
428,False,-1.2415307760238647,-0.998284089303458,0.24324668672040672,-0.24324668672040672
429,False,-1.2250380516052246,-0.9999787218340714,0.22505932977115317,-0.22505932977115317
430,False,-1.2835372686386108,-0.9999792866141926,0.2835579820244183,-0.2835579820244183
431,False,-0.8615373969078064,-0.9994768213459501,0.13793942443814367,0.13793942443814367
432,False,-0.6399106979370117,-0.9993355902829277,0.359424892345916,0.359424892345916
433,True,-0.8991703391075134,-0.9993248155151249,0.10015447640761144,0.10015447640761144
434,True,-0.9179044365882874,-0.9996548986891332,0.0817504621008458,0.0817504621008458
435,True,-0.9951547384262085,-0.9996606724716167,0.004505934045408222,0.004505934045408222
436,True,-0.41286006569862366,-0.9666365343874468,0.5537764686888231,0.5537764686888231
437,True,-0.731465220451355,-0.9661194046186508,0.23465418416729578,0.23465418416729578
438,False,-0.5102361440658569,-0.9448522853143033,0.4346161412484464,0.4346161412484464
439,False,-0.24687981605529785,-0.9448538913472897,0.6979740752919918,0.6979740752919918
440,True,-0.16508999466896057,-0.944134251161362,0.7790442564924014,0.7790442564924014
441,True,-0.28318795561790466,-0.9426788479944521,0.6594908923765475,0.6594908923765475
442,True,-0.17986583709716797,-0.9354879243665575,0.7556220872693895,0.7556220872693895
444,False,-0.19853752851486206,-0.15379883841481115,0.04473869010005091,-0.04473869010005091
445,True,-0.15754297375679016,-0.010856745190245584,0.14668622856654456,-0.14668622856654456
446,True,-0.01781093329191208,0.06707341350669425,0.08488434679860633,-0.08488434679860633
447,True,0.11146726459264755,0.14261848972674496,0.031151225134097404,-0.031151225134097404
448,True,0.25336387753486633,0.1905600022818855,0.06280387525298084,0.06280387525298084
449,True,0.3454929292201996,0.2050184798131367,0.14047444940706288,0.14047444940706288
450,False,-1.1604866981506348,-0.9999122694504649,0.1605744287001699,-0.1605744287001699
451,False,-1.7497978210449219,-0.9999106610046794,0.7498871600402425,-0.7498871600402425
452,False,-1.4905322790145874,-0.9985701753869279,0.49196210362765946,-0.49196210362765946
453,False,-1.0208829641342163,-0.9985118537634197,0.022371110370796643,-0.022371110370796643
454,False,-1.050661325454712,-0.9984806483955724,0.052180677059139535,-0.052180677059139535
455,False,-1.4703710079193115,-0.9984566758238549,0.47191433209545663,-0.47191433209545663
456,False,-1.3184802532196045,-0.998435347197842,0.3200449060217625,-0.3200449060217625
457,False,-1.341052770614624,-0.9983634655448563,0.3426893050697677,-0.3426893050697677
458,False,-0.8404861092567444,-0.9999317055080423,0.15944559625129795,0.15944559625129795
459,False,-1.2450004816055298,-0.99997744604188,0.2450230355636498,-0.2450230355636498
460,False,-0.7949166893959045,-0.9999905028582812,0.20507381346237663,0.20507381346237663
461,False,-1.3322513103485107,-0.999990677796106,0.3322606325524048,-0.3322606325524048
462,False,-1.1390764713287354,-0.9998070094950785,0.13926946183365685,-0.13926946183365685
463,True,-0.6191832423210144,-0.999662424845204,0.38047918252418955,0.38047918252418955
464,True,-0.9816360473632812,-0.9996589770213063,0.0180229296580251,0.0180229296580251
465,True,-0.9632462859153748,-0.9996644320543251,0.036418146138950336,0.036418146138950336
466,False,-0.7384126782417297,-0.9245118442958133,0.1860991660540836,0.1860991660540836
467,True,-0.4553488492965698,-0.965017061542767,0.5096682122461972,0.5096682122461972
468,False,-0.5600382685661316,-0.9439694150431603,0.38393114647702875,0.38393114647702875
469,False,-0.48998087644577026,-0.9274843111850689,0.43750343473929865,0.43750343473929865
470,False,-0.4334201514720917,-0.9805867726209764,0.5471666211488847,0.5471666211488847
471,False,-0.4530363976955414,-0.9868471757465788,0.5338107780510374,0.5338107780510374
472,True,-0.05070621520280838,-0.4936305580673268,0.4429243428645184,0.4429243428645184
473,True,-0.12144733220338821,-0.47556271928482524,0.354115387081437,0.354115387081437
474,True,-0.12762954831123352,-0.037390338106756585,0.09023921020447694,-0.09023921020447694
475,True,-0.1702485978603363,-0.023256492891621457,0.14699210496871484,-0.14699210496871484
476,True,0.11680448800325394,0.17616718102136597,0.059362693018112034,-0.059362693018112034
477,True,0.19021344184875488,0.17539255503860665,0.014820886810148232,0.014820886810148232
478,True,0.33450010418891907,0.18975382784438907,0.14474627634453,0.14474627634453
479,True,0.3292406499385834,0.21991257927741756,0.10932807066116582,0.10932807066116582
480,False,-1.805964469909668,-0.9994461100293,0.806518359880368,-0.806518359880368
481,False,-1.2325019836425781,-0.9998238751573741,0.23267810848520398,-0.23267810848520398
482,False,-1.56949782371521,-0.9985480129234503,0.5709498107917597,-0.5709498107917597
483,False,-1.6404756307601929,-0.9985230091474231,0.6419526216127698,-0.6419526216127698
484,False,-1.5978121757507324,-0.9984996976406486,0.5993124781100838,-0.5993124781100838
485,False,-1.5111584663391113,-0.998475382900909,0.5126830834382023,-0.5126830834382023
486,False,-1.5002498626708984,-0.998453257420007,0.5017966052508914,-0.5017966052508914
487,False,-0.9384967684745789,-0.9999546375751769,0.06145786910059803,0.06145786910059803
489,False,-1.3272783756256104,-0.9999771414352284,0.32730123419038193,-0.32730123419038193
490,False,-1.3664911985397339,-0.9999948145795,0.3664963839602339,-0.3664963839602339
491,False,-0.8997431397438049,-0.9999910041656755,0.10024786442187061,0.10024786442187061
493,False,-1.1000174283981323,-0.9990484114192848,0.10096901697884753,-0.10096901697884753
494,True,-0.6187246441841125,-0.9996251983635916,0.3809005541794791,0.3809005541794791
495,True,-0.6863240599632263,-0.9996667834675729,0.31334272350434655,0.31334272350434655
496,False,-0.6916739344596863,-0.9005194703553472,0.2088455358956609,0.2088455358956609
497,False,-0.6535362005233765,-0.9041823453744755,0.25064614485109904,0.25064614485109904
498,False,-0.6153144836425781,-0.9055068403537138,0.29019235671113564,0.29019235671113564
499,False,-0.4763295650482178,-0.9266916256090482,0.4503620605608304,0.4503620605608304
500,False,-0.4731808006763458,-0.9780534975640304,0.5048726968876845,0.5048726968876845
501,False,-0.2815219461917877,-0.992692134254527,0.7111701880627392,0.7111701880627392
502,False,-0.335252970457077,-0.9927719775840872,0.6575190071270102,0.6575190071270102
503,True,0.0276968851685524,-0.4651608705662048,0.4928577557347572,0.4928577557347572
504,True,0.031232185661792755,-0.4588353019709916,0.49006748763278435,0.49006748763278435
505,True,-0.016523204743862152,-0.45840898892896986,0.4418857841851077,0.4418857841851077
506,True,0.19853150844573975,0.19253026170372534,0.00600124674201441,0.00600124674201441
507,True,0.21513739228248596,0.20655325882417389,0.008584133458312077,0.008584133458312077
508,True,0.2275102734565735,0.22298772067285777,0.0045225527837157165,0.0045225527837157165
509,True,0.3429658114910126,0.2347132625745875,0.10825254891642508,0.10825254891642508
510,False,-1.7232154607772827,-0.9988821625565176,0.7243332982207651,-0.7243332982207651
511,False,-1.300398588180542,-0.9986460211400601,0.3017525670404819,-0.3017525670404819
512,False,-1.2675323486328125,-0.9985711793376623,0.26896116929515024,-0.26896116929515024
513,False,-1.1786975860595703,-0.9985653456379934,0.18013224042157694,-0.18013224042157694
514,False,-1.5643033981323242,-0.9985509741607934,0.5657524239715308,-0.5657524239715308
515,False,-1.5239267349243164,-0.9985237186680199,0.5254030162562965,-0.5254030162562965
516,False,-1.5525429248809814,-0.9984876877052081,0.5540552371757733,-0.5540552371757733
517,False,-1.05423903465271,-0.9998052328748281,0.05443380177788182,-0.05443380177788182
518,False,-1.4607360363006592,-0.9998030805128829,0.46093295578777627,-0.46093295578777627
519,False,-1.4068012237548828,-0.9999282763319686,0.40687294742291424,-0.40687294742291424
520,False,-0.9180025458335876,-0.9999999867713875,0.08199744093779981,0.08199744093779981
521,False,-0.9144986271858215,-1.0000001032506993,0.08550147606487779,0.08550147606487779
522,False,-0.9006198048591614,-1.0000000358987469,0.09938023103958549,0.09938023103958549
523,False,-0.7001985311508179,-0.9985111712367807,0.2983126400859628,0.2983126400859628
524,False,-0.6878471374511719,-0.9984796288646933,0.31063249141352145,0.31063249141352145
525,False,-1.038257122039795,-0.998445445843306,0.039811676196488954,-0.039811676196488954
526,False,-0.46503183245658875,-0.8860046821473161,0.42097284969072735,0.42097284969072735
527,False,-0.7073622941970825,-0.8843451057715532,0.1769828115744707,0.1769828115744707
528,False,-0.31129172444343567,-0.8881131735154648,0.5768214490720291,0.5768214490720291
529,False,-0.5217908024787903,-0.8867494438929866,0.3649586414141963,0.3649586414141963
530,False,-0.23604688048362732,-0.9120801988149669,0.6760333183313396,0.6760333183313396
531,False,-0.3352442681789398,-0.9092808598258952,0.5740365916469554,0.5740365916469554
532,False,-0.3776555061340332,-0.9110168233457024,0.5333613172116692,0.5333613172116692
533,False,0.00315701961517334,0.05513884936101157,0.05198182974583823,-0.05198182974583823
534,True,0.14948171377182007,-0.4070676774139067,0.5565493911857268,0.5565493911857268
535,True,0.10952141135931015,-0.4513499434898886,0.5608713548491988,0.5608713548491988
536,True,0.25610971450805664,0.24308318577453478,0.013026528733521864,0.013026528733521864
537,True,0.3498855233192444,0.22349196259021914,0.12639356072902524,0.12639356072902524
538,True,0.21953919529914856,0.2364150112440227,0.01687581594487414,-0.01687581594487414
539,True,0.3637763559818268,0.24921773701825697,0.11455861896356981,0.11455861896356981
540,False,-1.7980070114135742,-0.9998785079737122,0.798128503439862,-0.798128503439862
541,False,-1.866105556488037,-0.999915265267101,0.8661902912209362,-0.8661902912209362
542,False,-1.821983814239502,-0.9999060267162552,0.8220777875232468,-0.8220777875232468
543,False,-1.41239595413208,-0.9999071535891592,0.4124888005429209,-0.4124888005429209
544,False,-1.7437279224395752,-0.99856705882021,0.7451608636193652,-0.7451608636193652
545,False,-1.7051008939743042,-0.9985571861055436,0.7065437078687606,-0.7065437078687606
546,False,-1.1364734172821045,-0.9991180284293341,0.13735538885277043,-0.13735538885277043
547,False,-1.775597095489502,-0.999128123943125,0.776468971546377,-0.776468971546377
548,False,-1.4311904907226562,-0.998509241234367,0.43268124948828923,-0.43268124948828923
549,False,-0.9519107937812805,-0.9982791403219362,0.04636834654065569,0.04636834654065569
550,False,-0.9736446738243103,-0.9981399425659307,0.024495268741620446,0.024495268741620446
551,False,-0.9193137288093567,-0.9980571023636947,0.07874337355433803,0.07874337355433803
552,False,-0.8622429370880127,-0.9979938595048543,0.1357509224168416,0.1357509224168416
553,False,-1.172042727470398,-0.9979355343819203,0.17410719308847766,-0.17410719308847766
554,False,-1.0868269205093384,-0.9979951500318609,0.08883177047747748,-0.08883177047747748
555,False,-1.0565398931503296,-0.9979746695456428,0.058565223604686745,-0.058565223604686745
556,False,-0.8489882349967957,-0.9644380153051348,0.11544978030833919,0.11544978030833919
557,False,-0.4159180819988251,-0.8756748243401106,0.4597567423412855,0.4597567423412855
558,False,-0.5804060101509094,-0.8578866165066288,0.27748060635571936,0.27748060635571936
559,False,-0.5098688006401062,-0.8566139214369519,0.3467451207968457,0.3467451207968457
560,False,-0.258230984210968,-0.8710634477934356,0.6128324635824676,0.6128324635824676
561,False,-0.39494383335113525,-0.8835256487191174,0.4885818153679822,0.4885818153679822
562,False,-0.19898933172225952,-0.9105196883149035,0.711530356592644,0.711530356592644
563,False,0.16014349460601807,0.21655224763532038,0.056408753029302316,-0.056408753029302316
564,False,0.09748318791389465,0.23460066203883218,0.13711747412493752,-0.13711747412493752
565,True,0.2799738943576813,0.3025592752746671,0.02258538091698581,-0.02258538091698581
566,True,0.433647096157074,0.268376926231427,0.16527016992564697,0.16527016992564697
567,True,0.24479782581329346,0.2530653343800192,0.008267508566725756,-0.008267508566725756
568,True,0.24514904618263245,0.2507329035451092,0.005583857362476741,-0.005583857362476741
569,True,0.436147540807724,0.2642205393716291,0.1719270014360949,0.1719270014360949
570,False,-1.550136685371399,-0.999879845542175,0.5502568398292239,-0.5502568398292239
572,False,-1.323826789855957,-0.9998835450469065,0.32394324480905057,-0.32394324480905057
573,False,-2.0106394290924072,-0.999841265219318,1.0107981638730892,-1.0107981638730892
574,False,-1.8215160369873047,-0.9985830003013607,0.822933036685944,-0.822933036685944
575,False,-1.6853668689727783,-0.9992124874371475,0.6861543815356308,-0.6861543815356308
576,False,-1.3890721797943115,-0.9992227684505106,0.3898494113438009,-0.3898494113438009
577,False,-1.7001917362213135,-0.9991377440637539,0.7010539921575596,-0.7010539921575596
578,False,-1.0902631282806396,-0.9990585010942549,0.09120462718638478,-0.09120462718638478
579,False,-1.1085666418075562,-0.9990663529007562,0.10950028890679997,-0.10950028890679997
580,False,-1.4939908981323242,-0.9990554763316418,0.4949354218006824,-0.4949354218006824
581,False,-1.4264552593231201,-0.998961484162315,0.4274937751608051,-0.4274937751608051
582,False,-1.4610357284545898,-0.9988488568237328,0.46218687163085703,-0.46218687163085703
583,False,-1.2040289640426636,-0.9970613998915068,0.2069675641511568,-0.2069675641511568
584,False,-0.8591506481170654,-0.9979885676768798,0.1388379195598144,0.1388379195598144
585,False,-0.6659541130065918,-0.99305004267161,0.3270959296650182,0.3270959296650182
586,False,-0.9526320099830627,-0.992828993708107,0.04019698372504421,0.04019698372504421
587,False,-0.9793773889541626,-0.9930057757900171,0.013628386835854545,0.013628386835854545
588,False,-0.6150669455528259,-0.846111867575781,0.23104492202295512,0.23104492202295512
589,False,-0.47955960035324097,-0.8416996932887646,0.3621400929355236,0.3621400929355236
590,False,-0.40446990728378296,-0.4309631010248992,0.02649319374111625,0.02649319374111625
591,False,-0.18038144707679749,-0.8631128187383652,0.6827313716615677,0.6827313716615677
592,False,-0.14576873183250427,-0.1768348272652708,0.031066095432766533,0.031066095432766533
593,False,-0.04034484177827835,0.001141570941992404,0.04148641272027075,-0.04148641272027075
594,False,0.27616727352142334,0.26015611489418966,0.01601115862723368,0.01601115862723368
595,True,0.3097093105316162,0.33599753732289145,0.026288226791275238,-0.026288226791275238
596,True,0.4448128640651703,0.3011963852285011,0.14361647883666917,0.14361647883666917
597,True,0.4342613220214844,0.2727453102364535,0.1615160117850309,0.1615160117850309
598,True,0.33413082361221313,0.2656168364654844,0.06851398714672874,0.06851398714672874
599,True,0.4152681529521942,0.28021659311046454,0.13505155984172967,0.13505155984172967
600,False,-2.120863437652588,-1.0000000971926237,1.1208633404599642,-1.1208633404599642
601,False,-1.4890599250793457,-1.000000049386188,0.4890598756931577,-0.4890598756931577
602,False,-2.1589505672454834,-0.9999403366211781,1.1590102306243053,-1.1590102306243053
603,False,-1.3843704462051392,-0.9986610582973054,0.3857093879078337,-0.3857093879078337
604,False,-1.864912509918213,-0.9986012657458678,0.8663112441723451,-0.8663112441723451
605,False,-1.4641904830932617,-0.9992208724359835,0.46496961065727827,-0.46496961065727827
606,False,-1.8928887844085693,-0.9991801144196559,0.8937086699889134,-0.8937086699889134
607,False,-1.3042975664138794,-0.9991483687156303,0.3051491976982491,-0.3051491976982491
608,False,-1.2382110357284546,-0.9999653712703259,0.23824566445812867,-0.23824566445812867
609,False,-1.1914029121398926,-0.9999649788132849,0.19143793332660763,-0.19143793332660763
610,False,-1.0646464824676514,-0.9999640618140178,0.06468242065363361,-0.06468242065363361
612,False,-1.3345006704330444,-0.9950274851255123,0.3394731853075321,-0.3394731853075321
613,False,-0.8829893469810486,-0.9946983153995953,0.11170896841854672,0.11170896841854672
614,False,-1.2377934455871582,-0.9944072509735989,0.24338619461355926,-0.24338619461355926
615,False,-0.8182300925254822,-0.9942684764837753,0.17603838395829308,0.17603838395829308
616,False,-0.6904523968696594,-0.9939936980069422,0.3035413011372827,0.3035413011372827
617,False,-1.1052064895629883,-0.9938645430192357,0.11134194654375262,-0.11134194654375262
618,False,-0.6056222319602966,-0.40220611394992467,0.20341611801037196,-0.20341611801037196
619,False,-0.2656783163547516,-0.3256931715720845,0.06001485521733291,0.06001485521733291
620,False,-0.1562148928642273,-0.28619695140133344,0.12998205853710615,0.12998205853710615
621,False,-0.1499919593334198,-0.2663062329999323,0.11631427366651248,0.11631427366651248
622,False,-0.07795502990484238,-0.22975010332342946,0.15179507341858708,0.15179507341858708
623,False,0.021045483648777008,0.13987712129157365,0.11883163764279664,-0.11883163764279664
624,False,0.39074382185935974,0.3756581461443451,0.015085675715014624,0.015085675715014624
625,True,0.6549842953681946,0.36077578921907644,0.29420850614911814,0.29420850614911814
626,True,0.16626688838005066,0.16234920695079608,0.0039176814292545825,0.0039176814292545825
627,True,0.24846625328063965,0.2550014577007661,0.00653520442012645,-0.00653520442012645
628,True,0.36541253328323364,0.2728198202423597,0.09259271304087396,0.09259271304087396
629,True,0.4327080547809601,0.2974527198570219,0.1352553349239382,0.1352553349239382
630,False,-2.1157872676849365,-1.0000001261939055,1.115787141491031,-1.115787141491031
631,False,-2.1493656635284424,-0.9999189383677907,1.1494467251606517,-1.1494467251606517
632,False,-1.924978494644165,-0.9999175572385506,0.9250609374056145,-0.9250609374056145
633,False,-1.6129918098449707,-0.9999187150360794,0.6130730948088913,-0.6130730948088913
634,False,-1.9735188484191895,-0.9986496668717804,0.9748691815474091,-0.9748691815474091
635,False,-2.011435031890869,-0.9995204840691896,1.0119145478216796,-1.0119145478216796
636,False,-1.4051249027252197,-0.99920143042403,0.40592347230118975,-0.40592347230118975
637,False,-1.3764532804489136,-0.9999995531939934,0.3764537272549202,-0.3764537272549202
638,False,-1.832291841506958,-0.9999996222508658,0.8322922192560922,-0.8322922192560922
639,False,-1.9352372884750366,-0.9999995864532158,0.9352377020218208,-0.9352377020218208
640,False,-1.7971599102020264,-0.9999990027722803,0.7971609074297461,-0.7971609074297461
641,False,-1.8311394453048706,-0.9999990081032886,0.831140437201582,-0.831140437201582
642,False,-1.3897004127502441,-0.9952741502493342,0.39442626250090995,-0.39442626250090995
643,False,-1.0456821918487549,-0.9951747374542111,0.05050745439454374,-0.05050745439454374
644,False,-0.9139743447303772,-0.9949618846174972,0.08098753988712004,0.08098753988712004
645,False,-0.9533741474151611,-0.9947997418359277,0.04142559442076654,0.04142559442076654
646,False,-0.8896270990371704,-0.9944899199025867,0.10486282086541632,0.10486282086541632
647,False,-0.8514184355735779,-0.993947561164041,0.14252912559046316,0.14252912559046316
648,False,-0.7552275061607361,-0.40895409370253977,0.3462734124581963,-0.3462734124581963
649,False,-0.6250630617141724,-0.9281224013495981,0.30305933963542575,0.30305933963542575
650,False,-0.27944913506507874,-0.8368431361093588,0.55739400104428,0.55739400104428
651,False,-0.16047337651252747,-0.5910609106658187,0.4305875341532912,0.4305875341532912
652,False,0.05753857642412186,0.02675941209604474,0.030779164328077115,0.030779164328077115
653,False,0.07932061702013016,0.11653270364198673,0.03721208662185657,-0.03721208662185657
654,True,0.1398715078830719,0.4069553408565288,0.2670838329734569,-0.2670838329734569
655,True,0.3711138069629669,0.4115778144554178,0.04046400749245088,-0.04046400749245088
656,True,0.2304362952709198,0.09053197793320503,0.13990431733771477,0.13990431733771477
657,True,0.24777206778526306,0.10065946808032436,0.1471125997049387,0.1471125997049387
658,True,0.28537872433662415,0.1673471812700191,0.11803154306660504,0.11803154306660504
659,True,0.522731602191925,0.3187075904147622,0.20402401177716284,0.20402401177716284
660,False,-2.200857639312744,-0.9999999907050562,1.200857648607688,-1.200857648607688
661,False,-1.7062393426895142,-0.9999197404198101,0.706319602269704,-0.706319602269704
662,False,-1.552839756011963,-0.9999012147778883,0.5529385412340746,-0.5529385412340746
663,False,-2.100102424621582,-0.9998992239098321,1.10020320071175,-1.10020320071175
664,False,-1.4606080055236816,-0.9998920715397153,0.4607159339839664,-0.4607159339839664
665,False,-1.8997308015823364,-0.9999801445761025,0.8997506570062339,-0.8997506570062339
666,False,-1.9881565570831299,-0.9999983448245524,0.9881582122585775,-0.9881582122585775
667,False,-1.950683355331421,-0.9999996269251356,0.9506837284062853,-0.9506837284062853
668,False,-1.408931851387024,-0.9999996355766828,0.4089322158103411,-0.4089322158103411
669,False,-1.3095234632492065,-0.9999990603403258,0.3095244029088807,-0.3095244029088807
670,False,-1.3402843475341797,-0.9999989953471152,0.34028535218706446,-0.34028535218706446
671,False,-1.7768363952636719,-0.9999990344849385,0.7768373607787333,-0.7768373607787333
672,False,-1.5427842140197754,-0.9953285351892454,0.54745567883053,-0.54745567883053
673,False,-1.4734890460968018,-0.6420985015320531,0.8313905445647487,-0.8313905445647487
674,False,-1.3209518194198608,-0.6181466094119211,0.7028052100079397,-0.7028052100079397
675,False,-0.9396029710769653,-0.6085758628441864,0.3310271082327789,-0.3310271082327789
676,False,-1.1248070001602173,-0.5754800393442798,0.5493269608159375,-0.5493269608159375
677,False,-0.779863178730011,-0.5353609131856012,0.2445022655444098,-0.2445022655444098
678,False,-0.6521346569061279,-0.4190804802999651,0.23305417660616284,-0.23305417660616284
679,False,-0.4583861231803894,-0.9610029544824973,0.5026168313021079,0.5026168313021079
680,False,-0.7273591756820679,-0.9614849782553354,0.23412580257326754,0.23412580257326754
681,False,-0.3452039062976837,-0.7213436883858892,0.37613978208820553,0.37613978208820553
682,False,-0.02860967069864273,0.05054525301406388,0.0791549237127066,-0.0791549237127066
683,True,0.07951641827821732,0.138534109663883,0.05901769138566568,-0.05901769138566568
684,True,0.2795379161834717,0.42395007190259154,0.14441215571911986,-0.14441215571911986
685,True,0.4219438135623932,0.46363008856703525,0.04168627500464206,-0.04168627500464206
686,True,0.2705661952495575,0.6142928189132256,0.34372662366366813,-0.34372662366366813
687,True,0.5992260575294495,0.39005873826602416,0.2091673192634253,0.2091673192634253
688,True,0.561565101146698,0.3568815001882006,0.2046836009584974,0.2046836009584974
689,True,0.535399317741394,0.3365609470067174,0.19883837073467664,0.19883837073467664
690,False,-1.7021235227584839,-0.9999996255296015,0.7021238972288824,-0.7021238972288824
691,False,-1.743593454360962,-0.9999996107478742,0.7435938436130877,-0.7435938436130877
692,False,-2.3662002086639404,-0.9999994160063443,1.366200792657596,-1.366200792657596
693,False,-2.0624804496765137,-0.9999772627040474,1.0625031869724664,-1.0625031869724664
694,False,-2.131574869155884,-0.9999812562570858,1.131593612898798,-1.131593612898798
695,False,-1.5692880153656006,-0.9999804137288807,0.5693076016367199,-0.5693076016367199
696,False,-1.6318957805633545,-0.9999983278526839,0.6318974527106705,-0.6318974527106705
697,False,-2.0095269680023193,-0.9999996108180645,1.009527357184255,-1.009527357184255
698,False,-1.9925897121429443,-0.9999988666385503,0.992590845504394,-0.992590845504394
699,False,-1.4341907501220703,-0.9999990107539078,0.43419173936816247,-0.43419173936816247
700,False,-1.393523097038269,-0.9999990293804606,0.39352406765780845,-0.39352406765780845
701,False,-1.3706997632980347,-0.9999990819832603,0.3707006813147744,-0.3707006813147744
702,False,-1.5812957286834717,-0.9954553351386207,0.585840393544851,-0.585840393544851
703,False,-1.0588111877441406,-0.6456354110581239,0.4131757766860167,-0.4131757766860167
704,False,-1.405679702758789,-0.6415512903655195,0.7641284123932696,-0.7641284123932696
705,False,-1.0325249433517456,-0.9342398551612328,0.09828508819051285,-0.09828508819051285
706,False,-0.842323362827301,-0.9331357333616023,0.09081237053430125,0.09081237053430125
707,False,-1.0878686904907227,-0.9447783514340671,0.14309033905665558,-0.14309033905665558
708,False,-0.8298460245132446,-0.9468373738865927,0.1169913493733481,0.1169913493733481
709,False,-0.7478883862495422,-0.9508634713049732,0.20297508505543094,0.20297508505543094
710,False,-0.5774000883102417,-0.9615468882488694,0.38414679993862766,0.38414679993862766
711,False,-0.41502317786216736,-0.8098692884190226,0.39484611055685526,0.39484611055685526
712,True,0.23058125376701355,0.32941278797126883,0.09883153420425528,-0.09883153420425528
713,True,0.34771761298179626,0.425160992342733,0.07744337936093676,-0.07744337936093676
714,True,0.40576261281967163,0.47496731223382804,0.06920469941415641,-0.06920469941415641
715,True,0.7180273532867432,0.6343171315506048,0.0837102217361384,0.0837102217361384
716,True,0.689583957195282,0.6320058340608474,0.057578123134434556,0.057578123134434556
717,True,0.6095518469810486,0.42665555930529475,0.18289628767575383,0.18289628767575383
718,True,0.6510564088821411,0.17064257445384357,0.48041383442829755,0.48041383442829755
719,True,0.2517016530036926,-0.1682184771377034,0.41992013014139606,0.41992013014139606
720,False,-2.436260938644409,-0.9999994261777256,1.4362615124666835,-1.4362615124666835
721,False,-2.3205013275146484,-0.9999993773674041,1.3205019501472444,-1.3205019501472444
722,False,-1.7808966636657715,-0.9999993745428554,0.7808972891229161,-0.7808972891229161
723,False,-1.7929776906967163,-0.9999774557248959,0.7930002349718204,-0.7930002349718204
724,False,-1.6191202402114868,-0.9999950535448869,0.6191251866665999,-0.6191251866665999
725,False,-1.6429777145385742,-0.9999961334682457,0.6429815810703285,-0.6429815810703285
726,False,-1.6110968589782715,-0.9999975615425787,0.6110992974356928,-0.6110992974356928
727,False,-1.5770626068115234,-0.9999995326139319,0.5770630741975915,-0.5770630741975915
728,False,-2.023355484008789,-0.9999988652527966,1.0233566187559924,-1.0233566187559924
729,False,-2.052950143814087,-0.9989692938647796,1.0539808499493073,-1.0539808499493073
730,False,-1.8576233386993408,-0.9984856091275902,0.8591377295717506,-0.8591377295717506
731,False,-1.712110161781311,-0.9983925375458742,0.7137176242354368,-0.7137176242354368
732,False,-1.206453800201416,-0.9983111359514895,0.20814266424992656,-0.20814266424992656
733,False,-1.5706000328063965,-0.9983429893521341,0.5722570434542624,-0.5722570434542624
734,False,-1.0700159072875977,-0.7937654933680203,0.2762504139195774,-0.2762504139195774
735,False,-1.3899191617965698,-0.7995387163288301,0.5903804454677397,-0.5903804454677397
736,False,-1.403894305229187,-0.9178369408204996,0.4860573644086874,-0.4860573644086874
737,False,-0.8538132309913635,-0.9262508959464204,0.07243766495505688,0.07243766495505688
738,False,-1.0476804971694946,-0.9268140879974938,0.12086640917200087,-0.12086640917200087
739,False,-1.0461201667785645,-0.9268313065081785,0.11928886027038599,-0.11928886027038599
740,False,-0.8614587187767029,-0.9118463251165956,0.0503876063398927,0.0503876063398927
741,False,-0.5613032579421997,-0.906871164631976,0.3455679066897763,0.3455679066897763
742,True,-0.4909948706626892,0.0810365451949245,0.5720314158576137,-0.5720314158576137
743,True,-0.20489931106567383,0.08614897024495514,0.291048281310629,-0.291048281310629
744,True,0.0804876834154129,0.6390649694491789,0.558577286033766,-0.558577286033766
745,True,0.6249843835830688,0.6636396690394989,0.038655285456430044,-0.038655285456430044
746,True,0.690820038318634,0.6854277451020211,0.005392293216612942,0.005392293216612942
747,True,0.6338568925857544,0.4587127483882222,0.17514414419753221,0.17514414419753221
748,True,-0.05306509882211685,-0.3838511921821352,0.33078609336001835,0.33078609336001835
749,True,0.21006453037261963,-0.3295442681011119,0.5396087984737316,0.5396087984737316
750,False,-2.33890962600708,-0.9999993276642342,1.3389102983428458,-1.3389102983428458
751,False,-1.9083600044250488,-0.9999993145134116,0.9083606899116372,-0.9083606899116372
752,False,-2.4241995811462402,-0.9999982750186097,1.4242013061276304,-1.4242013061276304
753,False,-1.862066388130188,-0.9999981982249531,0.8620681899052349,-0.8620681899052349
754,False,-1.8225951194763184,-0.9999980607115828,0.8225970587647355,-0.8225970587647355
755,False,-1.7817368507385254,-0.9999974079600051,0.7817394427785203,-0.7817394427785203
756,False,-2.1555933952331543,-0.9999957135052215,1.1555976817279328,-1.1555976817279328
757,False,-1.822677731513977,-0.9999948518262481,0.8226828796877289,-0.8226828796877289
758,False,-2.083592414855957,-0.9999989232985321,1.083593491557425,-1.083593491557425
759,False,-1.8824883699417114,-0.998555438688796,0.8839329312529154,-0.8839329312529154
760,False,-1.5137420892715454,-0.9985034354146821,0.5152386538568633,-0.5152386538568633
761,False,-1.3577897548675537,-0.9987861889667524,0.3590035659008013,-0.3590035659008013
762,False,-1.7649873495101929,-0.9988118976839617,0.7661754518262311,-0.7661754518262311
763,False,-1.2518247365951538,-0.9987974115846637,0.2530273250104901,-0.2530273250104901
764,False,-1.6012696027755737,-0.9987850183752457,0.602484584400328,-0.602484584400328
765,False,-1.130146861076355,-0.9084779810668514,0.22166888000950358,-0.22166888000950358
766,False,-1.3220990896224976,-0.9132710049168731,0.4088280847056245,-0.4088280847056245
767,False,-1.2795614004135132,-0.9177978071157377,0.3617635932977755,-0.3617635932977755
768,False,-0.9404189586639404,-0.9161453282755667,0.024273630388373713,-0.024273630388373713
769,False,-0.8700011968612671,-0.9144965040709716,0.044495307209704515,0.044495307209704515
770,False,-0.7357117533683777,-0.9128626663172752,0.1771509129488975,0.1771509129488975
771,False,-0.648335337638855,-0.9103489346033619,0.2620135969645069,0.2620135969645069
772,False,-0.8755161166191101,0.05421025270409217,0.9297263693232023,-0.9297263693232023
773,False,-0.4921697974205017,0.07271763422237441,0.5648874316428761,-0.5648874316428761
774,False,-0.5319134593009949,-0.9999460354987204,0.46803257619772554,0.46803257619772554
775,False,-0.44148340821266174,-0.9998293822455334,0.5583459740328717,0.5583459740328717
776,True,0.7130699753761292,0.729353633217853,0.01628365784172381,-0.01628365784172381
777,True,0.18268051743507385,-0.021041077502363902,0.20372159493743774,0.20372159493743774
778,True,-0.08137456327676773,-0.3983188955320804,0.31694433225531266,0.31694433225531266
779,True,0.9400618672370911,0.8539624492872334,0.08609941794985765,0.08609941794985765
780,False,-2.406062126159668,-0.9999993309621058,1.4060627951975622,-1.4060627951975622
781,False,-2.028564691543579,-0.9999992879464563,1.0285654035971228,-1.0285654035971228
782,False,-2.416990280151367,-0.9999984382551419,1.4169918418962253,-1.4169918418962253
783,False,-2.4528915882110596,-0.9999996610636797,1.45289192714738,-1.45289192714738
784,False,-1.9062743186950684,-0.9999995229565097,0.9062747957385586,-0.9062747957385586
785,False,-1.9925838708877563,-0.9999991860428198,0.9925846848449366,-0.9925846848449366
786,False,-1.713901162147522,-0.9999964522216762,0.7139047099258458,-0.7139047099258458
787,False,-2.2721383571624756,-0.9999964971364586,1.272141860026017,-1.272141860026017
788,False,-2.143277406692505,-0.9999989152539419,1.143278491438563,-1.143278491438563
789,False,-1.7516247034072876,-0.9985710582830524,0.7530536451242352,-0.7530536451242352
790,False,-2.109065532684326,-0.9999990333210999,1.1090664993632262,-1.1090664993632262
791,False,-2.001127004623413,-0.9999990522785143,1.0011279523448988,-1.0011279523448988
792,False,-1.4288370609283447,-0.998860502702794,0.4299765582255507,-0.4299765582255507
793,False,-1.8362313508987427,-0.9988514240883637,0.837379926810379,-0.837379926810379
794,False,-1.660069465637207,-0.9979230082062944,0.6621464574309126,-0.6621464574309126
795,False,-1.5954151153564453,-0.9974150112036728,0.5980001041527725,-0.5980001041527725
796,False,-1.4612321853637695,-0.9948673135377053,0.46636487182606423,-0.46636487182606423
797,False,-1.4457433223724365,-0.9954619453770045,0.450281376995432,-0.450281376995432
798,False,-0.9319941401481628,-0.9977904301880388,0.06579629003987597,0.06579629003987597
799,False,-1.1703910827636719,-0.9978539750412511,0.1725371077224208,-0.1725371077224208
800,False,-1.0891934633255005,-0.9979825748340799,0.09121088849142056,-0.09121088849142056
801,False,-0.47069451212882996,-0.9974743444303056,0.5267798323014756,0.5267798323014756
802,False,-0.4310046136379242,-0.9977862024054507,0.5667815887675265,0.5667815887675265
803,False,-0.594983696937561,-0.998452477973276,0.40346878103571493,0.40346878103571493
805,False,-0.24525365233421326,-0.9995332491819017,0.7542795968476884,0.7542795968476884
806,True,0.7689467072486877,0.772213961035002,0.003267253786314206,-0.003267253786314206
807,True,-0.2653336822986603,-0.4030068685059929,0.1376731862073326,0.1376731862073326
808,True,-0.2263089418411255,-0.4068821123230685,0.180573170481943,0.180573170481943
809,True,1.0565303564071655,0.874405884389387,0.18212447201777848,0.18212447201777848
810,False,-2.5847573280334473,-0.999999321491666,1.5847580065417812,-1.5847580065417812
811,False,-2.6109824180603027,-1.000000030238259,1.6109823878220437,-1.6109823878220437
813,False,-2.3576927185058594,-0.9999997982969855,1.3576929202088739,-1.3576929202088739
814,False,-2.0295536518096924,-0.9999996953719981,1.0295539564376943,-1.0295539564376943
815,False,-1.9966422319412231,-0.9999994798593879,0.9966427520818353,-0.9966427520818353
816,False,-2.3343234062194824,-0.999997891265161,1.3343255149543214,-1.3343255149543214
817,False,-2.2618234157562256,-0.999996505395612,1.2618269103606137,-1.2618269103606137
818,False,-2.1295623779296875,-0.9999990180119656,1.129563359917722,-1.129563359917722
819,False,-2.2152750492095947,-0.9999990946711428,1.215275954538452,-1.215275954538452
820,False,-1.6512479782104492,-0.9999990757190472,0.651248902491402,-0.651248902491402
821,False,-1.6092422008514404,-0.9999989253942032,0.6092432754572372,-0.6092432754572372
822,False,-2.056305170059204,-0.9999988902536939,1.05630627980551,-1.05630627980551
823,False,-1.5666706562042236,-0.9980889650981013,0.5685816911061223,-0.5685816911061223
824,False,-1.5405621528625488,-0.9979419480533311,0.5426202048092177,-0.5426202048092177
825,False,-1.7836557626724243,-0.9978380996479514,0.7858176630244729,-0.7858176630244729
826,False,-1.6645618677139282,-0.9971653576682585,0.6673965100456697,-0.6673965100456697
827,False,-1.7055045366287231,-0.999805714285625,0.7056988223430981,-0.7056988223430981
828,False,-0.9480106830596924,-0.9998016831368814,0.051791000077189064,0.051791000077189064
829,False,-1.0520581007003784,-0.9997650581257154,0.05229304257466305,-0.05229304257466305
830,False,-0.9378224611282349,-0.9996330097354481,0.061810548607213245,0.061810548607213245
831,False,-0.2681858539581299,-0.9998467282817061,0.7316608743235762,0.7316608743235762
833,False,0.08157061785459518,-0.8433992703429158,0.924969888197511,0.924969888197511
834,False,0.13042086362838745,-0.9205509497030127,1.0509718133314,1.0509718133314
835,False,-0.5580255389213562,-0.9903598836696811,0.4323343447483249,0.4323343447483249
836,True,0.771216630935669,0.8199388299189645,0.04872219898329555,-0.04872219898329555
837,True,0.77266925573349,0.8414069113102127,0.06873765557672273,-0.06873765557672273
838,True,0.8744598031044006,0.8688289741752693,0.00563082892913136,0.00563082892913136
839,True,0.8601918816566467,0.8960410412538379,0.03584915959719115,-0.03584915959719115
840,False,-2.652712106704712,-0.9999993149704728,1.6527127917342392,-1.6527127917342392
841,False,-2.239745855331421,-1.000000070954869,1.2397457843765518,-1.2397457843765518
842,False,-2.6625044345855713,-0.999999942497305,1.6625044920882663,-1.6625044920882663
843,False,-2.5226075649261475,-0.9999998845287323,1.5226076803974151,-1.5226076803974151
844,False,-2.5989792346954346,-0.9999980331957725,1.598981201499662,-1.598981201499662
845,False,-2.0960757732391357,-0.999998055344302,1.0960777178948338,-1.0960777178948338
846,False,-2.4027585983276367,-0.9999980178016493,1.4027605805259875,-1.4027605805259875
847,False,-2.3512039184570312,-0.9999965763546084,1.3512073421024229,-1.3512073421024229
848,False,-1.8626660108566284,-0.9999989532697522,0.8626670575868762,-0.8626670575868762
849,False,-2.262174129486084,-0.9999989146562961,1.2621752148297878,-1.2621752148297878
850,False,-2.477893114089966,-0.9999972209572477,1.4778958931327182,-1.4778958931327182
851,False,-2.292836904525757,-0.9999972466675529,1.292839657858204,-1.292839657858204
852,False,-1.7490413188934326,-0.9999981586621454,0.7490431602312873,-0.7490431602312873
853,False,-2.0326106548309326,-0.999998043721978,1.0326126111089546,-1.0326126111089546
854,False,-2.0054264068603516,-0.9999976953582983,1.0054287115020533,-1.0054287115020533
855,False,-2.0835299491882324,-0.9999954704789858,1.0835344787092467,-1.0835344787092467
856,False,-1.6442890167236328,-0.9980136910041812,0.6462753257194516,-0.6462753257194516
857,False,-1.931375503540039,-0.9980866987051502,0.9332888048348889,-0.9332888048348889
858,False,-1.598140001296997,-0.999864516310928,0.5982754849860691,-0.5982754849860691
859,False,-1.6967759132385254,-0.9998656509581836,0.6969102622803418,-0.6969102622803418
860,False,-1.2497260570526123,-0.9998965312358536,0.24982952581675866,-0.24982952581675866
861,False,-0.491254597902298,-0.9999029838845358,0.5086483859822378,0.5086483859822378
862,False,-0.6168301701545715,-0.9999041539535671,0.3830739837989956,0.3830739837989956
863,False,0.19446003437042236,-0.12346620065352967,0.317926235023952,0.317926235023952
864,False,0.208764910697937,-0.8198036401945005,1.0285685508924374,1.0285685508924374
866,False,0.33179858326911926,-0.7120633866612072,1.0438619699303264,1.0438619699303264
867,False,0.8083170056343079,0.14981032286581075,0.6585066827684971,0.6585066827684971
868,False,0.6459503769874573,0.5329598203234182,0.11299055666403912,0.11299055666403912
869,True,0.9827682375907898,0.9931496771071442,0.010381439516354396,-0.010381439516354396
870,False,-2.19396710395813,-0.9999992832500124,1.1939678207081175,-1.1939678207081175
871,False,-2.2960779666900635,-0.9999993002524562,1.2960786664376074,-1.2960786664376074
872,False,-2.218114137649536,-0.9999999848206036,1.2181141528289325,-1.2181141528289325
873,False,-2.0982563495635986,-0.9999990561238985,1.0982572934397001,-1.0982572934397001
874,False,-2.1552248001098633,-0.9999981191065282,1.155226681003335,-1.155226681003335
875,False,-2.2141191959381104,-0.9999981451205475,1.2141210508175628,-1.2141210508175628
876,False,-2.0884759426116943,-0.9999979596701228,1.0884779829415714,-1.0884779829415714
877,False,-2.0726473331451416,-0.9999967363660854,1.0726505967790563,-1.0726505967790563
878,False,-2.3695082664489746,-0.9999967750215762,1.3695114914273985,-1.3695114914273985
879,False,-2.061272382736206,-0.9999969714058301,1.061275411330376,-1.061275411330376
880,False,-2.048919439315796,-0.9999970662706623,1.0489223730451336,-1.0489223730451336
881,False,-2.035978078842163,-0.9999969920640714,1.0359810867780916,-1.0359810867780916
882,False,-2.326948881149292,-0.9999968532066175,1.3269520279426745,-1.3269520279426745
883,False,-2.2898247241973877,-0.9999952363163849,1.2898294878810028,-1.2898294878810028
884,False,-2.235488176345825,-0.9999844002577251,1.2355037760881,-1.2355037760881
885,False,-1.9339271783828735,-0.9999181283174106,0.934009050065463,-0.934009050065463
886,False,-2.0568647384643555,-0.9998921922961017,1.0569725461682538,-1.0569725461682538
887,False,-1.8085720539093018,-0.999756365192217,0.8088156887170848,-0.8088156887170848
888,False,-1.736321210861206,-0.9997793197713419,0.7365418910898641,-0.7365418910898641
889,False,-1.5779547691345215,-0.9998537807488113,0.5781009883857102,-0.5781009883857102
890,False,-1.22623610496521,-0.9998621948480682,0.2263739101171418,-0.2263739101171418
891,False,-0.9322342872619629,-0.9998781022870272,0.06764381502506434,0.06764381502506434
892,False,-1.2714183330535889,-0.9999043748210429,0.271513958232546,-0.271513958232546
893,False,0.16021761298179626,-0.06464043899630681,0.22485805197810307,0.22485805197810307
894,False,0.3045007288455963,-0.052620127536047605,0.3571208563816439,0.3571208563816439
895,False,0.4090728461742401,-0.01803585239870103,0.42710869857294115,0.42710869857294115
896,False,0.5629293322563171,0.0015060228411695542,0.5614233094151476,0.5614233094151476
897,False,0.6323618292808533,0.03562401564264683,0.5967378136382064,0.5967378136382064
898,False,1.075729250907898,0.9856566107489839,0.09007264015891403,0.09007264015891403
