epoch,approx_kl,clip_frac,overall,covered,held_out,weighted_success_rate,weights
0,0.0,0.0,"{'mean_return': -3.8275200000000025, 'std_return': 2.5059247094835095, 'stderr_return': 0.11206835993803078, 'mean_discounted_return': -3.8275200000000025, 'success_rate': 0.4, 'success_rate_stderr': 0.021908902300206645, 'mean_length': 138.472, 'n_episodes': 500}","{'mean_return': -3.4371000000000014, 'std_return': 2.622324653813866, 'stderr_return': 0.11727392370002815, 'mean_discounted_return': -3.4371000000000014, 'success_rate': 0.462, 'success_rate_stderr': 0.022296008611408458, 'mean_length': 127.134, 'n_episodes': 500}","{'mean_return': -5.212300000000004, 'std_return': 1.7335521076679548, 'stderr_return': 0.07752680710567163, 'mean_discounted_return': -5.212300000000004, 'success_rate': 0.194, 'success_rate_stderr': 0.01768411716767337, 'mean_length': 180.404, 'n_episodes': 500}",0.3125,"(0.25, 0.25, 0.5)"
5,0.3538947109607914,0.27444015486281625,"{'mean_return': -3.554440000000003, 'std_return': 2.9101167478986154, 'stderr_return': 0.13014437741523843, 'mean_discounted_return': -3.554440000000003, 'success_rate': 0.34, 'success_rate_stderr': 0.021184900282984576, 'mean_length': 126.986, 'n_episodes': 500}","{'mean_return': -2.285400000000002, 'std_return': 2.8547069972240604, 'stderr_return': 0.12766637803274605, 'mean_discounted_return': -2.285400000000002, 'success_rate': 0.528, 'success_rate_stderr': 0.022325590697672478, 'mean_length': 89.846, 'n_episodes': 500}","{'mean_return': -5.986760000000006, 'std_return': 0.21037467147924527, 'stderr_return': 0.009408241323435573, 'mean_discounted_return': -5.986760000000006, 'success_rate': 0.004, 'success_rate_stderr': 0.002822764602300376, 'mean_length': 199.696, 'n_episodes': 500}",0.21900000000000003,"(0.25, 0.25, 0.5)"
10,0.3977204693539795,0.2919427265653543,"{'mean_return': -3.717940000000003, 'std_return': 2.7491731041169474, 'stderr_return': 0.12294675885439202, 'mean_discounted_return': -3.717940000000003, 'success_rate': 0.346, 'success_rate_stderr': 0.021273645667821018, 'mean_length': 132.254, 'n_episodes': 500}","{'mean_return': -2.491880000000002, 'std_return': 2.7394752171903307, 'stderr_return': 0.12251305616627159, 'mean_discounted_return': -2.491880000000002, 'success_rate': 0.53, 'success_rate_stderr': 0.022320394261750844, 'mean_length': 96.086, 'n_episodes': 500}","{'mean_return': -5.9312800000000045, 'std_return': 0.4479423641496762, 'stderr_return': 0.020032591524812814, 'mean_discounted_return': -5.9312800000000045, 'success_rate': 0.02, 'success_rate_stderr': 0.006260990336999411, 'mean_length': 198.008, 'n_episodes': 500}",0.229,"(0.25, 0.25, 0.5)"
15,0.46880761271940447,0.31429075759469816,"{'mean_return': -4.710260000000003, 'std_return': 1.984571422851798, 'stderr_return': 0.08875273215400199, 'mean_discounted_return': -4.710260000000003, 'success_rate': 0.258, 'success_rate_stderr': 0.019567115270269147, 'mean_length': 162.892, 'n_episodes': 500}","{'mean_return': -4.077440000000001, 'std_return': 2.1543036569620386, 'stderr_return': 0.09634338842287013, 'mean_discounted_return': -4.077440000000001, 'success_rate': 0.396, 'success_rate_stderr': 0.02187162545399861, 'mean_length': 145.178, 'n_episodes': 500}","{'mean_return': -5.894180000000004, 'std_return': 0.5747179548265404, 'stderr_return': 0.025702168297635955, 'mean_discounted_return': -5.894180000000004, 'success_rate': 0.006, 'success_rate_stderr': 0.0034536936748935914, 'mean_length': 195.256, 'n_episodes': 500}",0.1665,"(0.25, 0.25, 0.5)"
20,0.4981505070108393,0.3224611781217745,"{'mean_return': -4.378960000000003, 'std_return': 2.111442189215705, 'stderr_return': 0.0944265653129458, 'mean_discounted_return': -4.378960000000003, 'success_rate': 0.308, 'success_rate_stderr': 0.020646355610615643, 'mean_length': 152.078, 'n_episodes': 500}","{'mean_return': -3.774540000000002, 'std_return': 2.216255217342987, 'stderr_return': 0.09911394642934979, 'mean_discounted_return': -3.774540000000002, 'success_rate': 0.428, 'success_rate_stderr': 0.022127629787213995, 'mean_length': 135.404, 'n_episodes': 500}","{'mean_return': -5.738800000000005, 'std_return': 0.8782674763419192, 'stderr_return': 0.03927731559055439, 'mean_discounted_return': -5.738800000000005, 'success_rate': 0.036, 'success_rate_stderr': 0.008331146379700696, 'mean_length': 190.072, 'n_episodes': 500}",0.20199999999999999,"(0.25, 0.25, 0.5)"
25,0.531132726563161,0.3301003963843437,"{'mean_return': -4.5367400000000035, 'std_return': 2.0888301923325434, 'stderr_return': 0.09341532607019054, 'mean_discounted_return': -4.5367400000000035, 'success_rate': 0.284, 'success_rate_stderr': 0.020166506886419373, 'mean_length': 157.548, 'n_episodes': 500}","{'mean_return': -3.8444000000000016, 'std_return': 2.210653260916332, 'stderr_return': 0.09886341932180993, 'mean_discounted_return': -3.8444000000000016, 'success_rate': 0.428, 'success_rate_stderr': 0.022127629787213995, 'mean_length': 138.25, 'n_episodes': 500}","{'mean_return': -5.952100000000004, 'std_return': 0.4078202913048843, 'stderr_return': 0.018238277879229752, 'mean_discounted_return': -5.952100000000004, 'success_rate': 0.0, 'success_rate_stderr': 0.0, 'mean_length': 197.498, 'n_episodes': 500}",0.178,"(0.25, 0.25, 0.5)"
30,0.5722307466605319,0.3666171062687587,"{'mean_return': -4.627120000000002, 'std_return': 2.07183138927858, 'stderr_return': 0.09265511648689467, 'mean_discounted_return': -4.627120000000002, 'success_rate': 0.276, 'success_rate_stderr': 0.01999119806314769, 'mean_length': 161.256, 'n_episodes': 500}","{'mean_return': -4.016760000000001, 'std_return': 2.2423169941825822, 'stderr_return': 0.10027946452190509, 'mean_discounted_return': -4.016760000000001, 'success_rate': 0.406, 'success_rate_stderr': 0.021961967125009547, 'mean_length': 144.404, 'n_episodes': 500}","{'mean_return': -5.918140000000005, 'std_return': 0.5475143289449155, 'stderr_return': 0.024485585163520233, 'mean_discounted_return': -5.918140000000005, 'success_rate': 0.002, 'success_rate_stderr': 0.0019979989989987483, 'mean_length': 196.176, 'n_episodes': 500}",0.1715,"(0.25, 0.25, 0.5)"
35,0.5797301174012001,0.36437021848828577,"{'mean_return': -4.709120000000004, 'std_return': 2.0510510538745765, 'stderr_return': 0.09172579163572273, 'mean_discounted_return': -4.709120000000004, 'success_rate': 0.272, 'success_rate_stderr': 0.019900552756142227, 'mean_length': 164.434, 'n_episodes': 500}","{'mean_return': -4.117680000000002, 'std_return': 2.2322214535300957, 'stderr_return': 0.09982797821853363, 'mean_discounted_return': -4.117680000000002, 'success_rate': 0.408, 'success_rate_stderr': 0.021978898971513564, 'mean_length': 148.936, 'n_episodes': 500}","{'mean_return': -5.976800000000004, 'std_return': 0.23316723612034457, 'stderr_return': 0.010427555801816694, 'mean_discounted_return': -5.976800000000004, 'success_rate': 0.004, 'success_rate_stderr': 0.002822764602300376, 'mean_length': 198.782, 'n_episodes': 500}",0.172,"(0.25, 0.25, 0.5)"
40,0.6006888923050883,0.37298163930091394,"{'mean_return': -5.197840000000004, 'std_return': 1.6354872467861095, 'stderr_return': 0.0731412132029543, 'mean_discounted_return': -5.197840000000004, 'success_rate': 0.182, 'success_rate_stderr': 0.01725549187939886, 'mean_length': 177.764, 'n_episodes': 500}","{'mean_return': -4.845000000000002, 'std_return': 1.8523194648872023, 'stderr_return': 0.08283824479067638, 'mean_discounted_return': -4.845000000000002, 'success_rate': 0.294, 'success_rate_stderr': 0.02037469018169356, 'mean_length': 170.042, 'n_episodes': 500}","{'mean_return': -5.977040000000004, 'std_return': 0.21649212087279385, 'stderr_return': 0.009681821977293363, 'mean_discounted_return': -5.977040000000004, 'success_rate': 0.006, 'success_rate_stderr': 0.0034536936748935914, 'mean_length': 198.988, 'n_episodes': 500}",0.122,"(0.25, 0.25, 0.5)"
45,0.6113935620031778,0.37444288825316735,"{'mean_return': -5.146740000000003, 'std_return': 1.6730164292080367, 'stderr_return': 0.07481956926366269, 'mean_discounted_return': -5.146740000000003, 'success_rate': 0.19, 'success_rate_stderr': 0.017544229820656135, 'mean_length': 176.206, 'n_episodes': 500}","{'mean_return': -4.740360000000003, 'std_return': 1.8814315481568846, 'stderr_return': 0.08414017673382926, 'mean_discounted_return': -4.740360000000003, 'success_rate': 0.298, 'success_rate_stderr': 0.020454632727086544, 'mean_length': 165.786, 'n_episodes': 500}","{'mean_return': -5.914680000000004, 'std_return': 0.5579434537657031, 'stderr_return': 0.02495198980442246, 'mean_discounted_return': -5.914680000000004, 'success_rate': 0.004, 'success_rate_stderr': 0.002822764602300376, 'mean_length': 196.194, 'n_episodes': 500}",0.124,"(0.25, 0.25, 0.5)"
50,0.6299848827813238,0.3719687053479116,"{'mean_return': -5.310880000000003, 'std_return': 1.4965187688766246, 'stderr_return': 0.06692635393624859, 'mean_discounted_return': -5.310880000000003, 'success_rate': 0.17, 'success_rate_stderr': 0.016798809481626965, 'mean_length': 181.508, 'n_episodes': 500}","{'mean_return': -5.002120000000002, 'std_return': 1.6365512230297015, 'stderr_return': 0.07318879566709663, 'mean_discounted_return': -5.002120000000002, 'success_rate': 0.27, 'success_rate_stderr': 0.019854470529329156, 'mean_length': 173.938, 'n_episodes': 500}","{'mean_return': -5.955640000000005, 'std_return': 0.3913154614885546, 'stderr_return': 0.01750015945070218, 'mean_discounted_return': -5.955640000000005, 'success_rate': 0.0, 'success_rate_stderr': 0.0, 'mean_length': 198.004, 'n_episodes': 500}",0.11000000000000001,"(0.25, 0.25, 0.5)"
55,0.6414716543008089,0.37591688020881514,"{'mean_return': -5.110100000000003, 'std_return': 1.669184049168938, 'stderr_return': 0.07464818001800193, 'mean_discounted_return': -5.110100000000003, 'success_rate': 0.226, 'success_rate_stderr': 0.01870422412183943, 'mean_length': 177.126, 'n_episodes': 500}","{'mean_return': -4.636860000000002, 'std_return': 1.8676515575449326, 'stderr_return': 0.08352391681907659, 'mean_discounted_return': -4.636860000000002, 'success_rate': 0.36, 'success_rate_stderr': 0.02146625258399798, 'mean_length': 165.176, 'n_episodes': 500}","{'mean_return': -5.978020000000005, 'std_return': 0.2376743141359627, 'stderr_return': 0.010629118458273036, 'mean_discounted_return': -5.978020000000005, 'success_rate': 0.0, 'success_rate_stderr': 0.0, 'mean_length': 198.944, 'n_episodes': 500}",0.1465,"(0.25, 0.25, 0.5)"
60,0.654736970839479,0.3810035711217583,"{'mean_return': -5.122040000000003, 'std_return': 1.702618406572656, 'stderr_return': 0.07614340993677667, 'mean_discounted_return': -5.122040000000003, 'success_rate': 0.21, 'success_rate_stderr': 0.01821537811850196, 'mean_length': 176.716, 'n_episodes': 500}","{'mean_return': -4.6869400000000025, 'std_return': 1.9375222415239555, 'stderr_return': 0.0866486287993066, 'mean_discounted_return': -4.6869400000000025, 'success_rate': 0.32, 'success_rate_stderr': 0.020861447696648473, 'mean_length': 165.666, 'n_episodes': 500}","{'mean_return': -5.9757400000000045, 'std_return': 0.25076533332978984, 'stderr_return': 0.011214566634516076, 'mean_discounted_return': -5.9757400000000045, 'success_rate': 0.002, 'success_rate_stderr': 0.0019979989989987483, 'mean_length': 198.29, 'n_episodes': 500}",0.1335,"(0.25, 0.25, 0.5)"
65,0.6886338848551445,0.38107182895961594,"{'mean_return': -5.044000000000004, 'std_return': 1.7277847088106815, 'stderr_return': 0.07726888118770726, 'mean_discounted_return': -5.044000000000004, 'success_rate': 0.234, 'success_rate_stderr': 0.018933779337469845, 'mean_length': 174.874, 'n_episodes': 500}","{'mean_return': -4.574820000000002, 'std_return': 1.959121070174075, 'stderr_return': 0.08761455778122736, 'mean_discounted_return': -4.574820000000002, 'success_rate': 0.356, 'success_rate_stderr': 0.021413266915629666, 'mean_length': 163.1, 'n_episodes': 500}","{'mean_return': -5.967580000000005, 'std_return': 0.35390555745848434, 'stderr_return': 0.015827137681842574, 'mean_discounted_return': -5.967580000000005, 'success_rate': 0.002, 'success_rate_stderr': 0.0019979989989987483, 'mean_length': 198.212, 'n_episodes': 500}",0.1485,"(0.25, 0.25, 0.5)"
70,0.6931752060408167,0.37804369117723374,"{'mean_return': -5.0934000000000035, 'std_return': 1.7046661960630327, 'stderr_return': 0.0762349898668585, 'mean_discounted_return': -5.0934000000000035, 'success_rate': 0.22, 'success_rate_stderr': 0.018525657883055057, 'mean_length': 176.234, 'n_episodes': 500}","{'mean_return': -4.633900000000002, 'std_return': 1.9480163731344797, 'stderr_return': 0.08711794063222583, 'mean_discounted_return': -4.633900000000002, 'success_rate': 0.34, 'success_rate_stderr': 0.021184900282984576, 'mean_length': 164.714, 'n_episodes': 500}","{'mean_return': -5.990940000000004, 'std_return': 0.17177577361199747, 'stderr_return': 0.007682046133680819, 'mean_discounted_return': -5.990940000000004, 'success_rate': 0.0, 'success_rate_stderr': 0.0, 'mean_length': 199.116, 'n_episodes': 500}",0.14,"(0.25, 0.25, 0.5)"
75,0.7015565841874581,0.3780874639730435,"{'mean_return': -5.088500000000003, 'std_return': 1.7157275861861085, 'stderr_return': 0.07672967027167535, 'mean_discounted_return': -5.088500000000003, 'success_rate': 0.222, 'success_rate_stderr': 0.018585801031970616, 'mean_length': 176.204, 'n_episodes': 500}","{'mean_return': -4.617260000000002, 'std_return': 1.9562035406368155, 'stderr_return': 0.08748408189379382, 'mean_discounted_return': -4.617260000000002, 'success_rate': 0.34, 'success_rate_stderr': 0.021184900282984576, 'mean_length': 164.03, 'n_episodes': 500}","{'mean_return': -5.984000000000005, 'std_return': 0.1928118253634882, 'stderr_return': 0.008622806967571554, 'mean_discounted_return': -5.984000000000005, 'success_rate': 0.0, 'success_rate_stderr': 0.0, 'mean_length': 199.208, 'n_episodes': 500}",0.1405,"(0.25, 0.25, 0.5)"
80,0.7054317078668287,0.3810054190566645,"{'mean_return': -5.035880000000003, 'std_return': 1.772433757746678, 'stderr_return': 0.07926564735873932, 'mean_discounted_return': -5.035880000000003, 'success_rate': 0.222, 'success_rate_stderr': 0.018585801031970616, 'mean_length': 174.256, 'n_episodes': 500}","{'mean_return': -4.5935200000000025, 'std_return': 2.009498447274845, 'stderr_return': 0.0898675025757366, 'mean_discounted_return': -4.5935200000000025, 'success_rate': 0.33, 'success_rate_stderr': 0.02102855201862458, 'mean_length': 162.96, 'n_episodes': 500}","{'mean_return': -5.957680000000005, 'std_return': 0.337331020808939, 'stderr_return': 0.015085901868963674, 'mean_discounted_return': -5.957680000000005, 'success_rate': 0.006, 'success_rate_stderr': 0.0034536936748935914, 'mean_length': 198.084, 'n_episodes': 500}",0.14100000000000001,"(0.25, 0.25, 0.5)"
85,0.7023852034534575,0.3822103450116555,"{'mean_return': -5.124900000000003, 'std_return': 1.7072688686905793, 'stderr_return': 0.07635138492522595, 'mean_discounted_return': -5.124900000000003, 'success_rate': 0.208, 'success_rate_stderr': 0.018151363585141474, 'mean_length': 176.872, 'n_episodes': 500}","{'mean_return': -4.677300000000003, 'std_return': 1.9506454598414373, 'stderr_return': 0.0872355169641358, 'mean_discounted_return': -4.677300000000003, 'success_rate': 0.322, 'success_rate_stderr': 0.020895741192884256, 'mean_length': 165.478, 'n_episodes': 500}","{'mean_return': -5.976120000000004, 'std_return': 0.25304810925988064, 'stderr_return': 0.011316655477657742, 'mean_discounted_return': -5.976120000000004, 'success_rate': 0.002, 'success_rate_stderr': 0.0019979989989987483, 'mean_length': 198.626, 'n_episodes': 500}",0.1335,"(0.25, 0.25, 0.5)"
90,0.6939208258389663,0.3863496264152845,"{'mean_return': -5.074780000000002, 'std_return': 1.7451190651643258, 'stderr_return': 0.07804409717076635, 'mean_discounted_return': -5.074780000000002, 'success_rate': 0.224, 'success_rate_stderr': 0.018645321128905237, 'mean_length': 175.88, 'n_episodes': 500}","{'mean_return': -4.590740000000002, 'std_return': 1.9702379684698021, 'stderr_return': 0.0881117205869913, 'mean_discounted_return': -4.590740000000002, 'success_rate': 0.348, 'success_rate_stderr': 0.02130239423163509, 'mean_length': 163.55, 'n_episodes': 500}","{'mean_return': -5.994380000000005, 'std_return': 0.1445372464107444, 'stderr_return': 0.006463902165101239, 'mean_discounted_return': -5.994380000000005, 'success_rate': 0.002, 'success_rate_stderr': 0.0019979989989987483, 'mean_length': 199.752, 'n_episodes': 500}",0.144,"(0.25, 0.25, 0.5)"
95,0.7045945400117988,0.3820001432179336,"{'mean_return': -4.973640000000003, 'std_return': 1.8252812250171235, 'stderr_return': 0.08162905794384756, 'mean_discounted_return': -4.973640000000003, 'success_rate': 0.24, 'success_rate_stderr': 0.019099738218101316, 'mean_length': 173.058, 'n_episodes': 500}","{'mean_return': -4.500280000000003, 'std_return': 2.054328094925446, 'stderr_return': 0.09187234536681876, 'mean_discounted_return': -4.500280000000003, 'success_rate': 0.35, 'success_rate_stderr': 0.02133072900770154, 'mean_length': 160.668, 'n_episodes': 500}","{'mean_return': -5.979160000000005, 'std_return': 0.2730400966891131, 'stderr_return': 0.012210724335599443, 'mean_discounted_return': -5.979160000000005, 'success_rate': 0.002, 'success_rate_stderr': 0.0019979989989987483, 'mean_length': 199.18, 'n_episodes': 500}",0.1485,"(0.25, 0.25, 0.5)"
100,0.6917017538489477,0.38543967594327566,"{'mean_return': -5.058700000000003, 'std_return': 1.742633670626162, 'stderr_return': 0.07793294694800153, 'mean_discounted_return': -5.058700000000003, 'success_rate': 0.246, 'success_rate_stderr': 0.019260529587734602, 'mean_length': 176.552, 'n_episodes': 500}","{'mean_return': -4.6015200000000025, 'std_return': 1.9628819856527324, 'stderr_return': 0.08778275103458552, 'mean_discounted_return': -4.6015200000000025, 'success_rate': 0.386, 'success_rate_stderr': 0.0217717247823869, 'mean_length': 166.572, 'n_episodes': 500}","{'mean_return': -5.997460000000005, 'std_return': 0.05673930207536934, 'stderr_return': 0.0025374587287284147, 'mean_discounted_return': -5.997460000000005, 'success_rate': 0.002, 'success_rate_stderr': 0.0019979989989987483, 'mean_length': 199.984, 'n_episodes': 500}",0.159,"(0.25, 0.25, 0.5)"
105,0.7082914130990128,0.38366743612946186,"{'mean_return': -5.012480000000004, 'std_return': 1.7788766819540953, 'stderr_return': 0.07955378368877261, 'mean_discounted_return': -5.012480000000004, 'success_rate': 0.248, 'success_rate_stderr': 0.019313000802568203, 'mean_length': 174.886, 'n_episodes': 500}","{'mean_return': -4.521280000000003, 'std_return': 2.020377281994631, 'stderr_return': 0.09035401885472513, 'mean_discounted_return': -4.521280000000003, 'success_rate': 0.382, 'success_rate_stderr': 0.02172905888436036, 'mean_length': 163.372, 'n_episodes': 500}","{'mean_return': -5.984780000000004, 'std_return': 0.2040042930920826, 'stderr_return': 0.009123349341113748, 'mean_discounted_return': -5.984780000000004, 'success_rate': 0.002, 'success_rate_stderr': 0.0019979989989987483, 'mean_length': 199.238, 'n_episodes': 500}",0.1585,"(0.25, 0.25, 0.5)"
110,0.7184297486920146,0.3781961837233373,"{'mean_return': -5.085480000000003, 'std_return': 1.7379567225912187, 'stderr_return': 0.07772378747333418, 'mean_discounted_return': -5.085480000000003, 'success_rate': 0.22, 'success_rate_stderr': 0.018525657883055057, 'mean_length': 176.164, 'n_episodes': 500}","{'mean_return': -4.617560000000002, 'std_return': 1.9645381254635943, 'stderr_return': 0.08785681585853214, 'mean_discounted_return': -4.617560000000002, 'success_rate': 0.332, 'success_rate_stderr': 0.02106067425321421, 'mean_length': 163.636, 'n_episodes': 500}","{'mean_return': -5.9984000000000055, 'std_return': 0.03574129264590255, 'stderr_return': 0.0015983991991990283, 'mean_discounted_return': -5.9984000000000055, 'success_rate': 0.0, 'success_rate_stderr': 0.0, 'mean_length': 199.882, 'n_episodes': 500}",0.138,"(0.25, 0.25, 0.5)"
115,0.7210191091919923,0.38076380248408837,"{'mean_return': -5.089700000000002, 'std_return': 1.725566489591175, 'stderr_return': 0.07716967940843102, 'mean_discounted_return': -5.089700000000002, 'success_rate': 0.226, 'success_rate_stderr': 0.01870422412183943, 'mean_length': 176.64, 'n_episodes': 500}","{'mean_return': -4.657920000000002, 'std_return': 1.9539357393732306, 'stderr_return': 0.08738266273809711, 'mean_discounted_return': -4.657920000000002, 'success_rate': 0.35, 'success_rate_stderr': 0.02133072900770154, 'mean_length': 166.44, 'n_episodes': 500}","{'mean_return': -5.9984000000000055, 'std_return': 0.03574129264590255, 'stderr_return': 0.0015983991991990283, 'mean_discounted_return': -5.9984000000000055, 'success_rate': 0.0, 'success_rate_stderr': 0.0, 'mean_length': 199.882, 'n_episodes': 500}",0.144,"(0.25, 0.25, 0.5)"
120,0.7359118766887001,0.38002158996388363,"{'mean_return': -5.069160000000004, 'std_return': 1.7459178945185283, 'stderr_return': 0.07807982190553472, 'mean_discounted_return': -5.069160000000004, 'success_rate': 0.226, 'success_rate_stderr': 0.01870422412183943, 'mean_length': 175.826, 'n_episodes': 500}","{'mean_return': -4.587100000000002, 'std_return': 1.9798413547554796, 'stderr_return': 0.08854119707797058, 'mean_discounted_return': -4.587100000000002, 'success_rate': 0.346, 'success_rate_stderr': 0.021273645667821018, 'mean_length': 163.36, 'n_episodes': 500}","{'mean_return': -5.992440000000004, 'std_return': 0.13778115400881302, 'stderr_return': 0.006161760527641471, 'mean_discounted_return': -5.992440000000004, 'success_rate': 0.002, 'success_rate_stderr': 0.0019979989989987483, 'mean_length': 199.752, 'n_episodes': 500}",0.144,"(0.25, 0.25, 0.5)"
125,0.7306821968103356,0.3879155912779601,"{'mean_return': -5.081100000000003, 'std_return': 1.753960144929186, 'stderr_return': 0.07843948227774085, 'mean_discounted_return': -5.081100000000003, 'success_rate': 0.21, 'success_rate_stderr': 0.01821537811850196, 'mean_length': 175.416, 'n_episodes': 500}","{'mean_return': -4.654900000000003, 'std_return': 1.974309851568394, 'stderr_return': 0.08829382073508897, 'mean_discounted_return': -4.654900000000003, 'success_rate': 0.322, 'success_rate_stderr': 0.020895741192884256, 'mean_length': 164.796, 'n_episodes': 500}","{'mean_return': -5.920080000000005, 'std_return': 0.4689336771868716, 'stderr_return': 0.020971351582575744, 'mean_discounted_return': -5.920080000000005, 'success_rate': 0.01, 'success_rate_stderr': 0.0044497190922573975, 'mean_length': 196.58, 'n_episodes': 500}",0.138,"(0.25, 0.25, 0.5)"
130,0.7687675577375387,0.3800965850357823,"{'mean_return': -5.098960000000003, 'std_return': 1.7452658589452812, 'stderr_return': 0.07805066198822416, 'mean_discounted_return': -5.098960000000003, 'success_rate': 0.208, 'success_rate_stderr': 0.018151363585141474, 'mean_length': 176.072, 'n_episodes': 500}","{'mean_return': -4.637840000000003, 'std_return': 1.9638184575973443, 'stderr_return': 0.087824631333129, 'mean_discounted_return': -4.637840000000003, 'success_rate': 0.328, 'success_rate_stderr': 0.02099599961897504, 'mean_length': 164.304, 'n_episodes': 500}","{'mean_return': -5.995860000000004, 'std_return': 0.06699746562370892, 'stderr_return': 0.00299621774909637, 'mean_discounted_return': -5.995860000000004, 'success_rate': 0.002, 'success_rate_stderr': 0.0019979989989987483, 'mean_length': 199.866, 'n_episodes': 500}",0.135,"(0.25, 0.25, 0.5)"
135,0.7595235680556313,0.38538824194597177,"{'mean_return': -5.088260000000004, 'std_return': 1.7265673379280666, 'stderr_return': 0.07721443870676015, 'mean_discounted_return': -5.088260000000004, 'success_rate': 0.224, 'success_rate_stderr': 0.018645321128905237, 'mean_length': 176.394, 'n_episodes': 500}","{'mean_return': -4.657560000000002, 'std_return': 1.964280439855779, 'stderr_return': 0.08784529180781417, 'mean_discounted_return': -4.657560000000002, 'success_rate': 0.342, 'success_rate_stderr': 0.021214900423994452, 'mean_length': 166.024, 'n_episodes': 500}","{'mean_return': -5.983060000000005, 'std_return': 0.1909891002125521, 'stderr_return': 0.00854129222073572, 'mean_discounted_return': -5.983060000000005, 'success_rate': 0.004, 'success_rate_stderr': 0.002822764602300376, 'mean_length': 199.314, 'n_episodes': 500}",0.14350000000000002,"(0.25, 0.25, 0.5)"
140,0.7802175445903348,0.38048253248014335,"{'mean_return': -5.110980000000003, 'std_return': 1.7374580396659973, 'stderr_return': 0.07770148569493392, 'mean_discounted_return': -5.110980000000003, 'success_rate': 0.208, 'success_rate_stderr': 0.018151363585141474, 'mean_length': 176.602, 'n_episodes': 500}","{'mean_return': -4.656060000000003, 'std_return': 1.961985085672165, 'stderr_return': 0.08774264044807419, 'mean_discounted_return': -4.656060000000003, 'success_rate': 0.32, 'success_rate_stderr': 0.020861447696648473, 'mean_length': 164.572, 'n_episodes': 500}","{'mean_return': -5.9984000000000055, 'std_return': 0.03574129264590255, 'stderr_return': 0.0015983991991990283, 'mean_discounted_return': -5.9984000000000055, 'success_rate': 0.0, 'success_rate_stderr': 0.0, 'mean_length': 199.882, 'n_episodes': 500}",0.132,"(0.25, 0.25, 0.5)"
145,0.7748708005596017,0.37634548397876755,"{'mean_return': -5.122780000000004, 'std_return': 1.72077333533502, 'stderr_return': 0.07695532303356291, 'mean_discounted_return': -5.122780000000004, 'success_rate': 0.212, 'success_rate_stderr': 0.018278730809331376, 'mean_length': 177.262, 'n_episodes': 500}","{'mean_return': -4.7158200000000035, 'std_return': 1.9554685186931575, 'stderr_return': 0.08745121071317437, 'mean_discounted_return': -4.7158200000000035, 'success_rate': 0.326, 'success_rate_stderr': 0.020963015050321363, 'mean_length': 167.546, 'n_episodes': 500}","{'mean_return': -6.000000000000005, 'std_return': 0.0, 'stderr_return': 0.0, 'mean_discounted_return': -6.000000000000005, 'success_rate': 0.0, 'success_rate_stderr': 0.0, 'mean_length': 200.0, 'n_episodes': 500}",0.1345,"(0.25, 0.25, 0.5)"
150,0.7833016782827212,0.38428114067278635,"{'mean_return': -4.854580000000003, 'std_return': 1.918511720996255, 'stderr_return': 0.08579845247555473, 'mean_discounted_return': -4.854580000000003, 'success_rate': 0.27, 'success_rate_stderr': 0.019854470529329156, 'mean_length': 170.378, 'n_episodes': 500}","{'mean_return': -4.267940000000002, 'std_return': 2.1267032600717983, 'stderr_return': 0.0951090611498191, 'mean_discounted_return': -4.267940000000002, 'success_rate': 0.426, 'success_rate_stderr': 0.02211442967837968, 'mean_length': 156.244, 'n_episodes': 500}","{'mean_return': -5.9984000000000055, 'std_return': 0.03574129264590255, 'stderr_return': 0.0015983991991990283, 'mean_discounted_return': -5.9984000000000055, 'success_rate': 0.0, 'success_rate_stderr': 0.0, 'mean_length': 199.882, 'n_episodes': 500}",0.174,"(0.25, 0.25, 0.5)"
155,0.7718770954182788,0.40218436622527987,"{'mean_return': -5.227940000000004, 'std_return': 1.6117616313835026, 'stderr_return': 0.0720801714259894, 'mean_discounted_return': -5.227940000000004, 'success_rate': 0.188, 'success_rate_stderr': 0.01747317944737019, 'mean_length': 179.814, 'n_episodes': 500}","{'mean_return': -4.823520000000002, 'std_return': 1.8192343470812145, 'stderr_return': 0.08135863334152083, 'mean_discounted_return': -4.823520000000002, 'success_rate': 0.302, 'success_rate_stderr': 0.020532705618110828, 'mean_length': 169.73, 'n_episodes': 500}","{'mean_return': -5.9984000000000055, 'std_return': 0.03574129264590255, 'stderr_return': 0.0015983991991990283, 'mean_discounted_return': -5.9984000000000055, 'success_rate': 0.0, 'success_rate_stderr': 0.0, 'mean_length': 199.882, 'n_episodes': 500}",0.1225,"(0.25, 0.25, 0.5)"
160,0.7789588233051508,0.3984077021641887,"{'mean_return': -5.131820000000003, 'std_return': 1.7202722132267352, 'stderr_return': 0.07693291217157985, 'mean_discounted_return': -5.131820000000003, 'success_rate': 0.206, 'success_rate_stderr': 0.01808668018183547, 'mean_length': 177.034, 'n_episodes': 500}","{'mean_return': -4.656940000000002, 'std_return': 1.9646818664608303, 'stderr_return': 0.0878632441513516, 'mean_discounted_return': -4.656940000000002, 'success_rate': 0.324, 'success_rate_stderr': 0.020929596269398033, 'mean_length': 164.868, 'n_episodes': 500}","{'mean_return': -5.979620000000004, 'std_return': 0.22914025312022446, 'stderr_return': 0.010247463647166603, 'mean_discounted_return': -5.979620000000004, 'success_rate': 0.002, 'success_rate_stderr': 0.0019979989989987483, 'mean_length': 198.484, 'n_episodes': 500}",0.1335,"(0.25, 0.25, 0.5)"
165,0.8096506606684825,0.39280081956070406,"{'mean_return': -5.112000000000004, 'std_return': 1.7305314790549202, 'stderr_return': 0.0773917204874011, 'mean_discounted_return': -5.112000000000004, 'success_rate': 0.21, 'success_rate_stderr': 0.01821537811850196, 'mean_length': 176.64, 'n_episodes': 500}","{'mean_return': -4.635900000000002, 'std_return': 1.965552795017222, 'stderr_return': 0.08790219326046436, 'mean_discounted_return': -4.635900000000002, 'success_rate': 0.332, 'success_rate_stderr': 0.02106067425321421, 'mean_length': 164.506, 'n_episodes': 500}","{'mean_return': -5.998240000000005, 'std_return': 0.03591242681858259, 'stderr_return': 0.0016060525520667434, 'mean_discounted_return': -5.998240000000005, 'success_rate': 0.0, 'success_rate_stderr': 0.0, 'mean_length': 199.812, 'n_episodes': 500}",0.1355,"(0.25, 0.25, 0.5)"
170,0.7840340392930167,0.381665745276354,"{'mean_return': -5.115180000000003, 'std_return': 1.728687296071794, 'stderr_return': 0.07730924611713673, 'mean_discounted_return': -5.115180000000003, 'success_rate': 0.23, 'success_rate_stderr': 0.01882020191177555, 'mean_length': 178.144, 'n_episodes': 500}","{'mean_return': -4.641080000000001, 'std_return': 1.9809918812554514, 'stderr_return': 0.08859265018724762, 'mean_discounted_return': -4.641080000000001, 'success_rate': 0.352, 'success_rate_stderr': 0.02135865164283551, 'mean_length': 166.206, 'n_episodes': 500}","{'mean_return': -5.9984000000000055, 'std_return': 0.03574129264590255, 'stderr_return': 0.0015983991991990283, 'mean_discounted_return': -5.9984000000000055, 'success_rate': 0.0, 'success_rate_stderr': 0.0, 'mean_length': 199.882, 'n_episodes': 500}",0.1455,"(0.25, 0.25, 0.5)"
175,0.7471890136036332,0.38155956641746436,"{'mean_return': -4.939960000000003, 'std_return': 1.7746293129552468, 'stderr_return': 0.0793638355726336, 'mean_discounted_return': -4.939960000000003, 'success_rate': 0.228, 'success_rate_stderr': 0.018762515822778138, 'mean_length': 169.648, 'n_episodes': 500}","{'mean_return': -4.516040000000002, 'std_return': 1.9751938432467868, 'stderr_return': 0.08833335404477759, 'mean_discounted_return': -4.516040000000002, 'success_rate': 0.352, 'success_rate_stderr': 0.02135865164283551, 'mean_length': 159.516, 'n_episodes': 500}","{'mean_return': -5.740960000000005, 'std_return': 0.8351633842548437, 'stderr_return': 0.03734964199025216, 'mean_discounted_return': -5.740960000000005, 'success_rate': 0.03, 'success_rate_stderr': 0.00762889244910426, 'mean_length': 189.55, 'n_episodes': 500}",0.15999999999999998,"(0.25, 0.25, 0.5)"
180,0.7431960553026291,0.3787850952354629,"{'mean_return': -4.979780000000003, 'std_return': 1.8004726467236347, 'stderr_return': 0.08051958459406022, 'mean_discounted_return': -4.979780000000003, 'success_rate': 0.21, 'success_rate_stderr': 0.01821537811850196, 'mean_length': 170.616, 'n_episodes': 500}","{'mean_return': -4.492020000000002, 'std_return': 2.0325027231470107, 'stderr_return': 0.09089628506820302, 'mean_discounted_return': -4.492020000000002, 'success_rate': 0.31, 'success_rate_stderr': 0.02068332661831747, 'mean_length': 157.532, 'n_episodes': 500}","{'mean_return': -5.801740000000003, 'std_return': 0.6913083048828526, 'stderr_return': 0.03091624726256416, 'mean_discounted_return': -5.801740000000003, 'success_rate': 0.0, 'success_rate_stderr': 0.0, 'mean_length': 188.8, 'n_episodes': 500}",0.13,"(0.25, 0.25, 0.5)"
185,0.763250411091364,0.38459082258045485,"{'mean_return': -5.412040000000003, 'std_return': 1.4424296996387753, 'stderr_return': 0.0645074172231381, 'mean_discounted_return': -5.412040000000003, 'success_rate': 0.166, 'success_rate_stderr': 0.016639951923007473, 'mean_length': 185.648, 'n_episodes': 500}","{'mean_return': -5.121520000000003, 'std_return': 1.6444702762896055, 'stderr_return': 0.07354294649522837, 'mean_discounted_return': -5.121520000000003, 'success_rate': 0.242, 'success_rate_stderr': 0.019153902996517445, 'mean_length': 178.25, 'n_episodes': 500}","{'mean_return': -5.9860400000000045, 'std_return': 0.18620719212748002, 'stderr_return': 0.00832743878992818, 'mean_discounted_return': -5.9860400000000045, 'success_rate': 0.006, 'success_rate_stderr': 0.0034536936748935914, 'mean_length': 199.676, 'n_episodes': 500}",0.10500000000000001,"(0.25, 0.25, 0.5)"
190,0.7466879468709516,0.39158018621628593,"{'mean_return': -5.282580000000004, 'std_return': 1.5941001046358438, 'stderr_return': 0.07129032393810548, 'mean_discounted_return': -5.282580000000004, 'success_rate': 0.182, 'success_rate_stderr': 0.01725549187939886, 'mean_length': 181.494, 'n_episodes': 500}","{'mean_return': -4.906640000000003, 'std_return': 1.8478300545234165, 'stderr_return': 0.08263747225563003, 'mean_discounted_return': -4.906640000000003, 'success_rate': 0.292, 'success_rate_stderr': 0.0203340109176719, 'mean_length': 173.192, 'n_episodes': 500}","{'mean_return': -5.977080000000005, 'std_return': 0.26199059830459653, 'stderr_return': 0.01171657574549838, 'mean_discounted_return': -5.977080000000005, 'success_rate': 0.006, 'success_rate_stderr': 0.0034536936748935914, 'mean_length': 199.248, 'n_episodes': 500}",0.1215,"(0.25, 0.25, 0.5)"
195,0.7974534568727054,0.3857614848760364,"{'mean_return': -5.051040000000003, 'std_return': 1.7461309568299883, 'stderr_return': 0.07808935034177208, 'mean_discounted_return': -5.051040000000003, 'success_rate': 0.232, 'success_rate_stderr': 0.018877287940803362, 'mean_length': 174.846, 'n_episodes': 500}","{'mean_return': -4.569220000000002, 'std_return': 1.97838641109365, 'stderr_return': 0.0884761300193449, 'mean_discounted_return': -4.569220000000002, 'success_rate': 0.35, 'success_rate_stderr': 0.02133072900770154, 'mean_length': 162.578, 'n_episodes': 500}","{'mean_return': -5.966980000000005, 'std_return': 0.2975296281044976, 'stderr_return': 0.01330592947523777, 'mean_discounted_return': -5.966980000000005, 'success_rate': 0.004, 'success_rate_stderr': 0.002822764602300376, 'mean_length': 198.39, 'n_episodes': 500}",0.1475,"(0.25, 0.25, 0.5)"
200,0.8031455095306106,0.38170890209386166,"{'mean_return': -5.086240000000004, 'std_return': 1.749596028344832, 'stderr_return': 0.07824431305085386, 'mean_discounted_return': -5.086240000000004, 'success_rate': 0.208, 'success_rate_stderr': 0.018151363585141474, 'mean_length': 175.26, 'n_episodes': 500}","{'mean_return': -4.681460000000003, 'std_return': 1.9658423305036477, 'stderr_return': 0.08791514168105528, 'mean_discounted_return': -4.681460000000003, 'success_rate': 0.314, 'success_rate_stderr': 0.020755914819636352, 'mean_length': 165.342, 'n_episodes': 500}","{'mean_return': -5.952400000000005, 'std_return': 0.32682325498654613, 'stderr_return': 0.014615980295553284, 'mean_discounted_return': -5.952400000000005, 'success_rate': 0.0, 'success_rate_stderr': 0.0, 'mean_length': 196.926, 'n_episodes': 500}",0.1305,"(0.25, 0.25, 0.5)"
205,0.8048421889066238,0.3871035039768549,"{'mean_return': -5.0538000000000025, 'std_return': 1.7498023774129496, 'stderr_return': 0.07825354126172196, 'mean_discounted_return': -5.0538000000000025, 'success_rate': 0.232, 'success_rate_stderr': 0.018877287940803362, 'mean_length': 175.326, 'n_episodes': 500}","{'mean_return': -4.578680000000002, 'std_return': 2.007516041679372, 'stderr_return': 0.08977884670232752, 'mean_discounted_return': -4.578680000000002, 'success_rate': 0.36, 'success_rate_stderr': 0.02146625258399798, 'mean_length': 164.142, 'n_episodes': 500}","{'mean_return': -5.917900000000004, 'std_return': 0.4185410254682351, 'stderr_return': 0.018717723686388885, 'mean_discounted_return': -5.917900000000004, 'success_rate': 0.022, 'success_rate_stderr': 0.006559878047646922, 'mean_length': 196.984, 'n_episodes': 500}",0.159,"(0.25, 0.25, 0.5)"
210,0.8160144100962046,0.37955340974075835,"{'mean_return': -5.088140000000003, 'std_return': 1.7169527484470883, 'stderr_return': 0.07678446119365571, 'mean_discounted_return': -5.088140000000003, 'success_rate': 0.226, 'success_rate_stderr': 0.01870422412183943, 'mean_length': 176.006, 'n_episodes': 500}","{'mean_return': -4.588860000000002, 'std_return': 1.9615281033928655, 'stderr_return': 0.08772220357925366, 'mean_discounted_return': -4.588860000000002, 'success_rate': 0.352, 'success_rate_stderr': 0.02135865164283551, 'mean_length': 163.56, 'n_episodes': 500}","{'mean_return': -5.992260000000004, 'std_return': 0.09605567343993872, 'stderr_return': 0.00429574030872448, 'mean_discounted_return': -5.992260000000004, 'success_rate': 0.002, 'success_rate_stderr': 0.0019979989989987483, 'mean_length': 199.552, 'n_episodes': 500}",0.1455,"(0.25, 0.25, 0.5)"
215,0.8111420215550789,0.39194430499638905,"{'mean_return': -4.908320000000003, 'std_return': 1.8527926968768018, 'stderr_return': 0.08285940836863381, 'mean_discounted_return': -4.908320000000003, 'success_rate': 0.256, 'success_rate_stderr': 0.01951737687293044, 'mean_length': 170.848, 'n_episodes': 500}","{'mean_return': -4.358200000000002, 'std_return': 2.0396477048745485, 'stderr_return': 0.09121581836501838, 'mean_discounted_return': -4.358200000000002, 'success_rate': 0.402, 'success_rate_stderr': 0.021926969694875762, 'mean_length': 157.394, 'n_episodes': 500}","{'mean_return': -5.9879400000000045, 'std_return': 0.14319342303332316, 'stderr_return': 0.006403804556667894, 'mean_discounted_return': -5.9879400000000045, 'success_rate': 0.004, 'success_rate_stderr': 0.002822764602300376, 'mean_length': 199.606, 'n_episodes': 500}",0.1665,"(0.25, 0.25, 0.5)"
220,0.7949405610752289,0.3855890501087709,"{'mean_return': -5.540320000000003, 'std_return': 1.3376126111845708, 'stderr_return': 0.05981985452339391, 'mean_discounted_return': -5.540320000000003, 'success_rate': 0.084, 'success_rate_stderr': 0.012405160216619535, 'mean_length': 186.074, 'n_episodes': 500}","{'mean_return': -5.396500000000005, 'std_return': 1.4842821665707662, 'stderr_return': 0.06637911644485797, 'mean_discounted_return': -5.396500000000005, 'success_rate': 0.124, 'success_rate_stderr': 0.014739335127474372, 'mean_length': 182.718, 'n_episodes': 500}","{'mean_return': -5.906220000000004, 'std_return': 0.4682733300114387, 'stderr_return': 0.020941819959115385, 'mean_discounted_return': -5.906220000000004, 'success_rate': 0.022, 'success_rate_stderr': 0.006559878047646922, 'mean_length': 196.336, 'n_episodes': 500}",0.063,"(0.25, 0.25, 0.5)"
225,0.7935698321238304,0.3774647892934248,"{'mean_return': -5.134280000000003, 'std_return': 1.699548434614327, 'stderr_return': 0.07600611661701984, 'mean_discounted_return': -5.134280000000003, 'success_rate': 0.202, 'success_rate_stderr': 0.01795527777562909, 'mean_length': 176.72, 'n_episodes': 500}","{'mean_return': -4.725960000000002, 'std_return': 1.9414394861545423, 'stderr_return': 0.08682381330487636, 'mean_discounted_return': -4.725960000000002, 'success_rate': 0.304, 'success_rate_stderr': 0.020571047615520213, 'mean_length': 166.482, 'n_episodes': 500}","{'mean_return': -5.938080000000005, 'std_return': 0.36915296775185363, 'stderr_return': 0.01650902259977865, 'mean_discounted_return': -5.938080000000005, 'success_rate': 0.01, 'success_rate_stderr': 0.0044497190922573975, 'mean_length': 196.986, 'n_episodes': 500}",0.1315,"(0.25, 0.25, 0.5)"
230,0.8375282713726955,0.38152969158436534,"{'mean_return': -4.977680000000004, 'std_return': 1.8115529850379786, 'stderr_return': 0.08101511238775158, 'mean_discounted_return': -4.977680000000004, 'success_rate': 0.222, 'success_rate_stderr': 0.018585801031970616, 'mean_length': 171.734, 'n_episodes': 500}","{'mean_return': -4.557440000000002, 'std_return': 2.0139112806675503, 'stderr_return': 0.090064850484526, 'mean_discounted_return': -4.557440000000002, 'success_rate': 0.314, 'success_rate_stderr': 0.020755914819636352, 'mean_length': 160.238, 'n_episodes': 500}","{'mean_return': -5.952800000000004, 'std_return': 0.35889797993301803, 'stderr_return': 0.016050405602351672, 'mean_discounted_return': -5.952800000000004, 'success_rate': 0.016, 'success_rate_stderr': 0.005611416933360059, 'mean_length': 198.588, 'n_episodes': 500}",0.14200000000000002,"(0.25, 0.25, 0.5)"
235,0.8432204273555005,0.3841083209190821,"{'mean_return': -5.108380000000003, 'std_return': 1.734460254834342, 'stderr_return': 0.07756742068162394, 'mean_discounted_return': -5.108380000000003, 'success_rate': 0.216, 'success_rate_stderr': 0.01840347793217358, 'mean_length': 176.596, 'n_episodes': 500}","{'mean_return': -4.6301200000000025, 'std_return': 1.9753327784451948, 'stderr_return': 0.08833956741573974, 'mean_discounted_return': -4.6301200000000025, 'success_rate': 0.332, 'success_rate_stderr': 0.02106067425321421, 'mean_length': 164.378, 'n_episodes': 500}","{'mean_return': -5.955760000000005, 'std_return': 0.353122106926203, 'stderr_return': 0.015792100708898783, 'mean_discounted_return': -5.955760000000005, 'success_rate': 0.014, 'success_rate_stderr': 0.00525433154644813, 'mean_length': 198.812, 'n_episodes': 500}",0.14400000000000002,"(0.25, 0.25, 0.5)"
240,0.7961157044296766,0.38502358418485433,"{'mean_return': -4.985660000000004, 'std_return': 1.7845806690648678, 'stderr_return': 0.07980887374722201, 'mean_discounted_return': -4.985660000000004, 'success_rate': 0.214, 'success_rate_stderr': 0.01834142851579451, 'mean_length': 171.208, 'n_episodes': 500}","{'mean_return': -4.515340000000002, 'std_return': 2.011653569678441, 'stderr_return': 0.08996388257962207, 'mean_discounted_return': -4.515340000000002, 'success_rate': 0.33, 'success_rate_stderr': 0.02102855201862458, 'mean_length': 159.578, 'n_episodes': 500}","{'mean_return': -5.857760000000005, 'std_return': 0.5923024416630428, 'stderr_return': 0.026488570455953344, 'mean_discounted_return': -5.857760000000005, 'success_rate': 0.002, 'success_rate_stderr': 0.0019979989989987483, 'mean_length': 192.288, 'n_episodes': 500}",0.137,"(0.25, 0.25, 0.5)"
245,0.8212340980061806,0.3777766271060587,"{'mean_return': -5.126580000000003, 'std_return': 1.6968744513369307, 'stderr_return': 0.07588653244944071, 'mean_discounted_return': -5.126580000000003, 'success_rate': 0.21, 'success_rate_stderr': 0.01821537811850196, 'mean_length': 176.738, 'n_episodes': 500}","{'mean_return': -4.780600000000002, 'std_return': 1.8969240469771087, 'stderr_return': 0.08483302234389639, 'mean_discounted_return': -4.780600000000002, 'success_rate': 0.3, 'success_rate_stderr': 0.020493901531919195, 'mean_length': 168.166, 'n_episodes': 500}","{'mean_return': -5.863500000000004, 'std_return': 0.616986831301935, 'stderr_return': 0.027592489920266434, 'mean_discounted_return': -5.863500000000004, 'success_rate': 0.034, 'success_rate_stderr': 0.008104813384649889, 'mean_length': 195.324, 'n_episodes': 500}",0.14450000000000002,"(0.25, 0.25, 0.5)"
250,0.8542841237794887,0.3841620648159269,"{'mean_return': -5.042040000000003, 'std_return': 1.7539592465048923, 'stderr_return': 0.07843944209898498, 'mean_discounted_return': -5.042040000000003, 'success_rate': 0.214, 'success_rate_stderr': 0.01834142851579451, 'mean_length': 173.346, 'n_episodes': 500}","{'mean_return': -4.5094600000000025, 'std_return': 2.0014367610294395, 'stderr_return': 0.08950697300657656, 'mean_discounted_return': -4.5094600000000025, 'success_rate': 0.348, 'success_rate_stderr': 0.02130239423163509, 'mean_length': 160.388, 'n_episodes': 500}","{'mean_return': -5.8571200000000045, 'std_return': 0.5953890371849335, 'stderr_return': 0.026626607204073227, 'mean_discounted_return': -5.8571200000000045, 'success_rate': 0.004, 'success_rate_stderr': 0.002822764602300376, 'mean_length': 192.594, 'n_episodes': 500}",0.1425,"(0.25, 0.25, 0.5)"
255,0.8352983956112455,0.3885382274684808,"{'mean_return': -5.088140000000003, 'std_return': 1.7344360294920103, 'stderr_return': 0.0775663372913793, 'mean_discounted_return': -5.088140000000003, 'success_rate': 0.194, 'success_rate_stderr': 0.01768411716767337, 'mean_length': 174.002, 'n_episodes': 500}","{'mean_return': -4.688920000000003, 'std_return': 1.9320453497783152, 'stderr_return': 0.08640369475433342, 'mean_discounted_return': -4.688920000000003, 'success_rate': 0.3, 'success_rate_stderr': 0.020493901531919195, 'mean_length': 164.528, 'n_episodes': 500}","{'mean_return': -5.862760000000004, 'std_return': 0.5766010600059649, 'stderr_return': 0.025786383321435454, 'mean_discounted_return': -5.862760000000004, 'success_rate': 0.004, 'success_rate_stderr': 0.002822764602300376, 'mean_length': 192.006, 'n_episodes': 500}",0.1255,"(0.25, 0.25, 0.5)"
260,0.8263896287709456,0.3979534969010619,"{'mean_return': -5.010940000000002, 'std_return': 1.7731362374053525, 'stderr_return': 0.07929706320413146, 'mean_discounted_return': -5.010940000000002, 'success_rate': 0.222, 'success_rate_stderr': 0.018585801031970616, 'mean_length': 172.972, 'n_episodes': 500}","{'mean_return': -4.585740000000001, 'std_return': 1.9774902407850241, 'stderr_return': 0.08843605206475481, 'mean_discounted_return': -4.585740000000001, 'success_rate': 0.328, 'success_rate_stderr': 0.02099599961897504, 'mean_length': 161.856, 'n_episodes': 500}","{'mean_return': -5.975640000000005, 'std_return': 0.2544802357748056, 'stderr_return': 0.011380702122452784, 'mean_discounted_return': -5.975640000000005, 'success_rate': 0.008, 'success_rate_stderr': 0.003983967871356395, 'mean_length': 199.01, 'n_episodes': 500}",0.14150000000000001,"(0.25, 0.25, 0.5)"
265,0.8296931923046699,0.3781416698536149,"{'mean_return': -5.201920000000004, 'std_return': 1.6737804854878697, 'stderr_return': 0.07485373889926954, 'mean_discounted_return': -5.201920000000004, 'success_rate': 0.19, 'success_rate_stderr': 0.017544229820656135, 'mean_length': 178.692, 'n_episodes': 500}","{'mean_return': -4.731760000000002, 'std_return': 1.908047615338782, 'stderr_return': 0.08533048344407773, 'mean_discounted_return': -4.731760000000002, 'success_rate': 0.298, 'success_rate_stderr': 0.020454632727086544, 'mean_length': 165.758, 'n_episodes': 500}","{'mean_return': -5.997480000000005, 'std_return': 0.07427819060801175, 'stderr_return': 0.0033218216689040138, 'mean_discounted_return': -5.997480000000005, 'success_rate': 0.0, 'success_rate_stderr': 0.0, 'mean_length': 199.722, 'n_episodes': 500}",0.122,"(0.25, 0.25, 0.5)"
270,0.8230042531465889,0.39029795527076355,"{'mean_return': -5.191860000000005, 'std_return': 1.6834976508448145, 'stderr_return': 0.07528830374500423, 'mean_discounted_return': -5.191860000000005, 'success_rate': 0.204, 'success_rate_stderr': 0.018021320706318948, 'mean_length': 179.484, 'n_episodes': 500}","{'mean_return': -4.8764600000000025, 'std_return': 1.887511607487491, 'stderr_return': 0.08441208525323861, 'mean_discounted_return': -4.8764600000000025, 'success_rate': 0.29, 'success_rate_stderr': 0.020292855885754472, 'mean_length': 172.182, 'n_episodes': 500}","{'mean_return': -5.973360000000004, 'std_return': 0.284223697815647, 'stderr_return': 0.012710870182642903, 'mean_discounted_return': -5.973360000000004, 'success_rate': 0.01, 'success_rate_stderr': 0.0044497190922573975, 'mean_length': 199.326, 'n_episodes': 500}",0.1285,"(0.25, 0.25, 0.5)"
275,0.7986862786987666,0.3759919522780016,"{'mean_return': -4.771040000000004, 'std_return': 1.931053111232317, 'stderr_return': 0.08635932049755847, 'mean_discounted_return': -4.771040000000004, 'success_rate': 0.27, 'success_rate_stderr': 0.019854470529329156, 'mean_length': 166.494, 'n_episodes': 500}","{'mean_return': -4.045480000000001, 'std_return': 2.123496072423967, 'stderr_return': 0.09496563135787614, 'mean_discounted_return': -4.045480000000001, 'success_rate': 0.414, 'success_rate_stderr': 0.0220274374360705, 'mean_length': 146.218, 'n_episodes': 500}","{'mean_return': -5.990420000000005, 'std_return': 0.1628963584614468, 'stderr_return': 0.007284946616139361, 'mean_discounted_return': -5.990420000000005, 'success_rate': 0.0, 'success_rate_stderr': 0.0, 'mean_length': 199.228, 'n_episodes': 500}",0.17099999999999999,"(0.25, 0.25, 0.5)"
280,0.8165340223310851,0.3791631889755645,"{'mean_return': -5.111820000000003, 'std_return': 1.7020709995766952, 'stderr_return': 0.07611892915169012, 'mean_discounted_return': -5.111820000000003, 'success_rate': 0.22, 'success_rate_stderr': 0.018525657883055057, 'mean_length': 176.848, 'n_episodes': 500}","{'mean_return': -4.636120000000003, 'std_return': 1.9492147510215523, 'stderr_return': 0.08717153372059036, 'mean_discounted_return': -4.636120000000003, 'success_rate': 0.334, 'success_rate_stderr': 0.02109236828807993, 'mean_length': 164.388, 'n_episodes': 500}","{'mean_return': -5.992800000000004, 'std_return': 0.0964290412686977, 'stderr_return': 0.004312437825638812, 'mean_discounted_return': -5.992800000000004, 'success_rate': 0.0, 'success_rate_stderr': 0.0, 'mean_length': 199.566, 'n_episodes': 500}",0.1385,"(0.25, 0.25, 0.5)"
285,0.8114302358056092,0.37078006425245996,"{'mean_return': -5.357720000000003, 'std_return': 1.4784159095464333, 'stderr_return': 0.0661167694552601, 'mean_discounted_return': -5.357720000000003, 'success_rate': 0.156, 'success_rate_stderr': 0.01622738426241272, 'mean_length': 182.718, 'n_episodes': 500}","{'mean_return': -5.237220000000003, 'std_return': 1.5599878434141752, 'stderr_return': 0.06976477723894786, 'mean_discounted_return': -5.237220000000003, 'success_rate': 0.21, 'success_rate_stderr': 0.01821537811850196, 'mean_length': 181.008, 'n_episodes': 500}","{'mean_return': -5.979240000000005, 'std_return': 0.2352518276230825, 'stderr_return': 0.010520781567925505, 'mean_discounted_return': -5.979240000000005, 'success_rate': 0.004, 'success_rate_stderr': 0.002822764602300376, 'mean_length': 198.734, 'n_episodes': 500}",0.0935,"(0.25, 0.25, 0.5)"
290,0.8451777878936325,0.37801882114874713,"{'mean_return': -5.017560000000003, 'std_return': 1.7110259046548681, 'stderr_return': 0.07651940468142718, 'mean_discounted_return': -5.017560000000003, 'success_rate': 0.206, 'success_rate_stderr': 0.01808668018183547, 'mean_length': 171.35, 'n_episodes': 500}","{'mean_return': -4.513540000000002, 'std_return': 1.9094458013779843, 'stderr_return': 0.08539301222465469, 'mean_discounted_return': -4.513540000000002, 'success_rate': 0.32, 'success_rate_stderr': 0.020861447696648473, 'mean_length': 157.364, 'n_episodes': 500}","{'mean_return': -5.809680000000004, 'std_return': 0.6801993072622192, 'stderr_return': 0.03041943778573177, 'mean_discounted_return': -5.809680000000004, 'success_rate': 0.0, 'success_rate_stderr': 0.0, 'mean_length': 189.194, 'n_episodes': 500}",0.1315,"(0.25, 0.25, 0.5)"
295,0.8253421339944416,0.3865468542137488,"{'mean_return': -5.131320000000003, 'std_return': 1.6487195812508597, 'stderr_return': 0.0737329811902382, 'mean_discounted_return': -5.131320000000003, 'success_rate': 0.22, 'success_rate_stderr': 0.018525657883055057, 'mean_length': 177.11, 'n_episodes': 500}","{'mean_return': -4.7373600000000025, 'std_return': 1.8473928197327207, 'stderr_return': 0.08261791852134756, 'mean_discounted_return': -4.7373600000000025, 'success_rate': 0.33, 'success_rate_stderr': 0.02102855201862458, 'mean_length': 167.884, 'n_episodes': 500}","{'mean_return': -5.874160000000004, 'std_return': 0.5823733290596353, 'stderr_return': 0.026044527041203965, 'mean_discounted_return': -5.874160000000004, 'success_rate': 0.02, 'success_rate_stderr': 0.006260990336999411, 'mean_length': 194.746, 'n_episodes': 500}",0.14750000000000002,"(0.25, 0.25, 0.5)"
300,0.8704704420639872,0.39104205423406424,"{'mean_return': -5.094660000000004, 'std_return': 1.6778501972464674, 'stderr_return': 0.07503574194209063, 'mean_discounted_return': -5.094660000000004, 'success_rate': 0.22, 'success_rate_stderr': 0.018525657883055057, 'mean_length': 175.694, 'n_episodes': 500}","{'mean_return': -4.746380000000003, 'std_return': 1.8565189725936044, 'stderr_return': 0.08302605248474737, 'mean_discounted_return': -4.746380000000003, 'success_rate': 0.34, 'success_rate_stderr': 0.021184900282984576, 'mean_length': 169.11, 'n_episodes': 500}","{'mean_return': -5.837400000000004, 'std_return': 0.6335475041384054, 'stderr_return': 0.028333105724576077, 'mean_discounted_return': -5.837400000000004, 'success_rate': 0.022, 'success_rate_stderr': 0.006559878047646922, 'mean_length': 193.072, 'n_episodes': 500}",0.15100000000000002,"(0.25, 0.25, 0.5)"
