seed,mode,lr,mean,best,best_epoch,final,epoch_at_0.35,epoch_at_0.4,epoch_at_0.42,csv_path,status,log_path
0,none,0.0003,0.4127459016393442,0.47200000000000003,180,0.416,10.0,20.0,115.0,results\phase3\analysis\lr_mode_isolation_sweep\seed_0_none_lr_0_0003.csv,ran,results\phase3\analysis\lr_mode_isolation_sweep\seed_0_none_lr_0_0003.log
0,none,0.0006,0.3083770491803279,0.45500000000000007,45,0.2745,20.0,20.0,45.0,results\phase3\analysis\lr_mode_isolation_sweep\seed_0_none_lr_0_0006.csv,ran,results\phase3\analysis\lr_mode_isolation_sweep\seed_0_none_lr_0_0006.log
0,none,0.0008,0.275172131147541,0.4445,55,0.2135,5.0,10.0,45.0,results\phase3\analysis\lr_mode_isolation_sweep\seed_0_none_lr_0_0008.csv,ran,results\phase3\analysis\lr_mode_isolation_sweep\seed_0_none_lr_0_0008.log
0,none,0.001,0.26134426229508195,0.451,45,0.176,20.0,30.0,35.0,results\phase3\analysis\lr_mode_isolation_sweep\seed_0_none_lr_0_001.csv,ran,results\phase3\analysis\lr_mode_isolation_sweep\seed_0_none_lr_0_001.log
0,none,0.002,0.23604918032786887,0.4305,45,0.22100000000000003,45.0,45.0,45.0,results\phase3\analysis\lr_mode_isolation_sweep\seed_0_none_lr_0_002.csv,ran,results\phase3\analysis\lr_mode_isolation_sweep\seed_0_none_lr_0_002.log
0,none,0.004,0.14656557377049187,0.3125,0,0.15100000000000002,,,,results\phase3\analysis\lr_mode_isolation_sweep\seed_0_none_lr_0_004.csv,ran,results\phase3\analysis\lr_mode_isolation_sweep\seed_0_none_lr_0_004.log
0,constant,0.0003,0.40742622950819674,0.4815,110,0.4335,45.0,55.0,55.0,results\phase3\analysis\lr_mode_isolation_sweep\seed_0_constant_lr_0_0003.csv,ran,results\phase3\analysis\lr_mode_isolation_sweep\seed_0_constant_lr_0_0003.log
0,constant,0.0006,0.31443442622950823,0.4175,30,0.2545,25.0,30.0,,results\phase3\analysis\lr_mode_isolation_sweep\seed_0_constant_lr_0_0006.csv,ran,results\phase3\analysis\lr_mode_isolation_sweep\seed_0_constant_lr_0_0006.log
0,constant,0.0008,0.30044262295081975,0.46849999999999997,55,0.22200000000000003,20.0,20.0,25.0,results\phase3\analysis\lr_mode_isolation_sweep\seed_0_constant_lr_0_0008.csv,ran,results\phase3\analysis\lr_mode_isolation_sweep\seed_0_constant_lr_0_0008.log
0,constant,0.001,0.25570491803278694,0.4455,30,0.18949999999999997,15.0,15.0,20.0,results\phase3\analysis\lr_mode_isolation_sweep\seed_0_constant_lr_0_001.csv,ran,results\phase3\analysis\lr_mode_isolation_sweep\seed_0_constant_lr_0_001.log
0,constant,0.002,0.19412295081967212,0.3125,0,0.137,,,,results\phase3\analysis\lr_mode_isolation_sweep\seed_0_constant_lr_0_002.csv,ran,results\phase3\analysis\lr_mode_isolation_sweep\seed_0_constant_lr_0_002.log
0,constant,0.004,0.1197622950819672,0.3125,0,0.114,,,,results\phase3\analysis\lr_mode_isolation_sweep\seed_0_constant_lr_0_004.csv,ran,results\phase3\analysis\lr_mode_isolation_sweep\seed_0_constant_lr_0_004.log
