clip_eps,gae_lambda,prefix,best,best_overall,mean,std,final,csv_path,best_checkpoint_epoch,status,log_path
0.4,0.95,cross_clip_gae_clip_0_4_gae_0_95,0.40700000000000003,0.454,0.3767131147540984,0.024395945533427173,0.4065,results\phase2\analysis\cross_clip_gae\cross_clip_gae_clip_0_4_gae_0_95.csv,,ran,results\phase2\analysis\cross_clip_gae\cross_clip_gae_clip_0_4_gae_0_95.log
0.4,0.9,cross_clip_gae_clip_0_4_gae_0_9,0.4105,0.468,0.31781967213114753,0.040621836572924376,0.3675,results\phase2\analysis\cross_clip_gae\cross_clip_gae_clip_0_4_gae_0_9.csv,,ran,results\phase2\analysis\cross_clip_gae\cross_clip_gae_clip_0_4_gae_0_9.log
0.3,0.95,cross_clip_gae_clip_0_3_gae_0_95,0.38249999999999995,0.41,0.35032786885245903,0.01593394836136083,0.3765,results\phase2\analysis\cross_clip_gae\cross_clip_gae_clip_0_3_gae_0_95.csv,,ran,results\phase2\analysis\cross_clip_gae\cross_clip_gae_clip_0_3_gae_0_95.log
0.3,0.9,cross_clip_gae_clip_0_3_gae_0_9,0.3745,0.41,0.33828688524590167,0.04329226826817091,0.373,results\phase2\analysis\cross_clip_gae\cross_clip_gae_clip_0_3_gae_0_9.csv,,ran,results\phase2\analysis\cross_clip_gae\cross_clip_gae_clip_0_3_gae_0_9.log
0.3,1.0,cross_clip_gae_clip_0_3_gae_1_0,0.3645,0.404,0.3200409836065573,0.042089319219366414,0.3435,results\phase2\analysis\cross_clip_gae\cross_clip_gae_clip_0_3_gae_1_0.csv,,ran,results\phase2\analysis\cross_clip_gae\cross_clip_gae_clip_0_3_gae_1_0.log
0.5,0.9,cross_clip_gae_clip_0_5_gae_0_9,0.466,0.524,0.4064590163934427,0.05496091755981149,0.4375,results\phase2\analysis\cross_clip_gae\cross_clip_gae_clip_0_5_gae_0_9.csv,,ran,results\phase2\analysis\cross_clip_gae\cross_clip_gae_clip_0_5_gae_0_9.log
0.4,1.0,cross_clip_gae_clip_0_4_gae_1_0,0.36849999999999994,0.42,0.32422950819672125,0.03308204117172082,0.311,results\phase2\analysis\cross_clip_gae\cross_clip_gae_clip_0_4_gae_1_0.csv,,ran,results\phase2\analysis\cross_clip_gae\cross_clip_gae_clip_0_4_gae_1_0.log
0.5,0.95,cross_clip_gae_clip_0_5_gae_0_95,0.43900000000000006,0.5,0.39354918032786884,0.03750852180038922,0.4075,results\phase2\analysis\cross_clip_gae\cross_clip_gae_clip_0_5_gae_0_95.csv,,ran,results\phase2\analysis\cross_clip_gae\cross_clip_gae_clip_0_5_gae_0_95.log
0.5,1.0,cross_clip_gae_clip_0_5_gae_1_0,0.38249999999999995,0.438,0.30501639344262294,0.05708414601950313,0.20299999999999999,results\phase2\analysis\cross_clip_gae\cross_clip_gae_clip_0_5_gae_1_0.csv,,ran,results\phase2\analysis\cross_clip_gae\cross_clip_gae_clip_0_5_gae_1_0.log
