state,row,col,covered,pi_d_star_V,pi_d_star_action,best_config_action,argmax_disagree,rank_correlation,ppo_discounted_return,ppo_discounted_return_stderr,value_gap,is_disagreement,severity,true_value_pi_beta,critic_pred_pi_beta,critic_abs_error,total_samples,log_coverage,goal_distance,start_distance,hazard_distance,local_connectivity
0,0,0,True,-0.149195231993416,3,3,0,0.316227766016838,0.9169379928074226,0.0600386969982312,-1.0661332248008386,0,0.0,-0.6583917841081031,-0.6400913000106812,0.0183004840974219,4483,8.40827078419205,64,0,32,1
1,0,1,True,-0.139865450940646,3,3,0,1.0,0.9193545681133888,0.0576251347416019,-1.059220019054035,0,0.0,-0.654656812301944,-0.6249808669090271,0.0296759453929168,4498,8.411610428841172,63,1,31,2
2,0,2,True,-0.1302203800787751,3,3,0,1.0,0.8508326542598276,0.1011343161855003,-0.9810530343386028,0,0.0,-0.6507640823934605,-0.5981927514076233,0.0525713309858372,5852,8.67470962929122,62,2,30,2
3,0,3,True,-0.1205004621774223,1,1,0,0.7999999999999999,0.8508326542598276,0.1011343161855003,-0.9713331164372498,0,0.0,-0.6468213996900594,-0.59195476770401,0.0548666319860493,7785,8.960082528170402,61,3,29,2
12,0,12,True,-0.9999989913057296,1,1,0,0.948683298050514,-0.8660203251420379,0.0,-0.1339786661636917,0,0.0,-0.998749913994299,-0.3140861392021179,0.6846637747921811,4,1.6094379124341003,62,20,26,3
13,0,13,True,-0.9999989913057296,1,1,0,0.948683298050514,-0.8660203251420379,0.0,-0.1339786661636918,0,0.0,-0.9994451719727506,-0.3009601533412933,0.6984850186314573,59,4.0943445622221,63,21,27,3
14,0,14,True,-0.9999989913057308,1,3,1,0.8944271909999159,-0.8660203251420379,0.0,-0.1339786661636929,0,0.0,-0.9997803120841644,-0.4522630572319031,0.5475172548522613,530,6.274762021241939,64,22,28,2
15,0,15,True,-0.9999989913057308,2,3,1,-0.6000000000000001,-0.8660203251420379,0.0,-0.133978666163693,0,0.0,-0.9997872254058288,-0.5152255296707153,0.4845616957351133,1510,7.32052696227274,65,23,29,1
16,0,16,True,-0.9999989913057288,1,1,0,0.948683298050514,-0.8660203251420379,0.0,-0.133978666163691,0,0.0,-0.9977852855838,-0.1733897626399994,0.8243955229438007,10,2.3978952727983707,54,28,16,2
17,0,17,True,-0.9999989913057306,3,3,0,0.7745966692414834,-0.8660203251420379,0.0,-0.1339786661636927,0,0.0,-0.9949664673455912,-0.2312313616275787,0.7637351057180125,7,2.0794415416798357,53,29,15,2
18,0,18,True,-0.9999989913057304,3,1,1,0.2581988897471611,-0.8660203251420379,0.0,-0.1339786661636925,0,0.0,-0.9948326245647072,-0.1975308656692505,0.7973017588954567,8,2.1972245773362196,52,30,14,2
19,0,19,True,-0.9999989913057304,1,3,1,0.8944271909999159,0.8122952097176688,0.1141228305690523,-1.8122942010233996,0,0.0,-0.9947717991073046,-0.0156972929835319,0.9790745061237728,9,2.302585092994046,51,31,13,3
20,0,20,True,-0.9999989913057304,1,3,1,0.2581988897471611,0.8122952097176688,0.1141228305690523,-1.812294201023399,0,0.0,-0.9993302343215454,-0.0768525674939155,0.92247766682763,7,2.0794415416798357,52,32,12,2
33,1,3,True,-0.1105703161820236,1,1,0,0.3999999999999999,0.8508326542598276,0.1011343161855003,-0.9614029704418512,0,0.0,-0.6404924696698217,-0.5844153761863708,0.0560770934834508,7041,8.859647499714997,60,4,28,2
34,1,4,True,-0.0706106872777191,3,3,0,1.0,0.9219213511809912,0.0550618414717827,-0.9925320384587104,0,0.0,-0.5549039749984941,-0.5718774199485779,0.0169734449500837,127,4.852030263919617,57,9,25,2
35,1,5,True,-0.0607870481355399,3,3,0,0.948683298050514,0.9223643991626173,0.0546194290293436,-0.9831514472981572,0,0.0,-0.5042573417023475,-0.5307928919792175,0.02653555027687,51,3.9512437185814275,58,10,26,2
36,1,6,True,-0.0502764685058096,3,3,0,0.7745966692414834,0.9223643991626173,0.0546194290293436,-0.9726408676684268,0,0.0,-0.497402133337797,-0.5272975564002991,0.029895423062502,52,3.970291913552122,59,11,27,2
37,1,7,True,-0.0394459303675319,1,1,0,1.0,0.9223643991626173,0.0546194290293436,-0.9618103295301492,0,0.0,-0.4916877289783841,-0.5317800641059875,0.0400923351276034,53,3.9889840465642745,60,12,28,2
40,1,10,True,-0.0716096369886086,3,3,0,0.7745966692414834,0.9260737466571424,0.0509158361196036,-0.9976833836457508,0,0.0,-0.945799658110508,-0.4447296261787414,0.5010700319317666,1,0.6931471805599453,61,19,27,3
41,1,11,True,-0.06223195742665,1,1,0,0.948683298050514,-0.8660203251420379,0.0,0.8037883677153879,0,0.0,-0.9445517198504224,-0.3623524010181427,0.5821993188322798,139,4.941642422609304,60,18,26,3
42,1,12,True,-0.9999989913057294,1,1,0,0.948683298050514,-0.8660203251420379,0.0,-0.1339786661636915,0,0.0,-0.9981780544037128,-0.2747661769390106,0.7234118774647023,83,4.430816798843313,61,19,25,4
43,1,13,True,-0.9999989913057296,2,0,1,0.1999999999999999,-0.8660203251420379,0.0,-0.1339786661636917,0,0.0,-0.999177392638572,-0.4499306678771972,0.5492467247613746,55,4.02535169073515,62,20,26,2
44,1,14,True,-0.9999989913057292,3,3,0,0.948683298050514,-0.8660203251420379,0.0,-0.1339786661636914,0,0.0,-0.9997841815402128,-0.3218069076538086,0.6779772738864042,161,5.087596335232384,59,23,21,2
45,1,15,True,-0.9999989913057292,1,1,0,1.0,-0.8660203251420379,0.0,-0.1339786661636913,0,0.0,-0.9997740367481146,-0.3140559494495392,0.6857180872985754,67,4.219507705176107,58,24,20,2
46,1,16,True,-0.9999989913057288,1,1,0,0.4472135954999579,-0.8660203251420379,0.0,-0.133978666163691,0,0.0,-0.9997631807900634,-0.1658081114292144,0.833955069360849,303,5.717027701406222,55,27,17,3
47,1,17,True,-0.9999989913057288,3,3,0,1.0,-0.8660203251420379,0.0,-0.1339786661636909,0,0.0,-0.9998869856878384,-0.3089138567447662,0.6909731289430722,2414,7.789454566086673,56,28,18,2
48,1,18,True,-0.9999989913057288,0,2,1,0.2581988897471611,-0.8660203251420379,0.0,-0.1339786661636908,0,0.0,-0.999889177169402,-0.3866180777549743,0.6132710994144277,4434,8.39728289474368,57,29,19,1
49,1,19,True,-0.9999989913057304,3,1,1,0.2108185106778919,0.8122952097176688,0.1141228305690523,-1.812294201023399,0,0.0,-0.9811418747180852,-0.0319647416472435,0.9491771330708418,8,2.1972245773362196,50,32,12,3
50,1,20,True,-0.9999989913057304,3,1,1,0.2581988897471611,0.8122952097176688,0.1141228305690523,-1.812294201023399,0,0.0,-0.9994501646216882,-0.1390483081340789,0.8604018564876093,8,2.1972245773362196,51,33,11,3
51,1,21,True,-0.9999989913057304,1,0,1,-0.2108185106778919,-0.8660203251420379,0.0,-0.1339786661636924,0,0.0,-0.9999530949396328,0.00954020768404,1.0094933026236728,13,2.6390573296152584,52,34,10,3
63,2,3,True,-0.1005982445109704,1,1,0,0.1999999999999999,0.8508326542598276,0.1011343161855003,-0.951430898770798,0,0.0,-0.6342396553910409,-0.6305562853813171,0.0036833700097237,5887,8.680671660408713,59,5,27,2
64,2,4,True,-0.0624973280232457,3,3,0,0.7999999999999999,0.9219213511809912,0.0550618414717827,-0.984418679204237,0,0.0,-0.5874585068946582,-0.5369592308998108,0.0504992759948473,4691,8.453614209773367,56,8,24,3
65,2,5,True,-0.0515773600944114,1,1,0,0.948683298050514,0.9219213511809912,0.0550618414717827,-0.9734987112754028,0,0.0,-0.5802196227788678,-0.5499200224876404,0.0302996002912274,7083,8.865593998902725,55,9,23,3
66,2,6,True,-0.0617687489792841,2,2,0,0.7999999999999999,0.9219213511809912,0.0550618414717827,-0.9836901001602754,0,0.0,-0.5855725353185728,-0.599087655544281,0.0135151202257082,3906,8.27052509505507,56,10,24,1
67,2,7,True,-0.029536926657846,3,3,0,0.7745966692414834,0.9251182651585652,0.051869756671592,-0.9546551918164112,0,0.0,-0.4850422298251066,-0.4909098148345947,0.0058675850094881,50,3.9318256327243257,59,13,27,2
68,2,8,True,-0.0184510383672474,3,3,0,0.7745966692414834,0.9251182651585652,0.051869756671592,-0.9435693035258126,0,0.0,-0.4792281262727008,-0.5112529993057251,0.0320248730330242,58,4.07753744390572,58,14,26,2
69,2,9,True,-0.0071792160267207,1,1,0,1.0,0.9260737466571424,0.0509158361196036,-0.933252962683863,0,0.0,-0.4733443816480646,-0.5129793286323547,0.0396349469842901,158,5.0689042022202315,57,15,25,2
70,2,10,True,-0.0043789448869842,3,3,0,0.7745966692414834,-0.8660203251420379,0.0,0.8616413802550537,0,0.0,-0.8949692318260641,-0.502613365650177,0.3923558661758871,7,2.0794415416798357,60,18,28,1
71,2,11,True,0.0056778331483034,1,0,1,-0.3999999999999999,0.9260737466571424,0.0509158361196036,-0.9203959135088388,0,0.0,-0.8938184708962957,-0.3390867710113525,0.5547316998849432,172,5.153291594497779,59,17,27,3
72,2,12,True,-0.9999989913057292,3,3,0,0.7745966692414834,-0.8660203251420379,0.0,-0.1339786661636914,0,0.0,-0.9997490046450276,-0.4495322704315185,0.5502167342135091,63,4.1588830833596715,62,20,24,2
73,2,13,True,-0.9999989913057292,3,3,0,0.948683298050514,-0.8660203251420379,0.0,-0.1339786661636914,0,0.0,-0.9997890595982284,-0.4742652773857116,0.5255237822125167,125,4.836281906951478,61,21,23,2
74,2,14,True,-0.9999989913057292,0,0,0,0.7745966692414834,-0.8660203251420379,0.0,-0.1339786661636914,0,0.0,-0.9997877880849432,-0.4388028383255005,0.5609849497594427,222,5.407171771460119,60,22,22,2
75,2,15,True,-0.999998991305729,3,3,0,0.7745966692414834,-0.8660203251420379,0.0,-0.1339786661636911,0,0.0,-0.9997711493947576,-0.340906023979187,0.6588651254155705,197,5.288267030694535,57,25,19,2
76,2,16,True,-0.9999989913057288,0,0,0,-0.1054092553389459,-0.8660203251420379,0.0,-0.133978666163691,0,0.0,-0.9997686127587576,-0.3565570712089538,0.6432115415498038,381,5.945420608606575,56,26,18,2
77,2,17,True,-0.9999989913057308,3,1,1,0.7378647873726218,0.8122952097176688,0.1141228305690523,-1.8122942010233996,0,0.0,-0.7285407971139668,-0.1478426158428192,0.5806981812711476,3,1.3862943611198906,47,35,15,2
78,2,18,True,-0.9999989913057306,3,1,1,0.2581988897471611,0.8122952097176688,0.1141228305690523,-1.8122942010233996,0,0.0,-0.966426468003318,-0.1827185153961181,0.7837079526071998,6,1.9459101490553132,48,34,14,2
79,2,19,True,-0.9999989913057304,0,1,1,-0.1054092553389459,0.8122952097176688,0.1141228305690523,-1.8122942010233996,0,0.0,-0.97278417587355,-0.2044628262519836,0.7683213496215665,10,2.3978952727983707,49,33,13,2
80,2,20,True,-0.9999989913057304,3,3,0,0.948683298050514,-0.8660203251420379,0.0,-0.1339786661636924,0,0.0,-0.9999789406738392,-0.1298694908618927,0.8701094498119464,14,2.70805020110221,52,36,12,2
81,2,21,True,-0.9999989913057302,0,1,1,-0.4472135954999579,-0.8660203251420379,0.0,-0.1339786661636923,0,0.0,-0.9999679500563544,-0.2361650168895721,0.7638029331667823,13,2.6390573296152584,53,35,11,2
93,3,3,True,-0.0905450830902286,3,3,0,0.1999999999999999,0.9219213511809912,0.0550618414717827,-1.0124664342712195,0,0.0,-0.6269368354096164,-0.626750648021698,0.0001861873879184,4869,8.490849216076635,58,6,26,3
94,3,4,True,-0.0800392667127592,0,0,0,0.7999999999999999,0.9219213511809912,0.0550618414717827,-1.0019606178937503,0,0.0,-0.6063343237987391,-0.5613827109336853,0.0449516128650537,4891,8.495356496807062,57,7,25,3
95,3,5,True,-0.0407855064700934,3,3,0,0.316227766016838,0.9223643991626173,0.0546194290293436,-0.9631499056327106,0,0.0,-0.5674864417813945,-0.5043124556541443,0.0631739861272502,4031,8.302017809751204,54,10,22,2
96,3,6,True,-0.0301138796480842,3,3,0,0.948683298050514,0.9223643991626173,0.0546194290293436,-0.9524782788107016,0,0.0,-0.5624079285130568,-0.5667696595191956,0.0043617310061387,3929,8.276394704863307,53,11,21,3
97,3,7,True,-0.0185717396093979,3,3,0,0.7999999999999999,0.9251182651585652,0.051869756671592,-0.943690004767963,0,0.0,-0.4947826804124337,-0.5076467990875244,0.0128641186750906,2185,7.689828668736484,54,12,22,2
98,3,8,True,-0.0075678168642861,3,3,0,0.948683298050514,0.9260737466571424,0.0509158361196036,-0.9336415635214284,0,0.0,-0.4873227263032924,-0.5113561749458313,0.0240334486425389,6553,8.787830829258759,55,13,23,3
99,3,9,True,0.0039248652068965,3,3,0,0.316227766016838,0.9260737466571424,0.0509158361196036,-0.9221488814502458,0,0.0,-0.4667662653797523,-0.4543457329273224,0.0124205324524299,3587,8.185350223178686,56,14,24,3
100,3,10,True,0.0155578517492,3,3,0,1.0,0.9265587380274164,0.0504316596801919,-0.9110008862782164,0,0.0,-0.4601939225143163,-0.4946437478065491,0.0344498252922327,3560,8.177796683277778,57,15,25,2
101,3,11,True,0.0268645090349298,3,3,0,0.316227766016838,0.9265587380274164,0.0504316596801919,-0.8996942289924865,0,0.0,-0.4540806737136358,-0.4470531344413757,0.0070275392722601,3577,8.182559264068665,58,16,26,3
102,3,12,True,0.0387618829738765,1,1,0,1.0,0.928548189878707,0.0484457213038787,-0.8897863069048305,0,0.0,-0.4360337424282499,-0.4805168211460113,0.0444830787177614,3844,8.254528881939745,57,17,27,2
103,3,13,True,0.0740543779031296,3,3,0,0.948683298050514,0.92804330398992,0.0489496885194691,-0.8539889260867902,0,0.0,-0.4086464649065113,-0.3933848738670349,0.0152615910394763,8261,9.01942196795671,54,20,30,2
104,3,14,True,0.0860792923671301,3,3,0,1.0,0.928548189878707,0.0484457213038787,-0.8424688975115769,0,0.0,-0.3748873905723694,-0.367435872554779,0.0074515180175904,3582,8.183955717304954,53,21,29,2
105,3,15,True,0.0984215744372217,3,3,0,1.0,0.928548189878707,0.0484457213038787,-0.8301266154414854,0,0.0,-0.3670621147491872,-0.3340957164764404,0.0329663982727468,3803,8.24380842366528,52,22,28,2
106,3,16,True,0.1107333343610088,1,1,0,1.0,0.9344501200452388,0.0425561453947816,-0.82371678568423,0,0.0,-0.3598788045077449,-0.3196269571781158,0.040251847329629,12018,9.39424400995279,51,23,27,2
107,3,17,True,-0.9999989913057308,0,0,0,0.7745966692414834,0.935019721247716,0.0419879200928082,-1.9350187125534464,0,0.0,-0.537315612441952,-0.2034194767475128,0.3338961356944392,1,0.6931471805599453,46,34,16,2
110,3,20,True,-0.9999989913057302,3,0,1,-0.1999999999999999,-0.8660203251420379,0.0,-0.1339786661636923,0,0.0,-0.9999876016677344,-0.1774848401546478,0.8225027615130867,13,2.6390573296152584,51,37,13,2
123,4,3,True,-0.1002431482871545,0,0,0,0.3999999999999999,0.8508326542598276,0.1011343161855003,-0.951075802546982,0,0.0,-0.7540346191209741,-0.7362136840820312,0.0178209350389428,882,6.78332520060396,59,7,25,2
124,4,4,True,-0.3602392699033599,1,0,1,-0.1054092553389459,0.9219213511809912,0.0550618414717827,-1.2821606210843512,0,0.0,-0.9678732519267323,-0.6506583094596863,0.317214942467046,515,6.246106765481563,58,8,24,3
125,4,5,True,-0.3674245398774288,2,2,0,0.3999999999999999,0.8508326542598276,0.1011343161855003,-1.2182571941372564,0,0.0,-0.978293413649758,-0.7434723973274231,0.2348210163223349,681,6.525029657843462,57,9,23,2
126,4,6,True,-0.0510221722660723,3,3,0,0.948683298050514,0.9223643991626173,0.0546194290293436,-0.9733865714286896,0,0.0,-0.6242874043841083,-0.5648267865180969,0.0594606178660114,1995,7.59890045687141,52,12,20,3
127,4,7,True,-0.0296941699924258,3,3,0,0.7999999999999999,0.9223643991626173,0.0546194290293436,-0.9520585691550432,0,0.0,-0.5076747027140286,-0.5289687514305115,0.0212940487164828,3572,8.181160858023409,53,13,21,2
128,4,8,True,-0.0186163497198209,0,0,0,0.7999999999999999,0.9251182651585652,0.051869756671592,-0.943734614878386,0,0.0,-0.4989137488747882,-0.5260427594184875,0.0271290105436993,6603,8.795430805040018,54,14,22,2
129,4,9,True,-0.524656697102266,1,3,1,0.7378647873726218,-0.8660203251420379,0.0,0.3413636280397718,1,0.3413636280397718,-0.9997106327914796,-0.5375686883926392,0.4621419443988404,15,2.772588722239781,49,17,17,2
130,4,10,True,-0.5383695757127787,3,3,0,0.7745966692414834,-0.8660203251420379,0.0,0.3276507494292592,0,0.0,-0.9997279038406024,-0.4301338791847229,0.5695940246558795,7,2.0794415416798357,50,18,18,2
131,4,11,True,-0.53363766240256,1,1,0,0.7745966692414834,-0.8660203251420379,0.0,0.3323826627394778,0,0.0,-0.9997254103175832,-0.5342176556587219,0.4655077546588612,4,1.6094379124341003,51,19,19,2
132,4,12,True,0.0503480752159214,3,3,0,0.3999999999999999,0.928548189878707,0.0484457213038787,-0.8782001146627856,0,0.0,-0.4286176399928106,-0.4391800165176391,0.0105623765248284,8206,9.012742727629712,56,18,28,2
133,4,13,True,0.0621420858564455,0,0,0,0.7999999999999999,0.92804330398992,0.0489496885194691,-0.8659012181334743,0,0.0,-0.4221664105763174,-0.4520541429519653,0.0298877323756479,12940,9.46815584482167,55,19,29,2
134,4,14,True,0.1486878185339229,1,1,0,1.0,0.935019721247716,0.0419879200928082,-0.786331902713793,0,0.0,-0.2783178612016014,-0.4727890789508819,0.1944712177492805,150,5.017279836814924,48,28,24,1
135,4,15,True,0.1357936426648056,1,1,0,0.948683298050514,0.935019721247716,0.0419879200928082,-0.7992260785829103,0,0.0,-0.3327118315441032,-0.3378897309303283,0.0051778993862251,13041,9.475930197953147,49,25,25,2
136,4,16,True,0.1231402404783336,2,2,0,0.3999999999999999,0.9344501200452388,0.0425561453947816,-0.8113098795669053,0,0.0,-0.3525225627888036,-0.3342422246932983,0.0182803380955052,17238,9.754929537894979,50,24,26,2
140,4,20,True,-0.9999989913057304,3,3,0,0.948683298050514,-0.8660203251420379,0.0,-0.1339786661636925,0,0.0,-0.9999946776215908,-0.2078115046024322,0.7921831730191586,8,2.1972245773362196,50,38,14,3
141,4,21,True,-0.9999989913057304,1,1,0,0.8944271909999159,-0.8660203251420379,0.0,-0.1339786661636924,0,0.0,-1.0000005203976636,-0.071058802306652,0.9289417180910116,7,2.0794415416798357,51,39,15,4
142,4,22,True,-0.9999989913057304,1,1,0,0.7745966692414834,-0.8660203251420379,0.0,-0.1339786661636924,0,0.0,-1.0000006407509217,-0.2049866914749145,0.7950139492760071,6,1.9459101490553132,52,40,16,2
143,4,23,True,-0.9999989913057304,1,1,0,0.948683298050514,-0.8660203251420379,0.0,-0.1339786661636925,0,0.0,-1.0000008833452654,-0.3037141859531402,0.6962866973921251,17,2.8903717578961645,57,45,21,1
153,5,3,True,-0.1102193849639234,0,0,0,0.316227766016838,0.8508326542598276,0.1011343161855003,-0.961052039223751,0,0.0,-0.8497460044380336,-0.7929185032844543,0.0568275011535792,518,6.251903883165888,60,8,24,2
154,5,4,True,-0.3672959436809476,0,0,0,0.7745966692414834,0.8508326542598276,0.1011343161855003,-1.2181285979407752,0,0.0,-0.9682281070533464,-0.7391508221626282,0.2290772848907183,53,3.9889840465642745,59,9,25,1
155,5,5,True,-0.3804213304023358,0,0,0,0.316227766016838,0.8508326542598276,0.1011343161855003,-1.2312539846621635,0,0.0,-0.9891447100097384,-0.727896511554718,0.2612481984550203,359,5.886104031450156,56,10,22,2
156,5,6,True,-0.4450749762011162,3,3,0,0.7745966692414834,-0.8660203251420379,0.0,0.4209453489409216,0,0.0,-0.9895264103428508,-0.5279939770698547,0.4615324332729961,509,6.234410725718371,51,13,19,2
157,5,7,True,-0.4506242262138574,2,3,1,0.3999999999999999,-0.8660203251420379,0.0,0.4153960989281804,1,0.4153960989281804,-0.999400069823854,-0.5279534459114075,0.4714466239124465,510,6.236369590203704,50,14,18,2
158,5,8,True,-0.4561179837264709,2,3,1,0.3999999999999999,-0.8660203251420379,0.0,0.409902341415567,1,0.409902341415567,-0.9996888000293078,-0.4941097497940063,0.5055790502353015,518,6.251903883165888,49,15,17,2
159,5,9,True,-0.5169407784607711,3,2,1,0.1054092553389459,-0.8660203251420379,0.0,0.3490795466812667,1,0.3490795466812667,-0.9996940731798248,-0.4193222522735595,0.5803718209062652,577,6.359573868672378,48,16,16,3
160,5,10,True,-0.5132646785980919,1,1,0,0.7999999999999999,-0.8660203251420379,0.0,0.352755646543946,0,0.0,-0.99969045836536,-0.6155509352684021,0.3841395230969577,590,6.3818160174060985,47,17,15,2
161,5,11,True,-0.5289269321780795,3,3,0,0.7745966692414834,-0.8660203251420379,0.0,0.3370933929639583,0,0.0,-0.9997220495128332,-0.4175201058387756,0.5822019436740575,7,2.0794415416798357,50,20,18,2
162,5,12,True,-0.5233755665936747,1,3,1,0.3999999999999999,-0.8660203251420379,0.0,0.3426447585483632,1,0.3426447585483632,-0.9997188722649524,-0.4110027849674225,0.5887160872975298,103,4.6443908991413725,49,21,17,2
163,5,13,True,-0.518561178835771,1,1,0,0.7999999999999999,-0.8660203251420379,0.0,0.3474591463062668,0,0.0,-0.9997156666131902,-0.5111013650894165,0.4886143015237737,1650,7.409136443920128,48,22,16,2
164,5,14,True,0.1612657597704479,1,1,0,0.948683298050514,0.935019721247716,0.0419879200928082,-0.7737539614772679,0,0.0,-0.2694964646497816,-0.3313586115837097,0.061862146933928,4963,8.509967146324497,47,27,23,3
165,5,15,True,0.1484372796910778,2,2,0,0.7999999999999999,0.935019721247716,0.0419879200928082,-0.786582441556638,0,0.0,-0.3056773126681208,-0.3584635853767395,0.0527862727086186,9059,9.111624399037025,48,26,24,2
166,5,16,True,0.1883820810828754,1,1,0,0.948683298050514,0.9379552016466162,0.0390601660281497,-0.7495731205637408,0,0.0,-0.2325803443518243,-0.3179313242435455,0.0853509798917212,96,4.574710978503383,45,31,19,2
167,5,17,True,0.2007984823935898,3,3,0,0.7745966692414834,0.9385602077137538,0.0384568987781592,-0.7377617253201639,0,0.0,-0.2258991915716872,-0.1972196698188781,0.028679521752809,54,4.007333185232471,44,32,18,3
168,5,18,True,0.2141281643705717,1,1,0,0.948683298050514,0.9385602077137538,0.0384568987781592,-0.7244320433431821,0,0.0,-0.2147357359382112,-0.2854751050472259,0.0707393691090147,182,5.209486152841421,43,33,19,2
169,5,19,True,0.285030694906508,3,3,0,1.0,0.9416781496063872,0.0353488604464321,-0.6566474546998791,0,0.0,-0.1608748996635731,-0.1047389283776283,0.0561359712859447,5316,8.57866451350434,38,36,15,2
170,5,20,True,0.2993130033425892,1,1,0,1.0,0.9429698638368402,0.03406177942812,-0.643656860494251,0,0.0,-0.1396759425768971,-0.1165637299418449,0.0231122126350522,3631,8.197538739721184,37,37,14,2
171,5,21,True,-0.9999989913057304,3,3,0,0.7745966692414834,-0.8660203251420379,0.0,-0.1339786661636924,0,0.0,-1.0000007036772065,-0.267613798379898,0.7323869052973082,1,0.6931471805599453,52,40,16,2
172,5,22,True,-0.9999989913057304,1,0,1,-0.2108185106778919,-0.8660203251420379,0.0,-0.1339786661636924,0,0.0,-1.000000758332976,-0.147135853767395,0.852864904565581,9,2.302585092994046,53,41,17,3
173,5,23,True,-0.9999989913057304,1,0,1,-0.2108185106778919,-0.8660203251420379,0.0,-0.1339786661636924,0,0.0,-1.000001060738978,-0.2467373013496399,0.7532637593893381,27,3.332204510175204,56,44,20,2
183,6,3,True,-0.1370191537767319,0,3,1,0.2108185106778919,0.9027934695893868,0.0741695199424968,-1.039812623366119,0,0.0,-0.9740815851491638,-0.7019159197807312,0.2721656653684325,1398,7.243512974665482,59,9,23,2
184,6,4,True,-0.1644677573508838,2,2,0,0.1999999999999999,0.9098585073819144,0.0671106037618125,-1.0743262647327982,0,0.0,-0.9772330627656116,-0.8990042209625244,0.078228841803087,1496,7.311218384419629,58,10,22,2
185,6,5,True,-0.6215554536345284,1,0,1,-0.1054092553389459,0.9193545681133888,0.0576251347416019,-1.5409100217479172,0,0.0,-0.9994459766033912,-0.7233418822288513,0.2761040943745397,845,6.740519359606223,55,11,21,3
186,6,6,True,-0.6330197400373492,2,1,1,0.1999999999999999,0.9098585073819144,0.0671106037618125,-1.5428782474192635,0,0.0,-0.9997574211519528,-0.7508584856987,0.2488989354532527,14933,9.611395771595648,54,12,20,3
187,6,7,True,-0.6370869928421473,2,2,0,0.3999999999999999,-0.8660203251420379,0.0,0.2289333322998905,0,0.0,-0.9997641883148788,-0.8018632531166077,0.197900935198271,14952,9.612667227583843,53,13,19,2
188,6,8,True,-0.5403555764835692,3,3,0,0.948683298050514,-0.8660203251420379,0.0,0.3256647486584686,0,0.0,-0.9995201281080272,-0.7103106379508972,0.28920949015713,114,4.74493212836325,52,22,20,2
189,6,9,True,-0.5354805603517543,1,2,1,0.3999999999999999,-0.8660203251420379,0.0,0.3305397647902836,1,0.3305397647902836,-0.9994933262088976,-0.729401171207428,0.2700921550014695,81,4.406719247264253,51,23,19,2
190,6,10,True,-0.5077443090193484,1,1,0,0.632455532033676,-0.8660203251420379,0.0,0.3582760161226894,0,0.0,-0.9996861452352496,-0.5157756805419922,0.4839104646932572,859,6.756932389247553,46,18,14,3
191,6,11,True,-0.5131171617000958,2,2,0,0.948683298050514,-0.8660203251420379,0.0,0.352903163441942,0,0.0,-0.9996894601192648,-0.541607677936554,0.4580817821827108,380,5.942799375126701,47,19,15,1
192,6,12,True,-0.5076738062467988,1,3,1,0.7378647873726218,-0.8660203251420379,0.0,0.358346518895239,1,0.358346518895239,-0.9997033499531284,-0.5343406796455383,0.46536267030759,3931,8.276903481267057,46,22,14,2
193,6,13,True,-0.5131729819592863,2,2,0,1.0,-0.8660203251420379,0.0,0.3528473431827515,0,0.0,-0.9997121634344842,-0.4208984673023224,0.5788136961321618,3212,8.074960359115858,47,23,15,2
194,6,14,True,0.1745872881872928,3,3,0,0.1999999999999999,0.935019721247716,0.0419879200928082,-0.7604324330604231,0,0.0,-0.2408984153579794,-0.3429866433143616,0.102088227956382,3539,8.17188200612782,46,28,22,2
195,6,15,True,0.1878916437389943,3,3,0,0.7999999999999999,0.9379552016466162,0.0390601660281497,-0.7500635579076218,0,0.0,-0.2318190551365109,-0.3241021037101745,0.0922830485736636,3533,8.170185652879642,45,29,21,2
196,6,16,True,0.2011856332909342,3,3,0,0.7999999999999999,0.9385602077137538,0.0384568987781592,-0.7373745744228196,0,0.0,-0.2230559541978091,-0.2530120611190796,0.0299561069212704,3488,8.157370441186774,44,30,20,3
197,6,17,True,0.2150893492809641,1,3,1,0.7378647873726218,0.9385602077137538,0.0384568987781592,-0.7234708584327896,0,0.0,-0.214018334936771,-0.2962520122528076,0.0822336773160365,3366,8.121777419161074,43,31,20,3
198,6,18,True,0.2278343082500714,1,1,0,0.1999999999999999,0.9385602077137538,0.0384568987781592,-0.7107258994636825,0,0.0,-0.2055742119601498,-0.2057250142097473,0.0001508022495975,3162,8.059276223305648,42,32,19,3
199,6,19,True,0.270679887343212,0,0,0,0.1999999999999999,0.942320761208472,0.0347085107801228,-0.6716408738652598,0,0.0,-0.1728936320870663,-0.2144375741481781,0.0415439420611117,6045,8.707152175339404,39,35,16,2
200,6,20,True,0.3138330068265947,3,3,0,0.632455532033676,0.9429698638368402,0.03406177942812,-0.6291368570102455,0,0.0,-0.1293492168618825,-0.0357456281781196,0.0936035886837629,5315,8.578476419833136,36,38,13,3
201,6,21,True,0.3285036754200274,1,1,0,1.0,0.944956776856968,0.0320827202191135,-0.6164531014369407,0,0.0,-0.0971531574439318,-0.1373684406280517,0.0402152831841198,3410,8.134760782418645,37,39,14,2
202,6,22,True,-0.9999989913057302,3,3,0,0.7745966692414834,-0.8660203251420379,0.0,-0.1339786661636923,0,0.0,-1.00000090500067,-0.312885969877243,0.6871149351234269,15,2.772588722239781,54,42,18,2
203,6,23,True,-0.9999989913057302,1,3,1,0.7378647873726218,-0.8660203251420379,0.0,-0.1339786661636923,0,0.0,-1.0000010101165575,-0.2975849211215973,0.7024160889949604,276,5.6240175061873385,55,43,19,3
204,6,24,True,-0.9999989913057302,2,2,0,0.8944271909999159,-0.8660203251420379,0.0,-0.1339786661636923,0,0.0,-1.0000009834705246,-0.4201672077178955,0.5798337757526291,290,5.673323267171493,56,44,20,1
214,7,4,True,-0.6184021466597054,3,2,1,0.2581988897471611,0.9098585073819144,0.0671106037618125,-1.52826065404162,0,0.0,-0.9988564131986806,-0.7052227854728699,0.2936336277258107,185,5.225746673713202,57,11,21,2
215,7,5,True,-0.6222181249677922,2,0,1,0.2108185106778919,0.9193545681133888,0.0576251347416019,-1.541572693081181,0,0.0,-0.9994412447600854,-0.760040819644928,0.2394004251151574,322,5.777652323222656,56,12,20,3
216,7,6,True,-0.6370702842698478,0,0,0,0.3999999999999999,-0.8660203251420379,0.0,0.22895004087219,0,0.0,-0.9997612685730458,-0.8140208721160889,0.1857403964569569,8097,8.999372396592106,55,13,21,2
217,7,7,True,-0.6411211558650658,0,0,0,0.1999999999999999,0.9098585073819144,0.0671106037618125,-1.5509796632469803,0,0.0,-0.999768518641505,-0.7778770327568054,0.2218914858846995,7336,8.900685318713995,52,14,18,2
218,7,8,True,-0.5455209049786076,0,0,0,0.7999999999999999,-0.8660203251420379,0.0,0.3204994201634302,0,0.0,-0.999530825357826,-0.7469120621681213,0.2526187631897048,119,4.787491742782046,53,21,21,2
219,7,9,True,-0.5297450857713044,1,0,1,0.3999999999999999,-0.8660203251420379,0.0,0.3362752393707334,1,0.3362752393707334,-0.99946867101966,-0.7068676948547363,0.2926009761649236,52,3.970291913552122,50,24,18,2
220,7,10,True,-0.5021250971522591,3,3,0,0.316227766016838,-0.8660203251420379,0.0,0.3638952279897788,0,0.0,-0.9996779629931724,-0.4554041624069214,0.544273800586251,579,6.363028103540465,45,19,13,2
221,7,11,True,-0.4965448102596373,1,3,1,0.7378647873726218,-0.8660203251420379,0.0,0.3694755148824005,1,0.3694755148824005,-0.9996741570298648,-0.6041157841682434,0.3955583728616214,2956,7.9919305198524775,44,20,12,3
222,7,12,True,-0.5021346299188519,2,2,0,0.7999999999999999,-0.8660203251420379,0.0,0.3638856952231859,0,0.0,-0.9996915806100264,-0.4562239646911621,0.5434676159188644,4697,8.454892165218858,45,21,13,2
223,7,13,True,-0.4617604241778832,3,3,0,0.948683298050514,-0.8660203251420379,0.0,0.4042599009641546,0,0.0,-0.999798023739096,-0.5104015469551086,0.4893964767839873,885,6.786716950605081,40,26,16,2
224,7,14,True,-0.4558422493309628,3,3,0,0.7999999999999999,-0.8660203251420379,0.0,0.410178075811075,0,0.0,-0.9997929010389168,-0.2922715246677398,0.7075213763711771,476,6.1675164908883415,39,27,15,2
225,7,15,True,-0.4496519044363165,3,3,0,1.0,-0.8660203251420379,0.0,0.4163684207057213,0,0.0,-0.9997903567974608,-0.3916906118392944,0.6080997449581664,2030,7.616283561580385,38,28,14,3
226,7,16,True,-0.4433561946348205,1,1,0,0.7999999999999999,-0.8660203251420379,0.0,0.4226641305072173,0,0.0,-0.9997874120746602,-0.4266344606876373,0.5731529513870228,22930,10.040244985890988,37,29,13,2
227,7,17,True,0.2282851313631043,3,3,0,0.632455532033676,0.9385602077137538,0.0384568987781592,-0.7102750763506495,0,0.0,-0.2047016983984329,-0.2605246007442474,0.0558229023458144,679,6.522092798170152,42,32,19,2
228,7,18,True,0.242013517762858,3,3,0,0.7999999999999999,0.9385602077137538,0.0384568987781592,-0.6965466899508957,0,0.0,-0.1957452467288319,-0.1989715695381164,0.0032263228092845,4610,8.436200032206706,41,33,18,3
229,7,19,True,0.2564470194307167,0,0,0,1.0,0.9397886150942288,0.0372321955028651,-0.683341595663512,0,0.0,-0.1863962675293635,-0.2289440035820007,0.0425477360526371,5200,8.556606193773073,40,34,17,2
230,7,20,True,0.3199842440990898,1,0,1,-0.6000000000000001,0.9429698638368402,0.03406177942812,-0.6229856197377504,0,0.0,-0.1556465168211203,-0.170813649892807,0.0151671330716866,2070,7.635786861395585,35,39,12,2
231,7,21,True,0.343462719457174,3,3,0,0.948683298050514,0.9463150605010388,0.030730388856687,-0.6028523410438648,0,0.0,-0.0859111031482038,-0.0684415325522422,0.0174695705959616,3324,8.109224953089955,36,40,13,2
232,7,22,True,0.3583996529285838,1,1,0,0.7999999999999999,0.9463150605010388,0.030730388856687,-0.587915407572455,0,0.0,-0.0755356956145334,-0.1160576418042182,0.0405219461896848,3424,8.138856750696325,35,41,12,2
233,7,23,True,0.3773995065191986,1,3,1,0.2108185106778919,0.9463150605010388,0.030730388856687,-0.5689155539818401,0,0.0,-0.0552370626554147,0.0228808298707008,0.0781178925261155,4,1.6094379124341003,34,46,12,2
234,7,24,True,0.3867814023777276,1,1,0,0.7745966692414834,0.948404370499957,0.0286513339657225,-0.5616229681222293,0,0.0,-0.0454446537467388,0.026494987308979,0.0719396410557179,5,1.791759469228055,33,47,11,2
243,8,3,True,-0.6518910013860298,3,2,1,0.2581988897471611,0.9027934695893868,0.0741695199424968,-1.5546844709754168,0,0.0,-0.9997618020297712,-0.7692127823829651,0.230549019646806,1,0.6931471805599453,53,15,17,2
244,8,4,True,-0.6483747491023738,3,3,0,0.7745966692414834,-0.8660203251420379,0.0,0.217645576039664,0,0.0,-0.9997589369233212,-0.7552013993263245,0.2445575375969967,28,3.367295829986474,54,14,18,2
245,8,5,True,-0.644561200516395,3,3,0,0.1999999999999999,-0.8660203251420379,0.0,0.2214591246256428,0,0.0,-0.9997561493284176,-0.6959783434867859,0.3037778058416318,1166,7.062191632286556,55,13,19,3
246,8,6,True,-0.6411045883746725,0,0,0,0.632455532033676,0.9098585073819144,0.0671106037618125,-1.550963095756587,0,0.0,-0.9997619868713408,-0.7315372228622437,0.2682247640090972,3263,8.090708716083997,56,14,20,2
247,8,7,True,-0.6450560714468386,0,0,0,0.316227766016838,-0.8660203251420379,0.0,0.2209642536951992,0,0.0,-0.999770680563573,-0.840965986251831,0.1588046943117419,2303,7.742402021815782,51,15,17,2
248,8,8,True,-0.551279916656359,0,0,0,0.7999999999999999,-0.8660203251420379,0.0,0.3147404084856788,0,0.0,-0.9995389822551144,-0.8103194236755371,0.1892195585795772,67,4.219507705176107,54,20,20,2
249,8,9,True,-0.5241313912854342,3,2,1,0.2581988897471611,-0.8660203251420379,0.0,0.3418889338566037,1,0.3418889338566037,-0.9993832436608846,-0.566327691078186,0.4330555525826985,87,4.477336814478207,49,25,17,2
250,8,10,True,-0.5187606677197844,1,2,1,0.3999999999999999,-0.8660203251420379,0.0,0.3472596574222535,1,0.3472596574222535,-0.9993742459888656,-0.8273014426231384,0.172072803365727,123,4.820281565605037,48,26,16,2
251,8,11,True,-0.490905939238684,3,3,0,0.948683298050514,-0.8660203251420379,0.0,0.3751143859033539,0,0.0,-0.999576290267418,-0.5873415470123291,0.4122347432550888,1851,7.524021415206125,43,21,11,3
252,8,12,True,-0.4852189718000852,1,1,0,0.7999999999999999,-0.8660203251420379,0.0,0.3808013533419526,0,0.0,-0.9997186039457734,-0.7264924645423889,0.2732261394033844,684,6.529418838262226,42,22,12,2
253,8,13,True,-0.4675913977501592,0,0,0,0.7999999999999999,-0.8660203251420379,0.0,0.3984289273918787,0,0.0,-0.9997990987824898,-0.5863417983055115,0.4134573004769784,927,6.833031732786201,41,25,15,2
255,8,15,True,-0.4557760337649337,0,0,0,0.3999999999999999,-0.8660203251420379,0.0,0.4102442913771041,0,0.0,-0.9997914045244916,-0.490953654050827,0.5088377504736645,377,5.934894195619588,39,29,13,2
256,8,16,True,-0.437098066158457,1,0,1,-0.6000000000000001,-0.8660203251420379,0.0,0.4289222589835809,1,0.4289222589835809,-0.9997848406272288,-0.4146739542484283,0.5851108863788004,22303,10.012521313560251,36,30,12,2
259,8,19,True,0.3196809015241734,3,3,0,0.7745966692414834,0.9436255230574144,0.0334086088103013,-0.623944621533241,0,0.0,-0.2906707116511621,-0.1334402859210968,0.1572304257300653,7,2.0794415416798357,35,41,12,2
260,8,20,True,0.3352326963965757,1,1,0,0.948683298050514,0.9157832656923504,0.0611920683435855,-0.5805505692957746,0,0.0,-0.2823585739078947,-0.1617275178432464,0.1206310560646483,207,5.337538079701318,34,40,11,3
261,8,21,True,0.3592855519970583,3,3,0,0.632455532033676,0.9463150605010388,0.030730388856687,-0.5870295085039805,0,0.0,-0.1601898439874796,-0.107883833348751,0.0523060106387285,107,4.68213122712422,33,43,10,2
262,8,22,True,0.3737041499560954,1,1,0,0.3999999999999999,0.9463150605010388,0.030730388856687,-0.5726109105449433,0,0.0,-0.0647224219723912,-0.0778630897402763,0.013140667767885,3277,8.094988759303774,34,42,11,3
263,8,23,True,0.3913126326219002,1,3,1,0.7378647873726218,0.948404370499957,0.0286513339657225,-0.5570917378780568,0,0.0,-0.0448322099406595,0.0282774195075035,0.0731096294481631,91,4.5217885770490405,33,45,11,3
264,8,24,True,0.4066367422517788,1,1,0,0.7745966692414834,0.9477009228049574,0.0293511662505975,-0.5410641805531786,0,0.0,-0.0343650163451419,0.0435069426894187,0.0778719590345607,129,4.867534450455582,32,46,10,3
276,9,6,True,-0.6492543454568148,3,3,0,0.948683298050514,-0.8660203251420379,0.0,0.216765979685223,0,0.0,-0.9997496943472176,-0.9565609097480774,0.0431887845991402,11,2.4849066497880004,49,17,15,3
277,9,7,True,-0.6457114602941997,0,0,0,1.0,0.9098585073819144,0.0671106037618125,-1.555569967676114,0,0.0,-0.999767308316807,-0.8290092349052429,0.1707580734115641,373,5.924255797414532,50,16,16,3
278,9,8,True,-0.5560796303735788,0,0,0,0.948683298050514,-0.8660203251420379,0.0,0.3099406947684591,0,0.0,-0.9995467460498714,-0.873389720916748,0.1261570251331233,34,3.5553480614894135,53,19,19,2
279,9,9,True,-0.5078561608978046,1,3,1,0.7378647873726218,-0.8660203251420379,0.0,0.3581641642442332,1,0.3581641642442332,-0.9992844047077232,-0.8604894876480103,0.1387949170597128,90,4.51085950651685,46,24,14,2
280,9,10,True,-0.5129129007944857,2,0,1,0.2108185106778919,-0.8660203251420379,0.0,0.3531074243475521,1,0.3531074243475521,-0.9993397916541767,-0.6091629862785339,0.3901768053756429,71,4.276666119016055,47,25,15,2
281,9,11,True,-0.4867110755410819,1,0,1,0.2108185106778919,-0.8660203251420379,0.0,0.3793092496009559,1,0.3793092496009559,-0.9994876373041508,-0.7399373650550842,0.2595502722490667,1244,7.126890808898808,42,22,10,2
282,9,12,True,-0.4794712295174945,3,2,1,-0.2108185106778919,-0.8660203251420379,0.0,0.3865490956245433,1,0.3865490956245433,-0.9997829214239292,-0.4459379017353058,0.5538450196886235,477,6.169610732491456,41,23,13,2
283,9,13,True,-0.4736787717991432,0,0,0,1.0,-0.8660203251420379,0.0,0.3923415533428946,0,0.0,-0.9997823461917732,-0.5830320715904236,0.4167502746013497,523,6.261491684321042,40,24,14,3
285,9,15,True,-0.4616452929731531,0,0,0,0.948683298050514,-0.8660203251420379,0.0,0.4043750321688847,0,0.0,-0.9997748141297236,-0.5493037104606628,0.4504711036690607,57,4.060443010546419,38,28,12,2
286,9,16,True,-0.4309067046138745,1,0,1,-0.6000000000000001,-0.8660203251420379,0.0,0.4351136205281634,1,0.4351136205281634,-0.999718963776964,-0.4697324335575104,0.5299865302194537,1570,7.359467638255621,35,31,11,2
290,9,20,True,0.3503465884234817,3,3,0,0.632455532033676,0.9463150605010388,0.030730388856687,-0.5959684720775571,0,0.0,-0.2777466379516705,-0.1129105165600776,0.1648361213915928,213,5.365976015021851,33,41,10,2
291,9,21,True,0.3660539678957236,3,3,0,0.632455532033676,0.9463150605010388,0.030730388856687,-0.5802610926053151,0,0.0,-0.2696716218454681,-0.1123178377747535,0.1573537840707145,365,5.902633333401366,32,42,9,4
292,9,22,True,0.3896220596330793,3,3,0,1.0,0.948404370499957,0.0286513339657225,-0.5587823108668777,0,0.0,-0.0514292453377652,-0.0370349362492561,0.0143943090885091,3431,8.140898460607852,33,43,10,3
293,9,23,True,0.4059473506169075,3,3,0,1.0,0.9477009228049574,0.0293511662505975,-0.54175357218805,0,0.0,-0.034533325721219,0.0097314938902854,0.0442648196115045,3365,8.121480374750751,32,44,10,3
294,9,24,True,0.4221103127427769,1,1,0,0.3999999999999999,0.948404370499957,0.0286513339657225,-0.52629405775718,0,0.0,-0.0232046573342824,0.0006783828139305,0.0238830401482129,3402,8.132412674500905,31,45,9,3
306,10,6,True,-0.6539154169664331,0,0,0,0.7745966692414834,-0.8660203251420379,0.0,0.2121049081756048,0,0.0,-0.999674919448488,-1.0160068273544312,0.016331907905943,4,1.6094379124341003,48,18,16,2
307,10,7,True,-0.565349493571738,3,2,1,0.2581988897471611,-0.8660203251420379,0.0,0.3006708315702998,1,0.3006708315702998,-0.9995728419370704,-0.7190445065498352,0.2805283353872352,22,3.1354942159291497,51,17,17,2
308,10,8,True,-0.5607500177933845,0,3,1,0.1054092553389459,-0.8660203251420379,0.0,0.3052703073486533,1,0.3052703073486533,-0.9995628046319596,-0.7426890730857849,0.2568737315461746,27,3.332204510175204,52,18,18,2
309,10,9,True,-0.502528400962786,1,0,1,0.2108185106778919,-0.8660203251420379,0.0,0.3634919241792519,1,0.3634919241792519,-0.9992312772859612,-0.8995814323425293,0.0996498449434319,59,4.0943445622221,45,23,13,2
310,10,10,True,-0.4875732346456151,3,1,1,0.7378647873726218,-0.8660203251420379,0.0,0.3784470904964228,1,0.3784470904964228,-0.998117751307553,-0.8789497017860413,0.1191680495215117,46,3.8501476017100584,42,24,10,2
311,10,11,True,-0.4811232970998357,3,2,1,0.1054092553389459,-0.8660203251420379,0.0,0.3848970280422021,1,0.3848970280422021,-0.998074014149628,-0.6989006400108337,0.2991733741387942,1694,7.43543801981455,41,23,9,4
312,10,12,True,-0.4749096174370856,1,2,1,0.3999999999999999,-0.8660203251420379,0.0,0.3911107077049522,1,0.3911107077049522,-0.9979509605115404,-0.8704609274864197,0.1274900330251208,1417,7.257002707092073,40,24,8,2
313,10,13,True,-0.4791392270133111,3,3,0,0.948683298050514,-0.8660203251420379,0.0,0.3868810981287267,0,0.0,-0.9995003995571754,-0.6145780086517334,0.384922390905442,74,4.31748811353631,39,25,13,3
314,10,14,True,-0.4738846487339188,3,3,0,0.7745966692414834,-0.8660203251420379,0.0,0.392135676408119,0,0.0,-0.999461571852426,-0.3757283091545105,0.6237332626979156,44,3.8066624897703196,38,26,12,3
315,10,15,True,-0.4681921819929572,0,0,0,0.3999999999999999,-0.8660203251420379,0.0,0.3978281431490806,0,0.0,-0.9994503617130684,-0.5557803511619568,0.4436700105511115,77,4.356708826689592,37,27,11,3
316,10,16,True,-0.4247562835180346,1,0,1,0.7378647873726218,-0.8660203251420379,0.0,0.4412640416240032,1,0.4412640416240032,-0.998612718663987,-0.5264795422554016,0.4721331764085854,91,4.5217885770490405,34,32,10,2
320,10,20,True,0.0509861233082606,3,2,1,0.2581988897471611,-0.8660203251420379,0.0,0.9170064484502986,1,0.9170064484502986,-0.8205459664186805,-0.1491748392581939,0.6713711271604865,51,3.9512437185814275,32,42,9,1
321,10,21,True,0.0627560598802375,2,1,1,0.0,-0.8660203251420379,0.0,0.9287763850222752,1,0.9287763850222752,-0.8185012312042956,-0.2058741748332977,0.6126270563709979,1261,7.140453043101158,31,41,8,3
322,10,22,True,0.4014399115633185,3,3,0,0.948683298050514,0.9477009228049574,0.0293511662505975,-0.546261011241639,0,0.0,-0.0473494056746385,-0.1743396520614624,0.1269902463868238,4,1.6094379124341003,32,48,10,2
323,10,23,True,0.4226738492786455,3,3,0,0.948683298050514,0.948404370499957,0.0286513339657225,-0.5257305212213115,0,0.0,-0.0246033141259598,-0.0171429440379142,0.0074603700880455,110,4.709530201312334,31,47,9,2
324,10,24,True,0.4382505002579357,1,1,0,0.3999999999999999,0.9477009228049574,0.0293511662505975,-0.5094504225470217,0,0.0,-0.0118871470951946,-0.0432298108935356,0.0313426637983409,3473,8.153061946801051,30,46,8,3
339,11,9,True,-0.4975034357742672,3,3,0,0.7745966692414834,-0.8660203251420379,0.0,0.3685168893677706,0,0.0,-0.9981680436203978,-0.6294940114021301,0.3686740322182676,3,1.3862943611198906,44,22,12,3
340,11,10,True,-0.4924277133616219,3,3,0,0.7745966692414834,-0.8660203251420379,0.0,0.3735926117804159,0,0.0,-0.99811833587027,-0.5924639105796814,0.4056544252905886,48,3.8918202981106265,43,23,11,3
341,11,11,True,-0.4869540050099576,0,0,0,0.948683298050514,-0.8660203251420379,0.0,0.3790663201320802,0,0.0,-0.9980961906547416,-0.825002908706665,0.1730932819480765,801,6.687108607866515,42,24,10,3
342,11,12,True,-0.4690033260678286,1,0,1,0.3999999999999999,-0.8660203251420379,0.0,0.3970169990742092,1,0.3970169990742092,-0.9976328859339147,-0.83002108335495,0.1676118025789648,476,6.1675164908883415,39,25,7,2
343,11,13,True,-0.4854034169308654,0,0,0,0.632455532033676,-0.8660203251420379,0.0,0.3806169082111724,0,0.0,-0.9995058023075746,-0.649257481098175,0.3502483212093995,48,3.8918202981106265,40,26,14,1
344,11,14,True,-0.4450740162626696,1,3,1,0.2581988897471611,-0.8660203251420379,0.0,0.4209463088793682,1,0.4209463088793682,-0.9904088708609816,-0.7063612937927246,0.2840475770682571,1,0.6931471805599453,35,29,9,2
345,11,15,True,-0.4729230525508814,0,0,0,0.7745966692414834,-0.8660203251420379,0.0,0.3930972725911564,0,0.0,-0.9989792996375848,-0.4452835619449615,0.5536957376926231,31,3.4657359027997265,36,28,10,2
346,11,16,True,-0.4189457413856296,3,3,0,0.948683298050514,-0.8660203251420379,0.0,0.4470745837564082,0,0.0,-0.9774834752475056,-0.4784790873527527,0.4990043878947529,9,2.302585092994046,33,33,9,3
347,11,17,True,-0.4130765069084527,3,3,0,0.948683298050514,-0.8660203251420379,0.0,0.4529438182335851,0,0.0,-0.9770405979947632,-0.4982993900775909,0.4787412079171722,17,2.8903717578961645,32,34,9,3
348,11,18,True,-0.4066919472596201,1,1,0,0.948683298050514,-0.8660203251420379,0.0,0.4593283778824177,0,0.0,-0.9767135698042808,-0.505623459815979,0.4710901099883019,13,2.6390573296152584,31,35,8,2
349,11,19,True,-0.3995737034638141,3,3,0,0.7745966692414834,-0.8660203251420379,0.0,0.4664466216782237,0,0.0,-0.9773477878818032,-0.2738900780677795,0.7034577098140236,1,0.6931471805599453,30,38,7,3
350,11,20,True,-0.3813357850927889,1,1,0,0.7745966692414834,-0.8660203251420379,0.0,0.4846845400492489,0,0.0,-0.9772147331481008,-0.3970171213150024,0.5801976118330983,1,0.6931471805599453,31,39,8,2
351,11,21,True,0.0423664688429666,0,0,0,0.1999999999999999,-0.8660203251420379,0.0,0.9083867939850044,0,0.0,-0.8320090054631716,-0.2794787287712097,0.5525302766919619,1228,7.113956109566034,30,40,7,2
352,11,22,True,0.3933015507582568,3,3,0,0.7745966692414834,0.9463150605010388,0.030730388856687,-0.553013509742782,0,0.0,-0.0501869652879691,-0.1495312452316284,0.0993442799436592,1,0.6931471805599453,33,49,11,2
353,11,23,True,0.4073753035704438,1,1,0,0.7745966692414834,0.948404370499957,0.0286513339657225,-0.5410290669295131,0,0.0,-0.0397763988890141,-0.2661187350749969,0.2263423361859828,3,1.3862943611198906,32,50,10,2
354,11,24,True,0.4549076224927855,3,3,0,0.632455532033676,0.9512899379654398,0.0257826562694375,-0.4963823154726542,0,0.0,-0.0003803612445105,-0.0091429874300956,0.008762626185585,4022,8.299783171949787,29,47,7,3
355,11,25,True,0.4716663651410644,3,3,0,1.0,0.952029638338828,0.0250479103136374,-0.4803632731977637,0,0.0,0.015782736502054,0.0247342661023139,0.0089515296002599,4056,8.308199063206446,28,48,6,3
356,11,26,True,0.4886024519491065,1,1,0,1.0,0.9512899379654398,0.0257826562694375,-0.4626874860163333,0,0.0,0.0319004761665057,0.0791413113474845,0.0472408351809788,3541,8.17244681834278,27,49,5,2
357,11,27,True,0.4668554928503866,1,1,0,0.948683298050514,0.9512899379654398,0.0257826562694375,-0.4844344451150532,0,0.0,-0.232724090769461,0.1231923475861549,0.3559164383556159,92,4.532599493153256,28,50,2,2
358,11,28,True,0.4003645287554899,1,1,0,0.948683298050514,0.9542938724347104,0.0228008331719305,-0.5539293436792205,0,0.0,-0.8046283574895476,0.2169082462787628,1.0215366037683105,105,4.663439094112067,27,51,1,3
370,12,10,True,-0.4974986202968727,3,3,0,0.7745966692414834,-0.8660203251420379,0.0,0.3685217048451651,0,0.0,-0.99814670424257,-0.6805725693702698,0.3175741348723002,2,1.0986122886681098,42,26,8,2
371,12,11,True,-0.4924228492430416,0,0,0,0.632455532033676,-0.8660203251420379,0.0,0.3735974758989962,0,0.0,-0.998123305670786,-0.6899515390396118,0.308171766631174,19,2.995732273553991,43,25,9,2
372,12,12,True,-0.4636397237591588,3,2,1,0.2581988897471611,-0.8660203251420379,0.0,0.402380601382879,1,0.402380601382879,-0.988593843950208,-0.5551037192344666,0.4334901247157414,31,3.4657359027997265,38,26,6,2
373,12,13,True,-0.457022005684339,1,2,1,0.7378647873726218,-0.8660203251420379,0.0,0.4089983194576988,1,0.4089983194576988,-0.9882224551612044,-0.9597476124763488,0.0284748426848554,29,3.4011973816621555,37,27,5,2
374,12,14,True,-0.4394687037539477,3,2,1,0.2581988897471611,-0.8660203251420379,0.0,0.4265516213880901,1,0.4265516213880901,-0.9768913229295167,-0.4392283856868744,0.5376629372426424,2,1.0986122886681098,34,30,8,2
375,12,15,True,-0.4338067719269558,3,3,0,0.7745966692414834,-0.8660203251420379,0.0,0.432213553215082,0,0.0,-0.9762712633368722,-0.6940832734107971,0.2821879899260751,7,2.0794415416798357,33,31,7,3
376,12,16,True,-0.4261908063886284,3,3,0,0.948683298050514,-0.8660203251420379,0.0,0.4398295187534095,0,0.0,-0.9759179500880126,-0.5659621357917786,0.409955814296234,9,2.302585092994046,32,32,8,4
377,12,17,True,-0.4203947543862294,0,0,0,0.7745966692414834,-0.8660203251420379,0.0,0.4456255707558084,0,0.0,-0.9772357792823096,-0.38950115442276,0.5877346248595496,10,2.3978952727983707,33,33,9,2
378,12,18,True,-0.3995737034638141,3,3,0,0.632455532033676,-0.8660203251420379,0.0,0.4664466216782237,0,0.0,-0.9763822061111896,-0.2430793344974517,0.7333028716137378,12,2.5649493574615367,30,36,7,2
379,12,19,True,-0.3935087918359118,3,2,1,-0.1054092553389459,-0.8660203251420379,0.0,0.472511533306126,1,0.472511533306126,-0.9761138023771272,-0.3684547841548919,0.6076590182222352,13,2.6390573296152584,29,37,6,4
380,12,20,True,-0.3750866520419915,3,3,0,0.7745966692414834,-0.8660203251420379,0.0,0.4909336731000463,0,0.0,-0.9769346616193868,-0.1627548336982727,0.8141798279211142,16,2.833213344056216,30,38,7,3
381,12,21,True,-0.3679369705246146,1,3,1,0.2108185106778919,-0.8660203251420379,0.0,0.4980833546174232,1,0.4980833546174232,-0.9767005280854096,-0.2680730819702148,0.7086274461151947,507,6.230481447578482,29,39,6,4
382,12,22,True,-0.3747154430064907,2,1,1,-0.3999999999999999,-0.8660203251420379,0.0,0.4913048821355472,1,0.4913048821355472,-0.9816444519570816,-0.3298955857753753,0.6517488661817062,3616,8.193400231952097,30,40,7,2
383,12,23,True,0.4215912155019459,3,3,0,0.632455532033676,0.948404370499957,0.0286513339657225,-0.5268131549980111,0,0.0,-0.0282124165532359,-0.1804039478302002,0.1521915312769643,76,4.343805421853684,31,49,9,3
384,12,24,True,0.4386286002402437,0,0,0,0.7999999999999999,0.9477009228049574,0.0293511662505975,-0.5090723225647137,0,0.0,-0.0131957761070421,-0.112412579357624,0.0992168032505819,735,6.601230118728877,30,48,8,2
385,12,25,True,0.455249525490965,0,0,0,0.3999999999999999,0.9512899379654398,0.0257826562694375,-0.4960404124744748,0,0.0,0.0013513842617228,-0.1240104809403419,0.1253618652020648,797,6.682108597449809,29,49,7,2
386,12,26,True,0.5054951266227093,1,3,1,0.2108185106778919,0.9512899379654398,0.0257826562694375,-0.4457948113427304,0,0.0,0.0441865504982502,0.1240552738308906,0.0798687233326403,3366,8.121777419161074,26,48,4,3
387,12,27,True,0.4898442378937828,2,3,1,0.7999999999999999,0.9542938724347104,0.0228008331719305,-0.4644496345409276,0,0.0,0.044314244411156,0.1248525604605674,0.0805383160494114,2826,7.946971357693591,27,49,3,3
388,12,28,True,0.5062635483103841,3,3,0,0.7999999999999999,0.9542938724347104,0.0228008331719305,-0.4480303241243263,0,0.0,0.0634226348640124,0.1871128380298614,0.123690203165849,2729,7.912056888179006,26,50,2,3
389,12,29,True,0.526319874112362,3,1,1,0.1999999999999999,0.956627415080722,0.0204889259287651,-0.4303075409683599,0,0.0,0.0996552971870296,0.2355889976024627,0.1359337004154331,3227,8.07961802938984,25,51,1,3
403,13,13,True,-0.4506232756463044,3,3,0,0.948683298050514,-0.8660203251420379,0.0,0.4153970494957335,0,0.0,-0.9864029530319504,-0.8111088871955872,0.1752940658363633,8,2.1972245773362196,36,28,4,3
404,13,14,True,-0.4450740162626696,3,3,0,0.7745966692414834,-0.8660203251420379,0.0,0.4209463088793682,0,0.0,-0.9778587868170232,-0.5289499163627625,0.4489088704542608,5,1.791759469228055,35,29,5,2
405,13,15,True,-0.4394687037539477,0,0,0,0.7745966692414834,-0.8660203251420379,0.0,0.4265516213880901,0,0.0,-0.9765810875368708,-0.5225113034248352,0.4540697841120354,5,1.791759469228055,34,30,6,2
406,13,16,True,-0.4653335515569236,3,3,0,0.948683298050514,-0.8660203251420379,0.0,0.4006867735851142,0,0.0,-0.9722022281389217,-0.5917535424232483,0.3804486857156732,4,1.6094379124341003,31,33,8,3
407,13,17,True,-0.4599328809700984,3,3,0,0.7745966692414834,-0.8660203251420379,0.0,0.4060874441719395,0,0.0,-0.9736118652468974,-0.3390859067440033,0.6345259585028941,3,1.3862943611198906,30,34,7,2
408,13,18,True,-0.4544776581551233,3,3,0,0.7745966692414834,-0.8660203251420379,0.0,0.4115426669869145,0,0.0,-0.973485666680588,-0.2805067300796509,0.6929789366009371,3,1.3862943611198906,29,35,6,2
409,13,19,True,-0.448967332079391,3,2,1,0.2581988897471611,-0.8660203251420379,0.0,0.4170529930626468,1,0.4170529930626468,-0.9731430973194168,-0.1992656290531158,0.7738774682663009,10,2.3978952727983707,28,36,5,3
410,13,20,True,-0.4489421671909721,3,3,0,0.948683298050514,-0.8660203251420379,0.0,0.4170781579510658,0,0.0,-0.9727512636016424,-0.3485254943370819,0.6242257692645606,23,3.1780538303479458,27,37,4,3
411,13,21,True,-0.3778907658271907,0,0,0,0.948683298050514,-0.8660203251420379,0.0,0.4881295593148471,0,0.0,-0.9767398344677564,-0.2022947967052459,0.7744450377625104,155,5.049856007249537,28,38,5,2
412,13,22,True,-0.3814475052165019,0,0,0,0.632455532033676,-0.8660203251420379,0.0,0.4845728199255359,0,0.0,-0.9818429659265034,-0.3559548258781433,0.6258881400483601,3313,8.105911197986508,31,41,8,1
413,13,23,True,0.409800453039409,3,3,0,0.7745966692414834,0.948404370499957,0.0286513339657225,-0.5386039174605479,0,0.0,-0.0356352091704606,-0.1926945745944976,0.157059365424037,23,3.1780538303479458,32,50,10,2
414,13,24,True,0.4249978464425576,3,3,0,0.948683298050514,0.948404370499957,0.0286513339657225,-0.5234065240573993,0,0.0,-0.0251366813280133,-0.1228926256299018,0.0977559443018885,32,3.4965075614664802,31,51,9,2
415,13,25,True,0.4393917638576163,0,0,0,0.948683298050514,0.9477009228049574,0.0293511662505975,-0.5083091589473411,0,0.0,-0.0114272784335229,-0.1294246912002563,0.1179974127667334,150,5.017279836814924,30,50,8,2
416,13,26,True,0.5232780171878458,3,3,0,0.632455532033676,0.956627415080722,0.0204889259287651,-0.4333493978928761,0,0.0,0.1000083502903431,0.0976253226399421,0.0023830276504009,925,6.8308742346461795,25,47,5,3
417,13,27,True,0.5410816617193931,1,1,0,0.7999999999999999,0.956627415080722,0.0204889259287651,-0.4155457533613288,0,0.0,0.1279223502074773,0.1418478488922119,0.0139254986847345,1216,7.104144092987527,24,48,6,2
418,13,28,True,0.5589291436423935,1,1,0,0.948683298050514,0.9582226599539048,0.0189115299634101,-0.3992935163115111,0,0.0,0.1671917103005905,0.2518819272518158,0.0846902169512252,3230,8.080546965824498,23,53,3,2
419,13,29,True,0.5417372463523683,2,2,0,0.1999999999999999,0.956627415080722,0.0204889259287651,-0.4148901687283536,0,0.0,0.1424785067481656,0.2117355167865753,0.0692570100384097,3939,8.27893600229198,24,52,2,2
433,14,13,True,-0.9999989913057314,3,3,0,0.632455532033676,-0.8727193088849361,0.006698983742898,-0.1272796824207953,0,0.0,-0.9993248155151248,-0.899170458316803,0.1001543571983218,4,1.6094379124341003,35,29,3,4
434,14,14,True,-0.9999989913057312,3,3,0,0.948683298050514,-0.8727193088849361,0.006698983742898,-0.1272796824207952,0,0.0,-0.9996548986891332,-0.917904496192932,0.081750402496201,84,4.442651256490317,34,30,4,3
435,14,15,True,-0.9999989913057312,3,2,1,0.316227766016838,-0.8727193088849361,0.006698983742898,-0.1272796824207952,0,0.0,-0.9996606724716168,-0.9951547384262084,0.0045059340454082,103,4.6443908991413725,35,31,5,2
436,14,16,True,-0.9999989913057348,3,3,0,0.7745966692414834,-0.8660203251420379,0.0,-0.1339786661636969,0,0.0,-0.9666365343874468,-0.4128601253032684,0.5537764090841784,3,1.3862943611198906,30,34,9,2
437,14,17,True,-0.9999989913057348,1,2,1,0.8944271909999159,-0.8660203251420379,0.0,-0.1339786661636969,0,0.0,-0.9661194046186508,-0.7314652800559998,0.234654124562651,6,1.9459101490553132,29,35,10,2
440,14,20,True,-0.9999997977669054,3,3,0,0.7745966692414834,-0.2083165432543165,0.2003736317612395,-0.7916832545125889,0,0.0,-0.944134251161362,-0.1650899946689605,0.7790442564924014,7,2.0794415416798357,26,38,3,3
441,14,21,True,-0.9999997979425332,3,3,0,0.7745966692414834,0.829548189878707,0.1077580896795645,-1.82954798782124,0,0.0,-0.942678847994452,-0.283187985420227,0.6594908625742251,7,2.0794415416798357,25,39,2,3
442,14,22,True,-0.999999798261147,3,3,0,0.7745966692414834,0.829548189878707,0.1077580896795645,-1.8295479881398544,0,0.0,-0.9354879243665576,-0.1798658072948455,0.7556221170717119,5,1.791759469228055,24,40,1,3
445,14,25,True,0.4892769028740652,3,1,1,0.7378647873726218,0.9311501552955116,0.0458488108643358,-0.4418732524214462,0,0.0,-0.0108567451902455,-0.1575429737567901,0.1466862285665445,233,5.455321115357702,27,45,4,2
446,14,26,True,0.5061515315958242,0,0,0,0.948683298050514,0.9558417369399146,0.0212667919498785,-0.4496902053440904,0,0.0,0.0670734135066942,-0.017811007797718,0.0848844213044123,287,5.662960480135946,26,46,5,2
447,14,27,True,0.5586108680351393,1,1,0,0.948683298050514,0.9574210293643656,0.0197038320189354,-0.3988101613292263,0,0.0,0.1426184897267449,0.1114673390984535,0.0311511506282914,1155,7.052721049232323,23,49,7,2
448,14,28,True,0.576274163839867,3,3,0,0.7999999999999999,0.959032387822126,0.0181120583043055,-0.3827582239822589,0,0.0,0.1905600022818855,0.2533639073371887,0.0628039050553032,2847,7.954372272531867,22,54,4,2
449,14,29,True,0.5937335859705479,1,1,0,1.0,0.959850294759723,0.0173054794026368,-0.3661167087891751,0,0.0,0.2050184798131367,0.3454929888248443,0.1404745090117076,2734,7.913886714856082,21,53,5,2
463,15,13,True,-0.9999989913057314,3,2,1,0.2581988897471611,-0.8794182926278342,0.0092211136293835,-0.1205806986778972,0,0.0,-0.999662424845204,-0.619183361530304,0.3804790633149,4,1.6094379124341003,34,30,2,3
464,15,14,True,-0.9999989913057314,0,0,0,0.8944271909999159,-0.8727193088849361,0.006698983742898,-0.1272796824207953,0,0.0,-0.9996589770213063,-0.9816361665725708,0.0180228104487355,12,2.5649493574615367,33,31,3,3
465,15,15,True,-0.9999989913057314,0,0,0,0.948683298050514,-0.8727193088849361,0.006698983742898,-0.1272796824207953,0,0.0,-0.9996644320543252,-0.9632462859153748,0.0364181461389503,25,3.258096538021482,34,32,6,2
467,15,17,True,-0.9999989913057348,0,0,0,0.7745966692414834,-0.8660203251420379,0.0,-0.1339786661636969,0,0.0,-0.965017061542767,-0.4553488790988922,0.5096681824438748,2,1.0986122886681098,28,36,11,2
472,15,22,True,-0.9999989913057348,3,3,0,0.7745966692414834,-0.2083165432543165,0.2003736317612395,-0.7916824480514183,0,0.0,-0.4936305580673268,-0.0507062152028083,0.4429243428645184,1,0.6931471805599453,23,41,2,2
473,15,23,True,-0.9999989913057348,1,1,0,0.7745966692414834,-0.2083165432543165,0.2003736317612395,-0.7916824480514184,0,0.0,-0.4755627192848252,-0.1214473769068718,0.3541153423779534,1,0.6931471805599453,22,42,3,2
474,15,24,True,0.4563171439965158,3,3,0,0.7745966692414834,0.9311501552955116,0.0458488108643358,-0.4748330112989957,0,0.0,-0.0373903381067565,-0.1276294589042663,0.0902391207975097,10,2.3978952727983707,27,43,2,2
475,15,25,True,0.4726618928365245,0,0,0,0.948683298050514,0.9311501552955116,0.0458488108643358,-0.458488262458987,0,0.0,-0.0232564928916214,-0.1702485978603363,0.1469921049687148,187,5.236441962829949,28,44,3,2
476,15,26,True,0.5918392952160876,1,1,0,0.948683298050514,0.9582226599539048,0.0189115299634101,-0.3663833647378171,0,0.0,0.1761671810213659,0.1168045476078987,0.0593626334134672,79,4.382026634673881,21,51,9,2
477,15,27,True,0.5765253502405868,3,3,0,1.0,0.959032387822126,0.0181120583043055,-0.382507037581539,0,0.0,0.1753925550386066,0.1902133524417877,0.014820797403181,1070,6.976348070447749,22,50,8,3
478,15,28,True,0.5937259366001234,3,3,0,0.7999999999999999,0.959850294759723,0.0173054794026368,-0.3661243581595996,0,0.0,0.189753827844389,0.3344999849796295,0.1447461571352404,1112,7.014814351275545,21,51,7,2
479,15,29,True,0.6116380887025817,1,1,0,0.3999999999999999,0.9606764633835588,0.0164918860773893,-0.349038374680977,0,0.0,0.2199125792774175,0.3292406499385834,0.1093280706611658,3211,8.074649075066652,20,52,6,3
494,16,14,True,-0.9999989913057316,3,2,1,0.2581988897471611,-0.8727193088849361,0.006698983742898,-0.1272796824207954,0,0.0,-0.9996251983635916,-0.618724524974823,0.3809006733887686,1,0.6931471805599453,32,32,4,3
495,16,15,True,-0.9999989913057314,0,0,0,0.7745966692414834,-0.8727193088849361,0.006698983742898,-0.1272796824207953,0,0.0,-0.9996667834675728,-0.6863240599632263,0.3133427235043465,2,1.0986122886681098,33,33,5,2
503,16,23,True,-0.9999989913057348,3,3,0,0.7745966692414834,-0.2083165432543165,0.2003736317612395,-0.7916824480514184,0,0.0,-0.4651608705662048,0.0276967510581016,0.4928576216243064,1,0.6931471805599453,21,43,4,2
504,16,24,True,-0.9999989913057348,3,3,0,0.7745966692414834,-0.2083165432543165,0.2003736317612395,-0.7916824480514184,0,0.0,-0.4588353019709916,0.0312322005629539,0.4900675025339455,5,1.791759469228055,20,44,5,3
505,16,25,True,-0.9999989913057348,1,1,0,0.948683298050514,-0.2083165432543165,0.2003736317612395,-0.7916824480514183,0,0.0,-0.4584089889289698,-0.0165231600403785,0.4418858288885913,12,2.5649493574615367,21,45,6,2
506,16,26,True,0.6092028456497177,3,3,0,0.632455532033676,0.9582226599539048,0.0189115299634101,-0.3490198143041869,0,0.0,0.1925302617037253,0.1985314488410949,0.0060011871373696,80,4.394449154672439,20,52,10,2
507,16,27,True,0.6275334779634848,1,1,0,0.948683298050514,0.959850294759723,0.0173054794026368,-0.3323168167962382,0,0.0,0.2065532588241738,0.2151374518871307,0.0085841930629568,77,4.356708826689592,19,53,11,2
508,16,28,True,0.6151388951363105,1,1,0,0.948683298050514,0.9606764633835588,0.0164918860773893,-0.3455375682472482,0,0.0,0.2229877206728577,0.2275102734565735,0.0045225527837157,122,4.812184355372417,20,54,8,2
509,16,29,True,0.6301278626668423,1,1,0,0.3999999999999999,0.9615109771450088,0.0156714105016808,-0.3313831144781665,0,0.0,0.2347132625745875,0.3429657518863678,0.1082524893117803,3116,8.044626279767337,19,53,7,3
534,17,24,True,-0.9999989913057348,3,3,0,0.7745966692414834,-0.2083165432543165,0.2003736317612395,-0.7916824480514183,0,0.0,-0.4070676774139067,0.14948171377182,0.5565493911857268,3,1.3862943611198906,19,45,6,3
535,17,25,True,-0.9999989913057348,0,0,0,0.8944271909999159,-0.2083165432543165,0.2003736317612395,-0.7916824480514183,0,0.0,-0.4513499434898886,0.1095214411616325,0.5608713846515212,10,2.3978952727983707,20,46,7,2
536,17,26,True,0.6621908208661633,1,1,0,0.948683298050514,0.92804330398992,0.0489496885194691,-0.2658524831237565,0,0.0,0.2430831857745347,0.2561097145080566,0.0130265287335218,6,1.9459101490553132,17,55,11,2
537,17,27,True,0.6455689128810191,2,3,1,0.3999999999999999,0.9606764633835588,0.0164918860773893,-0.3151075505025396,0,0.0,0.2234919625902191,0.3498855531215668,0.1263935905313476,77,4.356708826689592,18,54,10,3
538,17,28,True,0.632894629669399,1,1,0,0.948683298050514,0.9606764633835588,0.0164918860773893,-0.3277818337141597,0,0.0,0.2364150112440227,0.2195391952991485,0.0168758159448741,308,5.733341276897746,19,55,9,4
539,17,29,True,0.6490433317594068,1,1,0,0.948683298050514,0.9623539203383928,0.0148442362952296,-0.3133105885789859,0,0.0,0.2492177370182569,0.363776296377182,0.114558559358925,3246,8.085486772102845,18,54,8,3
565,18,25,True,0.7071897623217115,1,1,0,0.948683298050514,0.92804330398992,0.0489496885194691,-0.2208535416682083,0,0.0,0.3025592752746671,0.279973953962326,0.022585321312341,6,1.9459101490553132,15,53,13,2
566,18,26,True,0.6901178649220118,2,2,0,0.632455532033676,0.9311501552955116,0.0458488108643358,-0.2410322903734997,0,0.0,0.268376926231427,0.433647096157074,0.1652701699256469,4,1.6094379124341003,16,54,12,2
567,18,27,True,0.6627914897250927,1,1,0,0.948683298050514,0.9311501552955116,0.0458488108643358,-0.2683586655704187,0,0.0,0.2530653343800192,0.2447978556156158,0.0082674787644033,29,3.4011973816621555,17,55,11,2
568,18,28,True,0.6499898962429557,1,1,0,0.948683298050514,0.9623539203383928,0.0148442362952296,-0.312364024095437,0,0.0,0.2507329035451092,0.24514901638031,0.0055838871647991,227,5.429345628954441,18,56,10,3
569,18,29,True,0.6676605416284322,1,1,0,0.7999999999999999,0.9632053781094876,0.0140106152221106,-0.2955448364810554,0,0.0,0.2642205393716291,0.4361474812030792,0.1719269418314501,3226,8.079308192051961,17,55,9,2
595,19,25,True,0.724434103129489,1,1,0,0.7745966692414834,0.9311501552955116,0.0458488108643358,-0.2067160521660225,0,0.0,0.3359975373228914,0.3097093403339386,0.0262881969889528,18,2.9444389791664403,14,52,13,3
596,19,26,True,0.7071897623217115,2,2,0,0.948683298050514,0.92804330398992,0.0489496885194691,-0.2208535416682083,0,0.0,0.3011963852285011,0.4448130428791046,0.1436166576506035,19,2.995732273553991,15,53,13,2
597,19,27,True,0.6810672364774019,2,2,0,0.632455532033676,0.9311501552955116,0.0458488108643358,-0.2500829188181096,0,0.0,0.2727453102364535,0.4342613518238067,0.1615160415873532,32,3.4965075614664802,16,54,12,2
598,19,28,True,0.6678142684680647,3,3,0,0.7999999999999999,0.9632053781094876,0.0140106152221106,-0.295391109641423,0,0.0,0.2656168364654844,0.3341309428215027,0.0685141063560182,555,6.320768294250582,17,57,11,2
599,19,29,True,0.68631873242643,1,1,0,0.3999999999999999,0.9640654364641288,0.0131708906508796,-0.2777467040376988,0,0.0,0.2802165931104645,0.4152680933475494,0.1350515002370849,3517,8.165647925297504,16,56,10,3
625,20,25,True,0.7492928281900514,1,1,0,0.948683298050514,0.966698088171613,0.0106207270767822,-0.2174052599815615,0,0.0,0.3607757892190764,0.654984176158905,0.2942083869398286,20,3.044522437723423,13,51,12,4
626,20,26,True,0.7317999001316683,2,1,1,0.7378647873726218,0.9193545681133888,0.0576251347416019,-0.1875546679817206,0,0.0,0.162349206950796,0.166266918182373,0.0039177112315769,13,2.6390573296152584,14,52,13,2
627,20,27,True,0.6695635186758466,3,3,0,0.632455532033676,0.9632053781094876,0.0140106152221106,-0.2936418594336411,0,0.0,0.2550014577007661,0.2484662234783172,0.0065352342224488,14,2.70805020110221,17,57,13,1
628,20,28,True,0.6864277964164942,3,3,0,0.7999999999999999,0.9640654364641288,0.0131708906508796,-0.2776376400476347,0,0.0,0.2728198202423597,0.3654125034809112,0.0925926832385515,659,6.492239835020471,16,56,12,3
629,20,29,True,0.7058840925172202,1,1,0,0.3999999999999999,0.9640654364641288,0.0131708906508796,-0.2581813439469087,0,0.0,0.2974527198570219,0.4327079951763153,0.1352552753192934,4109,8.32117830749028,15,57,11,3
654,21,24,True,0.7539342851015424,1,1,0,0.7745966692414834,0.966698088171613,0.0106207270767822,-0.2127638030700706,0,0.0,0.4069553408565288,0.1398715376853943,0.2670838031711345,8,2.1972245773362196,13,51,10,3
655,21,25,True,0.7716507928060858,1,1,0,0.948683298050514,0.92804330398992,0.0489496885194691,-0.156392511183834,0,0.0,0.4115778144554178,0.3711138367652893,0.0404639776901284,17,2.8903717578961645,12,52,11,3
656,21,26,True,0.635994348959529,3,3,0,0.948683298050514,0.9193545681133888,0.0576251347416019,-0.2833602191538599,0,0.0,0.090531977933205,0.2304363250732422,0.1399043471400371,170,5.14166355650266,15,53,14,2
657,21,27,True,0.6495788259818696,3,2,1,0.3999999999999999,0.9193545681133888,0.0576251347416019,-0.2697757421315193,0,0.0,0.1006594680803243,0.247772067785263,0.1471125997049387,232,5.4510384535657,16,54,14,2
658,21,28,True,0.6681940214069959,0,0,0,0.948683298050514,0.9632053781094876,0.0140106152221106,-0.2950113567024918,0,0.0,0.1673471812700191,0.2853786647319793,0.1180314834619602,121,4.804021044733257,17,55,13,2
659,21,29,True,0.725425925244901,1,1,0,0.3999999999999999,0.9649341822768978,0.0123255311535583,-0.2395082570319967,0,0.0,0.3187075904147622,0.522731602191925,0.2040240117771628,4603,8.434680769841773,14,58,12,2
683,22,23,True,0.7539342851015424,2,2,0,0.7745966692414834,0.9223643991626173,0.0546194290293436,-0.1684301140610749,0,0.0,0.138534109663883,0.0795163884758949,0.059017721187988,1,0.6931471805599453,13,51,8,2
684,22,24,True,0.7716507928060858,3,3,0,0.948683298050514,0.92804330398992,0.0489496885194691,-0.156392511183834,0,0.0,0.4239500719025915,0.2795378565788269,0.1444122153237646,32,3.4965075614664802,12,52,9,3
685,22,25,True,0.7895462551339075,1,2,1,0.7378647873726218,0.966698088171613,0.0106207270767822,-0.1771518330377054,0,0.0,0.4636300885670352,0.4219437837600708,0.0416863048069644,40,3.713572066704308,11,53,10,3
686,22,26,True,0.8076224797074648,1,1,0,0.7745966692414834,0.9675934264258716,0.0097634255180703,-0.1599709467184068,0,0.0,0.6142928189132256,0.2705661952495575,0.3437266236636681,4,1.6094379124341003,10,56,11,1
687,22,27,True,0.7841715551249788,1,1,0,1.0,0.966698088171613,0.0106207270767822,-0.1825265330466341,0,0.0,0.3900587382660241,0.5992260575294495,0.2091673192634253,4617,8.43771698991444,11,59,14,2
688,22,28,True,0.7644786234083386,2,2,0,1.0,0.9675934264258716,0.0097634255180703,-0.203114803017533,0,0.0,0.3568815001882006,0.5615650415420532,0.2046835413538526,7004,8.854379458771108,12,60,14,2
689,22,29,True,0.7447543052628999,2,2,0,0.632455532033676,0.966698088171613,0.0106207270767822,-0.221943782908713,0,0.0,0.3365609470067174,0.5353993773460388,0.1988384303393214,6625,8.798756582859841,13,59,13,2
712,23,22,True,0.7356937973218574,3,3,0,0.7745966692414834,0.9658117032998969,0.0114751796586637,-0.2301179059780393,0,0.0,0.3294127879712688,0.2305812835693359,0.0988315044019328,1,0.6931471805599453,13,51,6,3
713,23,23,True,0.7532260576750909,3,3,0,0.632455532033676,0.9675934264258716,0.0097634255180703,-0.2143673687507807,0,0.0,0.425160992342733,0.3477176427841186,0.0774433495586143,36,3.6109179126442243,12,52,7,3
714,23,24,True,0.783600918812372,3,3,0,0.7999999999999999,0.9675934264258716,0.0097634255180703,-0.1839925076134996,0,0.0,0.474967312233828,0.4057625830173492,0.0692047292164788,43,3.784189633918261,11,53,8,2
715,23,25,True,0.8076224797074648,3,1,1,0.7378647873726218,0.969411325748364,0.0080482792854402,-0.1617888460408992,0,0.0,0.6343171315506048,0.7180273532867432,0.0837102217361384,101,4.624972813284271,10,54,9,4
716,23,26,True,0.8258812924080277,1,2,1,0.7999999999999999,0.9675934264258716,0.0097634255180703,-0.141712134017844,0,0.0,0.6320058340608474,0.6895840167999268,0.0575781827390793,129,4.867534450455582,9,55,10,3
717,23,27,True,0.8043639404850288,1,1,0,0.632455532033676,0.969411325748364,0.0080482792854402,-0.1650473852633353,0,0.0,0.4266555593052947,0.6095518469810486,0.1828962876757538,3609,8.191463051326927,10,58,13,3
718,23,28,True,0.7836422681677923,2,2,0,1.0,0.966698088171613,0.0106207270767822,-0.1830558200038207,0,0.0,0.1706425744538435,0.6510564684867859,0.4804138940329423,725,6.587550014824796,11,59,14,2
719,23,29,True,0.7639981377212857,2,2,0,0.316227766016838,0.9675934264258716,0.0097634255180703,-0.2035952887045859,0,0.0,-0.1682184771377034,0.2517016530036926,0.419920130141396,1490,7.307202314764738,12,60,15,2
742,24,22,True,0.3703476266069604,3,3,0,0.7745966692414834,0.9260737466571424,0.0509158361196036,-0.5557261200501818,0,0.0,0.0810365451949245,-0.4909948110580444,0.572031356252969,27,3.332204510175204,14,52,7,2
743,24,23,True,0.3706830263702396,2,2,0,0.7745966692414834,0.9260737466571424,0.0509158361196036,-0.5553907202869026,0,0.0,0.0861489702449551,-0.2048993110656738,0.291048281310629,27,3.332204510175204,13,53,8,3
744,24,24,True,0.8026830950002165,3,3,0,0.632455532033676,0.969411325748364,0.0080482792854402,-0.1667282307481475,0,0.0,0.6390649694491789,0.0804876908659935,0.5585772785831854,32,3.4965075614664802,10,56,11,1
745,24,25,True,0.8245337989111071,3,3,0,0.3999999999999999,0.970334070442792,0.0071970167682899,-0.1458002715316849,0,0.0,0.6636396690394989,0.6249844431877136,0.0386552258517852,246,5.5093883366279774,9,55,10,3
746,24,26,True,0.8459928129170498,1,1,0,1.0,0.971266135790699,0.0063574379322471,-0.1252733228736492,0,0.0,0.6854277451020211,0.6908199787139893,0.0053922336119681,4556,8.424419791263883,8,56,11,4
747,24,27,True,0.8250820964438441,2,2,0,0.1999999999999999,0.970334070442792,0.0071970167682899,-0.1452519739989479,0,0.0,0.4587127483882222,0.6338568925857544,0.1751441441975322,4331,8.37378460812088,9,57,12,3
748,24,28,True,0.7248827664673716,3,1,1,0.3999999999999999,-0.8660203251420379,0.0,1.5909030916094091,1,1.5909030916094091,-0.3838511921821352,-0.0530651062726974,0.3307860859094377,10686,9.276783328524896,14,62,17,2
749,24,29,True,0.7442935065927629,0,2,1,-0.632455532033676,-0.8660203251420379,0.0,1.6103138317348007,1,1.6103138317348007,-0.3295442681011119,0.2100645005702972,0.5396087686714092,4305,8.367764677924308,13,61,16,2
776,25,26,True,0.867997433701718,1,1,0,0.3999999999999999,0.971266135790699,0.0063574379322471,-0.1032687020889809,0,0.0,0.729353633217853,0.7130699753761292,0.0162836578417238,5476,8.608312784783722,7,57,12,2
777,25,27,True,0.801547104266294,0,0,0,0.316227766016838,0.969411325748364,0.0080482792854402,-0.16786422148207,0,0.0,-0.0210410775023639,0.1826804876327514,0.2037215651351153,1448,7.278628942320682,10,58,13,2
778,25,28,True,0.7057637479175722,0,0,0,0.1999999999999999,-0.8660203251420379,0.0,1.57178407305961,0,0.0,-0.3983188955320804,-0.0813745930790901,0.3169443024529902,11849,9.380083146563278,13,61,16,2
779,25,29,True,0.9293879194012996,1,1,0,0.7745966692414834,0.975089501,0.0034521679333047,-0.0457015815987003,0,0.0,0.8539624492872334,0.9400618672370912,0.0860994179498576,5,1.791759469228055,4,64,11,1
806,26,26,True,0.888741003865748,1,1,0,0.1999999999999999,0.9722076159401,0.005539489130335,-0.0834666120743521,0,0.0,0.772213961035002,0.7689467072486877,0.0032672537863142,4046,8.305731144875866,6,58,13,2
807,26,27,True,0.6721510585094194,3,3,0,0.1999999999999999,-0.8660203251420379,0.0,1.5381713836514572,0,0.0,-0.4030068685059929,-0.2653336524963379,0.137673216009655,5239,8.564076777315087,11,59,14,2
808,26,28,True,0.6868679560403543,0,0,0,0.3999999999999999,-0.8660203251420379,0.0,1.5528882811823923,0,0.0,-0.4068821123230685,-0.2263089418411255,0.180573170481943,8938,9.098179005087852,12,60,15,2
809,26,29,True,0.95374887769738,1,1,0,1.0,0.976069601,0.0030528062093478,-0.02232072330262,0,0.0,0.874405884389387,1.056530475616455,0.182124591227068,251,5.529429087511423,3,63,10,2
836,27,26,True,0.9099930917703976,3,3,0,1.0,0.97315860599,0.0047598623097337,-0.0631655142196023,0,0.0,0.8199388299189645,0.7712165713310242,0.0487222585879403,3393,8.129764445794171,5,59,12,2
837,27,27,True,0.9312530937171292,3,3,0,0.7999999999999999,0.975089501,0.0034521679333047,-0.0438364072828707,0,0.0,0.8414069113102127,0.7726691961288452,0.0687377151813675,4348,8.37770121259764,4,60,11,2
838,27,28,True,0.9528849122049012,3,3,0,0.7999999999999999,0.976069601,0.0030528062093478,-0.0231846887950987,0,0.0,0.8688289741752693,0.8744597434997559,0.0056307693244865,7900,8.974744612722734,3,61,10,2
839,27,29,True,0.974805256802138,1,1,0,0.1999999999999999,0.977059601,0.002940399,-0.0022543441978618,0,0.0,0.8960410412538379,0.8601918816566467,0.0358491595971911,6977,8.85051762174672,2,62,9,3
869,28,29,True,0.9977303761352038,1,1,0,0.3999999999999999,0.978059601,0.0031552277197393,0.0196707751352037,0,0.0,0.9931496771071442,0.9827681183815002,0.0103815587256439,2733,7.913521017283895,1,63,8,2
