epoch,overall,covered,held_out,weighted_success_rate,weights
5,"{'mean_return': -3.9888800000000018, 'std_return': 2.454001618907374, 'stderr_return': 0.10974628873542842, 'mean_discounted_return': -3.9888800000000018, 'success_rate': 0.366, 'success_rate_stderr': 0.021542701780417423, 'mean_length': 142.36, 'n_episodes': 500}","{'mean_return': -3.2746000000000017, 'std_return': 2.6215423017758104, 'stderr_return': 0.11723893585323959, 'mean_discounted_return': -3.2746000000000017, 'success_rate': 0.44, 'success_rate_stderr': 0.022199099080818574, 'mean_length': 119.798, 'n_episodes': 500}","{'mean_return': -5.5219600000000035, 'std_return': 1.1962874898618674, 'stderr_return': 0.053499602959274514, 'mean_discounted_return': -5.5219600000000035, 'success_rate': 0.164, 'success_rate_stderr': 0.0165592270351004, 'mean_length': 189.696, 'n_episodes': 500}",0.28350000000000003,"(0.25, 0.25, 0.5)"
10,"{'mean_return': -3.4887000000000015, 'std_return': 2.4997221665617184, 'stderr_return': 0.11179097378590108, 'mean_discounted_return': -3.4887000000000015, 'success_rate': 0.464, 'success_rate_stderr': 0.022302645582979615, 'mean_length': 129.052, 'n_episodes': 500}","{'mean_return': -2.7149800000000006, 'std_return': 2.5144625269826575, 'stderr_return': 0.11245018274418242, 'mean_discounted_return': -2.7149800000000006, 'success_rate': 0.548, 'success_rate_stderr': 0.02225740326273485, 'mean_length': 104.852, 'n_episodes': 500}","{'mean_return': -5.060240000000004, 'std_return': 1.6566554084661094, 'stderr_return': 0.07408788217245801, 'mean_discounted_return': -5.060240000000004, 'success_rate': 0.276, 'success_rate_stderr': 0.01999119806314769, 'mean_length': 178.086, 'n_episodes': 500}",0.391,"(0.25, 0.25, 0.5)"
15,"{'mean_return': -3.043120000000002, 'std_return': 2.805103753090073, 'stderr_return': 0.12544805351698377, 'mean_discounted_return': -3.043120000000002, 'success_rate': 0.472, 'success_rate_stderr': 0.022325590697672478, 'mean_length': 114.474, 'n_episodes': 500}","{'mean_return': -1.8422000000000012, 'std_return': 2.6294307292644183, 'stderr_return': 0.1175917170552417, 'mean_discounted_return': -1.8422000000000012, 'success_rate': 0.604, 'success_rate_stderr': 0.02187162545399861, 'mean_length': 77.682, 'n_episodes': 500}","{'mean_return': -5.397000000000004, 'std_return': 1.3082008255615838, 'stderr_return': 0.058504519483540914, 'mean_discounted_return': -5.397000000000004, 'success_rate': 0.206, 'success_rate_stderr': 0.01808668018183547, 'mean_length': 186.908, 'n_episodes': 500}",0.372,"(0.25, 0.25, 0.5)"
20,"{'mean_return': -2.880660000000002, 'std_return': 2.791517752836262, 'stderr_return': 0.12484046911478676, 'mean_discounted_return': -2.880660000000002, 'success_rate': 0.5, 'success_rate_stderr': 0.022360679774997897, 'mean_length': 110.02, 'n_episodes': 500}","{'mean_return': -1.7981600000000013, 'std_return': 2.6339923717429423, 'stderr_return': 0.1177957199086623, 'mean_discounted_return': -1.7981600000000013, 'success_rate': 0.604, 'success_rate_stderr': 0.02187162545399861, 'mean_length': 76.214, 'n_episodes': 500}","{'mean_return': -5.060240000000004, 'std_return': 1.6566554084661094, 'stderr_return': 0.07408788217245801, 'mean_discounted_return': -5.060240000000004, 'success_rate': 0.276, 'success_rate_stderr': 0.01999119806314769, 'mean_length': 178.086, 'n_episodes': 500}",0.41400000000000003,"(0.25, 0.25, 0.5)"
25,"{'mean_return': -3.068940000000002, 'std_return': 2.8681479523204545, 'stderr_return': 0.12826747581830722, 'mean_discounted_return': -3.068940000000002, 'success_rate': 0.44, 'success_rate_stderr': 0.022199099080818574, 'mean_length': 114.236, 'n_episodes': 500}","{'mean_return': -1.7949800000000014, 'std_return': 2.6361039053117787, 'stderr_return': 0.11789015056059612, 'mean_discounted_return': -1.7949800000000014, 'success_rate': 0.604, 'success_rate_stderr': 0.02187162545399861, 'mean_length': 76.108, 'n_episodes': 500}","{'mean_return': -5.419700000000003, 'std_return': 1.401883343934155, 'stderr_return': 0.06269412907122976, 'mean_discounted_return': -5.419700000000003, 'success_rate': 0.162, 'success_rate_stderr': 0.016477621187537962, 'mean_length': 186.154, 'n_episodes': 500}",0.342,"(0.25, 0.25, 0.5)"
30,"{'mean_return': -3.089960000000002, 'std_return': 2.8485401872538176, 'stderr_return': 0.1273905899067903, 'mean_discounted_return': -3.089960000000002, 'success_rate': 0.45, 'success_rate_stderr': 0.022248595461286987, 'mean_length': 115.28, 'n_episodes': 500}","{'mean_return': -1.7949800000000014, 'std_return': 2.6361039053117787, 'stderr_return': 0.11789015056059612, 'mean_discounted_return': -1.7949800000000014, 'success_rate': 0.604, 'success_rate_stderr': 0.02187162545399861, 'mean_length': 76.108, 'n_episodes': 500}","{'mean_return': -5.586320000000004, 'std_return': 1.1513045025535191, 'stderr_return': 0.05148790261022498, 'mean_discounted_return': -5.586320000000004, 'success_rate': 0.136, 'success_rate_stderr': 0.01532997064576446, 'mean_length': 190.88, 'n_episodes': 500}",0.3315,"(0.25, 0.25, 0.5)"
35,"{'mean_return': -3.2745400000000027, 'std_return': 2.9069312321415537, 'stderr_return': 0.1300019168197147, 'mean_discounted_return': -3.2745400000000027, 'success_rate': 0.394, 'success_rate_stderr': 0.021852414054287, 'mean_length': 119.51, 'n_episodes': 500}","{'mean_return': -1.8203200000000013, 'std_return': 2.643393405757079, 'stderr_return': 0.11821614693095026, 'mean_discounted_return': -1.8203200000000013, 'success_rate': 0.602, 'success_rate_stderr': 0.02189045454073533, 'mean_length': 76.884, 'n_episodes': 500}","{'mean_return': -5.918100000000005, 'std_return': 0.42066636423655435, 'stderr_return': 0.018812771725612437, 'mean_discounted_return': -5.918100000000005, 'success_rate': 0.042, 'success_rate_stderr': 0.008970618707759236, 'mean_length': 198.712, 'n_episodes': 500}",0.27,"(0.25, 0.25, 0.5)"
40,"{'mean_return': -3.240740000000003, 'std_return': 2.91583944215041, 'stderr_return': 0.13040030408246764, 'mean_discounted_return': -3.240740000000003, 'success_rate': 0.396, 'success_rate_stderr': 0.02187162545399861, 'mean_length': 118.452, 'n_episodes': 500}","{'mean_return': -1.7750400000000013, 'std_return': 2.6341345824387963, 'stderr_return': 0.11780207976432344, 'mean_discounted_return': -1.7750400000000013, 'success_rate': 0.606, 'success_rate_stderr': 0.021852414054287, 'mean_length': 75.512, 'n_episodes': 500}","{'mean_return': -5.918100000000005, 'std_return': 0.42066636423655435, 'stderr_return': 0.018812771725612437, 'mean_discounted_return': -5.918100000000005, 'success_rate': 0.042, 'success_rate_stderr': 0.008970618707759236, 'mean_length': 198.712, 'n_episodes': 500}",0.2715,"(0.25, 0.25, 0.5)"
45,"{'mean_return': -3.259760000000003, 'std_return': 2.910322721348959, 'stderr_return': 0.130153588827969, 'mean_discounted_return': -3.259760000000003, 'success_rate': 0.396, 'success_rate_stderr': 0.02187162545399861, 'mean_length': 119.086, 'n_episodes': 500}","{'mean_return': -1.7750400000000013, 'std_return': 2.6341345824387963, 'stderr_return': 0.11780207976432344, 'mean_discounted_return': -1.7750400000000013, 'success_rate': 0.606, 'success_rate_stderr': 0.021852414054287, 'mean_length': 75.512, 'n_episodes': 500}","{'mean_return': -5.918100000000005, 'std_return': 0.42066636423655435, 'stderr_return': 0.018812771725612437, 'mean_discounted_return': -5.918100000000005, 'success_rate': 0.042, 'success_rate_stderr': 0.008970618707759236, 'mean_length': 198.712, 'n_episodes': 500}",0.2715,"(0.25, 0.25, 0.5)"
50,"{'mean_return': -3.2413400000000028, 'std_return': 2.9241367280618076, 'stderr_return': 0.13077136998900035, 'mean_discounted_return': -3.2413400000000028, 'success_rate': 0.39, 'success_rate_stderr': 0.02181284025522582, 'mean_length': 118.266, 'n_episodes': 500}","{'mean_return': -1.8056000000000012, 'std_return': 2.647198640072182, 'stderr_return': 0.11838632218292794, 'mean_discounted_return': -1.8056000000000012, 'success_rate': 0.598, 'success_rate_stderr': 0.021926969694875762, 'mean_length': 76.256, 'n_episodes': 500}","{'mean_return': -5.919340000000004, 'std_return': 0.4451370175575172, 'stderr_return': 0.019907132611202517, 'mean_discounted_return': -5.919340000000004, 'success_rate': 0.038, 'success_rate_stderr': 0.00855055553750749, 'mean_length': 198.616, 'n_episodes': 500}",0.266,"(0.25, 0.25, 0.5)"
55,"{'mean_return': -3.083700000000003, 'std_return': 2.9497484824981286, 'stderr_return': 0.13191676246785328, 'mean_discounted_return': -3.083700000000003, 'success_rate': 0.41, 'success_rate_stderr': 0.02199545407578575, 'mean_length': 113.698, 'n_episodes': 500}","{'mean_return': -1.4621600000000017, 'std_return': 2.510859879483523, 'stderr_return': 0.11228906745004173, 'mean_discounted_return': -1.4621600000000017, 'success_rate': 0.64, 'success_rate_stderr': 0.02146625258399798, 'mean_length': 66.25, 'n_episodes': 500}","{'mean_return': -5.898860000000004, 'std_return': 0.5478884014103617, 'stderr_return': 0.024502314192745206, 'mean_discounted_return': -5.898860000000004, 'success_rate': 0.04, 'success_rate_stderr': 0.008763560920082658, 'mean_length': 198.002, 'n_episodes': 500}",0.28250000000000003,"(0.25, 0.25, 0.5)"
60,"{'mean_return': -3.249120000000003, 'std_return': 2.930779218160251, 'stderr_return': 0.13106843117700015, 'mean_discounted_return': -3.249120000000003, 'success_rate': 0.386, 'success_rate_stderr': 0.0217717247823869, 'mean_length': 118.388, 'n_episodes': 500}","{'mean_return': -1.8023200000000015, 'std_return': 2.658920197674238, 'stderr_return': 0.11891052617493549, 'mean_discounted_return': -1.8023200000000015, 'success_rate': 0.596, 'success_rate_stderr': 0.021944657664224338, 'mean_length': 76.078, 'n_episodes': 500}","{'mean_return': -5.919340000000004, 'std_return': 0.4451370175575172, 'stderr_return': 0.019907132611202517, 'mean_discounted_return': -5.919340000000004, 'success_rate': 0.038, 'success_rate_stderr': 0.00855055553750749, 'mean_length': 198.616, 'n_episodes': 500}",0.2645,"(0.25, 0.25, 0.5)"
65,"{'mean_return': -3.063680000000003, 'std_return': 2.9488644691813177, 'stderr_return': 0.13187722819046518, 'mean_discounted_return': -3.063680000000003, 'success_rate': 0.414, 'success_rate_stderr': 0.0220274374360705, 'mean_length': 113.168, 'n_episodes': 500}","{'mean_return': -1.4699800000000014, 'std_return': 2.518197251924481, 'stderr_return': 0.11261720472112605, 'mean_discounted_return': -1.4699800000000014, 'success_rate': 0.638, 'success_rate_stderr': 0.021492138097453217, 'mean_length': 66.442, 'n_episodes': 500}","{'mean_return': -5.898860000000004, 'std_return': 0.5478884014103617, 'stderr_return': 0.024502314192745206, 'mean_discounted_return': -5.898860000000004, 'success_rate': 0.04, 'success_rate_stderr': 0.008763560920082658, 'mean_length': 198.002, 'n_episodes': 500}",0.28300000000000003,"(0.25, 0.25, 0.5)"
70,"{'mean_return': -3.077720000000003, 'std_return': 2.945360827063471, 'stderr_return': 0.13172054055157847, 'mean_discounted_return': -3.077720000000003, 'success_rate': 0.414, 'success_rate_stderr': 0.0220274374360705, 'mean_length': 113.636, 'n_episodes': 500}","{'mean_return': -1.4665400000000013, 'std_return': 2.5344568310389524, 'stderr_return': 0.11334435520483592, 'mean_discounted_return': -1.4665400000000013, 'success_rate': 0.634, 'success_rate_stderr': 0.021542701780417423, 'mean_length': 66.19, 'n_episodes': 500}","{'mean_return': -5.892940000000005, 'std_return': 0.5551838942188451, 'stderr_return': 0.0248285785497278, 'mean_discounted_return': -5.892940000000005, 'success_rate': 0.044, 'success_rate_stderr': 0.009172131704244111, 'mean_length': 197.942, 'n_episodes': 500}",0.28400000000000003,"(0.25, 0.25, 0.5)"
75,"{'mean_return': -3.187060000000003, 'std_return': 2.9267913414522764, 'stderr_return': 0.13089008790890175, 'mean_discounted_return': -3.187060000000003, 'success_rate': 0.4, 'success_rate_stderr': 0.021908902300206645, 'mean_length': 116.8, 'n_episodes': 500}","{'mean_return': -1.8000400000000014, 'std_return': 2.65967569421537, 'stderr_return': 0.11894431300739022, 'mean_discounted_return': -1.8000400000000014, 'success_rate': 0.596, 'success_rate_stderr': 0.021944657664224338, 'mean_length': 76.002, 'n_episodes': 500}","{'mean_return': -5.913420000000005, 'std_return': 0.45435328060882474, 'stderr_return': 0.020319296424827382, 'mean_discounted_return': -5.913420000000005, 'success_rate': 0.042, 'success_rate_stderr': 0.008970618707759236, 'mean_length': 198.556, 'n_episodes': 500}",0.27,"(0.25, 0.25, 0.5)"
80,"{'mean_return': -3.051180000000003, 'std_return': 2.936993974729947, 'stderr_return': 0.13134636354006923, 'mean_discounted_return': -3.051180000000003, 'success_rate': 0.422, 'success_rate_stderr': 0.022086919205719934, 'mean_length': 113.026, 'n_episodes': 500}","{'mean_return': -1.4512200000000013, 'std_return': 2.503022475248676, 'stderr_return': 0.11193856807731649, 'mean_discounted_return': -1.4512200000000013, 'success_rate': 0.642, 'success_rate_stderr': 0.021439962686534694, 'mean_length': 65.954, 'n_episodes': 500}","{'mean_return': -5.820260000000004, 'std_return': 0.7226590706550379, 'stderr_return': 0.03231829613082976, 'mean_discounted_return': -5.820260000000004, 'success_rate': 0.07, 'success_rate_stderr': 0.011410521460476731, 'mean_length': 196.412, 'n_episodes': 500}",0.30100000000000005,"(0.25, 0.25, 0.5)"
85,"{'mean_return': -3.038320000000003, 'std_return': 2.930519472312036, 'stderr_return': 0.1310568149895305, 'mean_discounted_return': -3.038320000000003, 'success_rate': 0.43, 'success_rate_stderr': 0.022140460699813815, 'mean_length': 112.872, 'n_episodes': 500}","{'mean_return': -1.4477800000000016, 'std_return': 2.5193543759463477, 'stderr_return': 0.11266895288055188, 'mean_discounted_return': -1.4477800000000016, 'success_rate': 0.638, 'success_rate_stderr': 0.021492138097453217, 'mean_length': 65.702, 'n_episodes': 500}","{'mean_return': -5.819900000000005, 'std_return': 0.7236796183394991, 'stderr_return': 0.03236393641076447, 'mean_discounted_return': -5.819900000000005, 'success_rate': 0.07, 'success_rate_stderr': 0.011410521460476731, 'mean_length': 196.4, 'n_episodes': 500}",0.30200000000000005,"(0.25, 0.25, 0.5)"
90,"{'mean_return': -3.006460000000003, 'std_return': 2.923131346416034, 'stderr_return': 0.13072640795493476, 'mean_discounted_return': -3.006460000000003, 'success_rate': 0.436, 'success_rate_stderr': 0.02217674457624473, 'mean_length': 112.016, 'n_episodes': 500}","{'mean_return': -1.4483200000000016, 'std_return': 2.5194330270122305, 'stderr_return': 0.11267247026314822, 'mean_discounted_return': -1.4483200000000016, 'success_rate': 0.638, 'success_rate_stderr': 0.021492138097453217, 'mean_length': 65.72, 'n_episodes': 500}","{'mean_return': -5.759240000000005, 'std_return': 0.8239399385877613, 'stderr_return': 0.03684771424118472, 'mean_discounted_return': -5.759240000000005, 'success_rate': 0.094, 'success_rate_stderr': 0.013050976974924139, 'mean_length': 195.202, 'n_episodes': 500}",0.3155,"(0.25, 0.25, 0.5)"
95,"{'mean_return': -2.621400000000002, 'std_return': 2.8139597083114056, 'stderr_return': 0.12584410387459566, 'mean_discounted_return': -2.621400000000002, 'success_rate': 0.524, 'success_rate_stderr': 0.02233490541730589, 'mean_length': 102.202, 'n_episodes': 500}","{'mean_return': -1.4483200000000016, 'std_return': 2.5194330270122305, 'stderr_return': 0.11267247026314822, 'mean_discounted_return': -1.4483200000000016, 'success_rate': 0.638, 'success_rate_stderr': 0.021492138097453217, 'mean_length': 65.72, 'n_episodes': 500}","{'mean_return': -5.0021600000000035, 'std_return': 1.7940809720857112, 'stderr_return': 0.08023374021445105, 'mean_discounted_return': -5.0021600000000035, 'success_rate': 0.28, 'success_rate_stderr': 0.020079840636817812, 'mean_length': 176.352, 'n_episodes': 500}",0.4305,"(0.25, 0.25, 0.5)"
100,"{'mean_return': -2.765260000000002, 'std_return': 2.834697326417763, 'stderr_return': 0.12677151835014056, 'mean_discounted_return': -2.765260000000002, 'success_rate': 0.502, 'success_rate_stderr': 0.02236050088884415, 'mean_length': 106.242, 'n_episodes': 500}","{'mean_return': -1.4601000000000013, 'std_return': 2.527515655737865, 'stderr_return': 0.11303393640849645, 'mean_discounted_return': -1.4601000000000013, 'success_rate': 0.636, 'success_rate_stderr': 0.02151762068631195, 'mean_length': 66.044, 'n_episodes': 500}","{'mean_return': -5.348660000000003, 'std_return': 1.3477578433828568, 'stderr_return': 0.060273563100251656, 'mean_discounted_return': -5.348660000000003, 'success_rate': 0.226, 'success_rate_stderr': 0.01870422412183943, 'mean_length': 186.048, 'n_episodes': 500}",0.39749999999999996,"(0.25, 0.25, 0.5)"
105,"{'mean_return': -2.6324000000000023, 'std_return': 2.8163944041983915, 'stderr_return': 0.12595298678475245, 'mean_discounted_return': -2.6324000000000023, 'success_rate': 0.522, 'success_rate_stderr': 0.0223390241505756, 'mean_length': 102.5, 'n_episodes': 500}","{'mean_return': -1.4601000000000013, 'std_return': 2.527515655737865, 'stderr_return': 0.11303393640849645, 'mean_discounted_return': -1.4601000000000013, 'success_rate': 0.636, 'success_rate_stderr': 0.02151762068631195, 'mean_length': 66.044, 'n_episodes': 500}","{'mean_return': -5.0021600000000035, 'std_return': 1.7940809720857112, 'stderr_return': 0.08023374021445105, 'mean_discounted_return': -5.0021600000000035, 'success_rate': 0.28, 'success_rate_stderr': 0.020079840636817812, 'mean_length': 176.352, 'n_episodes': 500}",0.4295,"(0.25, 0.25, 0.5)"
110,"{'mean_return': -2.638320000000002, 'std_return': 2.8218651239207047, 'stderr_return': 0.12619764480845128, 'mean_discounted_return': -2.638320000000002, 'success_rate': 0.518, 'success_rate_stderr': 0.022346185356789647, 'mean_length': 102.56, 'n_episodes': 500}","{'mean_return': -1.4601000000000013, 'std_return': 2.527515655737865, 'stderr_return': 0.11303393640849645, 'mean_discounted_return': -1.4601000000000013, 'success_rate': 0.636, 'success_rate_stderr': 0.02151762068631195, 'mean_length': 66.044, 'n_episodes': 500}","{'mean_return': -4.997880000000003, 'std_return': 1.7942480056001207, 'stderr_return': 0.08024121018030586, 'mean_discounted_return': -4.997880000000003, 'success_rate': 0.282, 'success_rate_stderr': 0.020123419192572618, 'mean_length': 176.278, 'n_episodes': 500}",0.4295,"(0.25, 0.25, 0.5)"
115,"{'mean_return': -2.638320000000002, 'std_return': 2.8218651239207047, 'stderr_return': 0.12619764480845128, 'mean_discounted_return': -2.638320000000002, 'success_rate': 0.518, 'success_rate_stderr': 0.022346185356789647, 'mean_length': 102.56, 'n_episodes': 500}","{'mean_return': -1.4601000000000013, 'std_return': 2.527515655737865, 'stderr_return': 0.11303393640849645, 'mean_discounted_return': -1.4601000000000013, 'success_rate': 0.636, 'success_rate_stderr': 0.02151762068631195, 'mean_length': 66.044, 'n_episodes': 500}","{'mean_return': -4.997880000000003, 'std_return': 1.7942480056001207, 'stderr_return': 0.08024121018030586, 'mean_discounted_return': -4.997880000000003, 'success_rate': 0.282, 'success_rate_stderr': 0.020123419192572618, 'mean_length': 176.278, 'n_episodes': 500}",0.4295,"(0.25, 0.25, 0.5)"
120,"{'mean_return': -2.638320000000002, 'std_return': 2.8218651239207047, 'stderr_return': 0.12619764480845128, 'mean_discounted_return': -2.638320000000002, 'success_rate': 0.518, 'success_rate_stderr': 0.022346185356789647, 'mean_length': 102.56, 'n_episodes': 500}","{'mean_return': -1.4601000000000013, 'std_return': 2.527515655737865, 'stderr_return': 0.11303393640849645, 'mean_discounted_return': -1.4601000000000013, 'success_rate': 0.636, 'success_rate_stderr': 0.02151762068631195, 'mean_length': 66.044, 'n_episodes': 500}","{'mean_return': -4.997880000000003, 'std_return': 1.7942480056001207, 'stderr_return': 0.08024121018030586, 'mean_discounted_return': -4.997880000000003, 'success_rate': 0.282, 'success_rate_stderr': 0.020123419192572618, 'mean_length': 176.278, 'n_episodes': 500}",0.4295,"(0.25, 0.25, 0.5)"
125,"{'mean_return': -2.639280000000002, 'std_return': 2.8211227342318894, 'stderr_return': 0.12616444413225156, 'mean_discounted_return': -2.639280000000002, 'success_rate': 0.518, 'success_rate_stderr': 0.022346185356789647, 'mean_length': 102.592, 'n_episodes': 500}","{'mean_return': -1.4605200000000014, 'std_return': 2.5273485967709344, 'stderr_return': 0.11302646530437029, 'mean_discounted_return': -1.4605200000000014, 'success_rate': 0.636, 'success_rate_stderr': 0.02151762068631195, 'mean_length': 66.058, 'n_episodes': 500}","{'mean_return': -4.997880000000003, 'std_return': 1.7942480056001207, 'stderr_return': 0.08024121018030586, 'mean_discounted_return': -4.997880000000003, 'success_rate': 0.282, 'success_rate_stderr': 0.020123419192572618, 'mean_length': 176.278, 'n_episodes': 500}",0.4295,"(0.25, 0.25, 0.5)"
130,"{'mean_return': -2.804300000000002, 'std_return': 2.811604188003712, 'stderr_return': 0.12573876180398796, 'mean_discounted_return': -2.804300000000002, 'success_rate': 0.514, 'success_rate_stderr': 0.022351912669836556, 'mean_length': 108.02, 'n_episodes': 500}","{'mean_return': -1.6403000000000014, 'std_return': 2.588845478200661, 'stderr_return': 0.11577668944999255, 'mean_discounted_return': -1.6403000000000014, 'success_rate': 0.636, 'success_rate_stderr': 0.02151762068631195, 'mean_length': 72.18, 'n_episodes': 500}","{'mean_return': -4.997880000000003, 'std_return': 1.7942480056001207, 'stderr_return': 0.08024121018030586, 'mean_discounted_return': -4.997880000000003, 'success_rate': 0.282, 'success_rate_stderr': 0.020123419192572618, 'mean_length': 176.278, 'n_episodes': 500}",0.4285,"(0.25, 0.25, 0.5)"
135,"{'mean_return': -2.9305000000000017, 'std_return': 2.7987945172877575, 'stderr_return': 0.12516589591418273, 'mean_discounted_return': -2.9305000000000017, 'success_rate': 0.5, 'success_rate_stderr': 0.022360679774997897, 'mean_length': 111.746, 'n_episodes': 500}","{'mean_return': -1.9838600000000013, 'std_return': 2.6995710215513884, 'stderr_return': 0.12072848628554908, 'mean_discounted_return': -1.9838600000000013, 'success_rate': 0.594, 'success_rate_stderr': 0.021961967125009547, 'mean_length': 82.19, 'n_episodes': 500}","{'mean_return': -5.057620000000004, 'std_return': 1.762486236995912, 'stderr_return': 0.07882078070661327, 'mean_discounted_return': -5.057620000000004, 'success_rate': 0.266, 'success_rate_stderr': 0.019760769215797242, 'mean_length': 177.72, 'n_episodes': 500}",0.4065,"(0.25, 0.25, 0.5)"
140,"{'mean_return': -2.994280000000002, 'std_return': 2.825689877109661, 'stderr_return': 0.1263686929710046, 'mean_discounted_return': -2.994280000000002, 'success_rate': 0.488, 'success_rate_stderr': 0.022354238971613417, 'mean_length': 113.46, 'n_episodes': 500}","{'mean_return': -1.6293000000000013, 'std_return': 2.5819733751532, 'stderr_return': 0.11546935965874243, 'mean_discounted_return': -1.6293000000000013, 'success_rate': 0.638, 'success_rate_stderr': 0.021492138097453217, 'mean_length': 71.882, 'n_episodes': 500}","{'mean_return': -5.400300000000003, 'std_return': 1.2976750402161585, 'stderr_return': 0.05803379205256207, 'mean_discounted_return': -5.400300000000003, 'success_rate': 0.21, 'success_rate_stderr': 0.01821537811850196, 'mean_length': 187.22, 'n_episodes': 500}",0.38649999999999995,"(0.25, 0.25, 0.5)"
145,"{'mean_return': -3.0955800000000018, 'std_return': 2.646379009817001, 'stderr_return': 0.11834966720358794, 'mean_discounted_return': -3.0955800000000018, 'success_rate': 0.504, 'success_rate_stderr': 0.022359964221796064, 'mean_length': 117.386, 'n_episodes': 500}","{'mean_return': -2.086540000000001, 'std_return': 2.461086716960621, 'stderr_return': 0.11006314395291465, 'mean_discounted_return': -2.086540000000001, 'success_rate': 0.628, 'success_rate_stderr': 0.021615549958305478, 'mean_length': 86.78, 'n_episodes': 500}","{'mean_return': -4.997880000000003, 'std_return': 1.7942480056001207, 'stderr_return': 0.08024121018030586, 'mean_discounted_return': -4.997880000000003, 'success_rate': 0.282, 'success_rate_stderr': 0.020123419192572618, 'mean_length': 176.278, 'n_episodes': 500}",0.42400000000000004,"(0.25, 0.25, 0.5)"
150,"{'mean_return': -3.0896600000000016, 'std_return': 2.641569700840773, 'stderr_return': 0.11813458836767503, 'mean_discounted_return': -3.0896600000000016, 'success_rate': 0.508, 'success_rate_stderr': 0.022357817424784557, 'mean_length': 117.326, 'n_episodes': 500}","{'mean_return': -2.086540000000001, 'std_return': 2.461086716960621, 'stderr_return': 0.11006314395291465, 'mean_discounted_return': -2.086540000000001, 'success_rate': 0.628, 'success_rate_stderr': 0.021615549958305478, 'mean_length': 86.78, 'n_episodes': 500}","{'mean_return': -5.0021600000000035, 'std_return': 1.7940809720857112, 'stderr_return': 0.08023374021445105, 'mean_discounted_return': -5.0021600000000035, 'success_rate': 0.28, 'success_rate_stderr': 0.020079840636817812, 'mean_length': 176.352, 'n_episodes': 500}",0.42400000000000004,"(0.25, 0.25, 0.5)"
155,"{'mean_return': -3.101800000000002, 'std_return': 2.640968829804701, 'stderr_return': 0.11810771659802767, 'mean_discounted_return': -3.101800000000002, 'success_rate': 0.506, 'success_rate_stderr': 0.02235906974809104, 'mean_length': 117.662, 'n_episodes': 500}","{'mean_return': -2.0918200000000016, 'std_return': 2.461474616485006, 'stderr_return': 0.11008049134701396, 'mean_discounted_return': -2.0918200000000016, 'success_rate': 0.628, 'success_rate_stderr': 0.021615549958305478, 'mean_length': 86.956, 'n_episodes': 500}","{'mean_return': -4.9993200000000035, 'std_return': 1.7936230199236434, 'stderr_return': 0.08021325997115453, 'mean_discounted_return': -4.9993200000000035, 'success_rate': 0.282, 'success_rate_stderr': 0.020123419192572618, 'mean_length': 176.326, 'n_episodes': 500}",0.4245,"(0.25, 0.25, 0.5)"
160,"{'mean_return': -3.0583800000000014, 'std_return': 2.6169485236817347, 'stderr_return': 0.11703349585140153, 'mean_discounted_return': -3.0583800000000014, 'success_rate': 0.522, 'success_rate_stderr': 0.0223390241505756, 'mean_length': 116.764, 'n_episodes': 500}","{'mean_return': -2.0918200000000016, 'std_return': 2.461474616485006, 'stderr_return': 0.11008049134701396, 'mean_discounted_return': -2.0918200000000016, 'success_rate': 0.628, 'success_rate_stderr': 0.021615549958305478, 'mean_length': 86.956, 'n_episodes': 500}","{'mean_return': -4.885780000000002, 'std_return': 1.8177215385201364, 'stderr_return': 0.08129097848593055, 'mean_discounted_return': -4.885780000000002, 'success_rate': 0.326, 'success_rate_stderr': 0.020963015050321363, 'mean_length': 174.052, 'n_episodes': 500}",0.4505,"(0.25, 0.25, 0.5)"
165,"{'mean_return': -3.0593200000000014, 'std_return': 2.620167234662706, 'stderr_return': 0.11717744098246907, 'mean_discounted_return': -3.0593200000000014, 'success_rate': 0.52, 'success_rate_stderr': 0.022342784070030305, 'mean_length': 116.662, 'n_episodes': 500}","{'mean_return': -2.0916400000000013, 'std_return': 2.4615204468783127, 'stderr_return': 0.11008254094451134, 'mean_discounted_return': -2.0916400000000013, 'success_rate': 0.628, 'success_rate_stderr': 0.021615549958305478, 'mean_length': 86.95, 'n_episodes': 500}","{'mean_return': -4.876080000000003, 'std_return': 1.8193307103437826, 'stderr_return': 0.08136294283763355, 'mean_discounted_return': -4.876080000000003, 'success_rate': 0.33, 'success_rate_stderr': 0.02102855201862458, 'mean_length': 173.866, 'n_episodes': 500}",0.45200000000000007,"(0.25, 0.25, 0.5)"
170,"{'mean_return': -3.0610000000000017, 'std_return': 2.621235548362644, 'stderr_return': 0.1172252174235562, 'mean_discounted_return': -3.0610000000000017, 'success_rate': 0.518, 'success_rate_stderr': 0.022346185356789647, 'mean_length': 116.714, 'n_episodes': 500}","{'mean_return': -2.0918200000000016, 'std_return': 2.461474616485006, 'stderr_return': 0.11008049134701396, 'mean_discounted_return': -2.0918200000000016, 'success_rate': 0.628, 'success_rate_stderr': 0.021615549958305478, 'mean_length': 86.956, 'n_episodes': 500}","{'mean_return': -4.863400000000002, 'std_return': 1.8287280935119938, 'stderr_return': 0.0817832065891282, 'mean_discounted_return': -4.863400000000002, 'success_rate': 0.332, 'success_rate_stderr': 0.02106067425321421, 'mean_length': 173.512, 'n_episodes': 500}",0.4525,"(0.25, 0.25, 0.5)"
175,"{'mean_return': -3.044760000000001, 'std_return': 2.615911340699453, 'stderr_return': 0.11698711161833178, 'mean_discounted_return': -3.044760000000001, 'success_rate': 0.522, 'success_rate_stderr': 0.0223390241505756, 'mean_length': 116.31, 'n_episodes': 500}","{'mean_return': -2.0918200000000016, 'std_return': 2.461474616485006, 'stderr_return': 0.11008049134701396, 'mean_discounted_return': -2.0918200000000016, 'success_rate': 0.628, 'success_rate_stderr': 0.021615549958305478, 'mean_length': 86.956, 'n_episodes': 500}","{'mean_return': -4.863400000000002, 'std_return': 1.8287280935119938, 'stderr_return': 0.0817832065891282, 'mean_discounted_return': -4.863400000000002, 'success_rate': 0.332, 'success_rate_stderr': 0.02106067425321421, 'mean_length': 173.512, 'n_episodes': 500}",0.4535,"(0.25, 0.25, 0.5)"
180,"{'mean_return': -3.206700000000002, 'std_return': 2.6897807550058817, 'stderr_return': 0.12029065225527717, 'mean_discounted_return': -3.206700000000002, 'success_rate': 0.522, 'success_rate_stderr': 0.0223390241505756, 'mean_length': 123.26, 'n_episodes': 500}","{'mean_return': -2.2851400000000015, 'std_return': 2.626546283696522, 'stderr_return': 0.11746272072789742, 'mean_discounted_return': -2.2851400000000015, 'success_rate': 0.628, 'success_rate_stderr': 0.021615549958305478, 'mean_length': 95.34, 'n_episodes': 500}","{'mean_return': -4.863400000000002, 'std_return': 1.8287280935119938, 'stderr_return': 0.0817832065891282, 'mean_discounted_return': -4.863400000000002, 'success_rate': 0.332, 'success_rate_stderr': 0.02106067425321421, 'mean_length': 173.512, 'n_episodes': 500}",0.4535,"(0.25, 0.25, 0.5)"
185,"{'mean_return': -3.0618200000000013, 'std_return': 2.6196811423530177, 'stderr_return': 0.11715570227351302, 'mean_discounted_return': -3.0618200000000013, 'success_rate': 0.52, 'success_rate_stderr': 0.022342784070030305, 'mean_length': 116.81, 'n_episodes': 500}","{'mean_return': -2.0918200000000016, 'std_return': 2.461474616485006, 'stderr_return': 0.11008049134701396, 'mean_discounted_return': -2.0918200000000016, 'success_rate': 0.628, 'success_rate_stderr': 0.021615549958305478, 'mean_length': 86.956, 'n_episodes': 500}","{'mean_return': -4.876080000000003, 'std_return': 1.8193307103437826, 'stderr_return': 0.08136294283763355, 'mean_discounted_return': -4.876080000000003, 'success_rate': 0.33, 'success_rate_stderr': 0.02102855201862458, 'mean_length': 173.866, 'n_episodes': 500}",0.45200000000000007,"(0.25, 0.25, 0.5)"
190,"{'mean_return': -3.0354000000000014, 'std_return': 2.623279024427255, 'stderr_return': 0.11731660445137347, 'mean_discounted_return': -3.0354000000000014, 'success_rate': 0.522, 'success_rate_stderr': 0.0223390241505756, 'mean_length': 115.998, 'n_episodes': 500}","{'mean_return': -2.0801800000000013, 'std_return': 2.4690827786042346, 'stderr_return': 0.11042073870066263, 'mean_discounted_return': -2.0801800000000013, 'success_rate': 0.628, 'success_rate_stderr': 0.021615549958305478, 'mean_length': 86.568, 'n_episodes': 500}","{'mean_return': -4.863400000000002, 'std_return': 1.8287280935119938, 'stderr_return': 0.0817832065891282, 'mean_discounted_return': -4.863400000000002, 'success_rate': 0.332, 'success_rate_stderr': 0.02106067425321421, 'mean_length': 173.512, 'n_episodes': 500}",0.4535,"(0.25, 0.25, 0.5)"
195,"{'mean_return': -3.0585000000000018, 'std_return': 2.6217205705414166, 'stderr_return': 0.1172469082748028, 'mean_discounted_return': -3.0585000000000018, 'success_rate': 0.518, 'success_rate_stderr': 0.022346185356789647, 'mean_length': 116.566, 'n_episodes': 500}","{'mean_return': -2.0916400000000013, 'std_return': 2.4615204468783127, 'stderr_return': 0.11008254094451134, 'mean_discounted_return': -2.0916400000000013, 'success_rate': 0.628, 'success_rate_stderr': 0.021615549958305478, 'mean_length': 86.95, 'n_episodes': 500}","{'mean_return': -4.863400000000002, 'std_return': 1.8287280935119938, 'stderr_return': 0.0817832065891282, 'mean_discounted_return': -4.863400000000002, 'success_rate': 0.332, 'success_rate_stderr': 0.02106067425321421, 'mean_length': 173.512, 'n_episodes': 500}",0.4525,"(0.25, 0.25, 0.5)"
200,"{'mean_return': -3.048040000000001, 'std_return': 2.631479309893964, 'stderr_return': 0.11768333236614276, 'mean_discounted_return': -3.048040000000001, 'success_rate': 0.518, 'success_rate_stderr': 0.022346185356789647, 'mean_length': 116.282, 'n_episodes': 500}","{'mean_return': -2.073520000000001, 'std_return': 2.469411429794559, 'stderr_return': 0.11043543642871166, 'mean_discounted_return': -2.073520000000001, 'success_rate': 0.628, 'success_rate_stderr': 0.021615549958305478, 'mean_length': 86.346, 'n_episodes': 500}","{'mean_return': -4.863400000000002, 'std_return': 1.8287280935119938, 'stderr_return': 0.0817832065891282, 'mean_discounted_return': -4.863400000000002, 'success_rate': 0.332, 'success_rate_stderr': 0.02106067425321421, 'mean_length': 173.512, 'n_episodes': 500}",0.4525,"(0.25, 0.25, 0.5)"
205,"{'mean_return': -2.9228600000000013, 'std_return': 2.6555111034224677, 'stderr_return': 0.11875806684516224, 'mean_discounted_return': -2.9228600000000013, 'success_rate': 0.516, 'success_rate_stderr': 0.022349228174592516, 'mean_length': 111.976, 'n_episodes': 500}","{'mean_return': -1.899320000000001, 'std_return': 2.433163853422126, 'stderr_return': 0.10881439553294414, 'mean_discounted_return': -1.899320000000001, 'success_rate': 0.628, 'success_rate_stderr': 0.021615549958305478, 'mean_length': 80.41, 'n_episodes': 500}","{'mean_return': -4.863400000000002, 'std_return': 1.8287280935119938, 'stderr_return': 0.0817832065891282, 'mean_discounted_return': -4.863400000000002, 'success_rate': 0.332, 'success_rate_stderr': 0.02106067425321421, 'mean_length': 173.512, 'n_episodes': 500}",0.45200000000000007,"(0.25, 0.25, 0.5)"
210,"{'mean_return': -3.417540000000001, 'std_return': 2.508287652642737, 'stderr_return': 0.11217403396865079, 'mean_discounted_return': -3.417540000000001, 'success_rate': 0.492, 'success_rate_stderr': 0.022357817424784557, 'mean_length': 127.706, 'n_episodes': 500}","{'mean_return': -2.619580000000001, 'std_return': 2.488048155402143, 'stderr_return': 0.11126889613544305, 'mean_discounted_return': -2.619580000000001, 'success_rate': 0.58, 'success_rate_stderr': 0.02207260745811423, 'mean_length': 102.9, 'n_episodes': 500}","{'mean_return': -4.863400000000002, 'std_return': 1.8287280935119938, 'stderr_return': 0.0817832065891282, 'mean_discounted_return': -4.863400000000002, 'success_rate': 0.332, 'success_rate_stderr': 0.02106067425321421, 'mean_length': 173.512, 'n_episodes': 500}",0.43400000000000005,"(0.25, 0.25, 0.5)"
215,"{'mean_return': -3.698920000000002, 'std_return': 2.483245624903024, 'stderr_return': 0.11105412044224212, 'mean_discounted_return': -3.698920000000002, 'success_rate': 0.434, 'success_rate_stderr': 0.02216501748251059, 'mean_length': 135.094, 'n_episodes': 500}","{'mean_return': -3.058920000000001, 'std_return': 2.523572949926356, 'stderr_return': 0.11285761324430009, 'mean_discounted_return': -3.058920000000001, 'success_rate': 0.504, 'success_rate_stderr': 0.022359964221796064, 'mean_length': 114.806, 'n_episodes': 500}","{'mean_return': -4.956560000000003, 'std_return': 1.796767922242606, 'stderr_return': 0.08035390427851047, 'mean_discounted_return': -4.956560000000003, 'success_rate': 0.298, 'success_rate_stderr': 0.020454632727086544, 'mean_length': 175.45, 'n_episodes': 500}",0.38349999999999995,"(0.25, 0.25, 0.5)"
220,"{'mean_return': -3.728940000000002, 'std_return': 2.4752061482632133, 'stderr_return': 0.11069458411683936, 'mean_discounted_return': -3.728940000000002, 'success_rate': 0.432, 'success_rate_stderr': 0.022152923057691506, 'mean_length': 136.026, 'n_episodes': 500}","{'mean_return': -3.1026600000000006, 'std_return': 2.519588999102832, 'stderr_return': 0.11267944554709178, 'mean_discounted_return': -3.1026600000000006, 'success_rate': 0.498, 'success_rate_stderr': 0.02236050088884415, 'mean_length': 116.058, 'n_episodes': 500}","{'mean_return': -4.972080000000003, 'std_return': 1.7870489846671835, 'stderr_return': 0.07991926017675603, 'mean_discounted_return': -4.972080000000003, 'success_rate': 0.294, 'success_rate_stderr': 0.02037469018169356, 'mean_length': 175.83, 'n_episodes': 500}",0.37949999999999995,"(0.25, 0.25, 0.5)"
225,"{'mean_return': -3.7111800000000015, 'std_return': 2.4722676245908355, 'stderr_return': 0.11056316934314077, 'mean_discounted_return': -3.7111800000000015, 'success_rate': 0.438, 'success_rate_stderr': 0.02218810492133116, 'mean_length': 135.64, 'n_episodes': 500}","{'mean_return': -3.1026600000000006, 'std_return': 2.519588999102832, 'stderr_return': 0.11267944554709178, 'mean_discounted_return': -3.1026600000000006, 'success_rate': 0.498, 'success_rate_stderr': 0.02236050088884415, 'mean_length': 116.058, 'n_episodes': 500}","{'mean_return': -4.960840000000003, 'std_return': 1.7981876694049514, 'stderr_return': 0.0804173973018278, 'mean_discounted_return': -4.960840000000003, 'success_rate': 0.296, 'success_rate_stderr': 0.02041489652190282, 'mean_length': 175.524, 'n_episodes': 500}",0.382,"(0.25, 0.25, 0.5)"
230,"{'mean_return': -3.575100000000002, 'std_return': 2.6249292161885074, 'stderr_return': 0.11739040327045487, 'mean_discounted_return': -3.575100000000002, 'success_rate': 0.45, 'success_rate_stderr': 0.022248595461286987, 'mean_length': 131.904, 'n_episodes': 500}","{'mean_return': -3.3532000000000006, 'std_return': 2.576292405764534, 'stderr_return': 0.11521529898411938, 'mean_discounted_return': -3.3532000000000006, 'success_rate': 0.498, 'success_rate_stderr': 0.02236050088884415, 'mean_length': 125.25, 'n_episodes': 500}","{'mean_return': -4.403980000000003, 'std_return': 2.4690122639630636, 'stderr_return': 0.11041758519004129, 'mean_discounted_return': -4.403980000000003, 'success_rate': 0.332, 'success_rate_stderr': 0.02106067425321421, 'mean_length': 158.198, 'n_episodes': 500}",0.403,"(0.25, 0.25, 0.5)"
235,"{'mean_return': -3.552160000000002, 'std_return': 2.6180515912410915, 'stderr_return': 0.11708282653233147, 'mean_discounted_return': -3.552160000000002, 'success_rate': 0.458, 'success_rate_stderr': 0.022281651644346298, 'mean_length': 131.414, 'n_episodes': 500}","{'mean_return': -3.316620000000001, 'std_return': 2.5620816488941194, 'stderr_return': 0.11457977461663998, 'mean_discounted_return': -3.316620000000001, 'success_rate': 0.512, 'success_rate_stderr': 0.022354238971613417, 'mean_length': 124.576, 'n_episodes': 500}","{'mean_return': -4.397340000000003, 'std_return': 2.4662170067534634, 'stderr_return': 0.11029257748733604, 'mean_discounted_return': -4.397340000000003, 'success_rate': 0.336, 'success_rate_stderr': 0.02112363605064242, 'mean_length': 158.114, 'n_episodes': 500}",0.4105,"(0.25, 0.25, 0.5)"
240,"{'mean_return': -3.575100000000002, 'std_return': 2.6249292161885074, 'stderr_return': 0.11739040327045487, 'mean_discounted_return': -3.575100000000002, 'success_rate': 0.45, 'success_rate_stderr': 0.022248595461286987, 'mean_length': 131.904, 'n_episodes': 500}","{'mean_return': -3.3532000000000006, 'std_return': 2.576292405764534, 'stderr_return': 0.11521529898411938, 'mean_discounted_return': -3.3532000000000006, 'success_rate': 0.498, 'success_rate_stderr': 0.02236050088884415, 'mean_length': 125.25, 'n_episodes': 500}","{'mean_return': -4.397340000000003, 'std_return': 2.4662170067534634, 'stderr_return': 0.11029257748733604, 'mean_discounted_return': -4.397340000000003, 'success_rate': 0.336, 'success_rate_stderr': 0.02112363605064242, 'mean_length': 158.114, 'n_episodes': 500}",0.405,"(0.25, 0.25, 0.5)"
245,"{'mean_return': -3.5016800000000017, 'std_return': 2.6234653376021595, 'stderr_return': 0.11732493662985727, 'mean_discounted_return': -3.5016800000000017, 'success_rate': 0.452, 'success_rate_stderr': 0.022257403262734853, 'mean_length': 128.814, 'n_episodes': 500}","{'mean_return': -3.261040000000001, 'std_return': 2.5446144930814194, 'stderr_return': 0.11379861966122444, 'mean_discounted_return': -3.261040000000001, 'success_rate': 0.494, 'success_rate_stderr': 0.02235906974809104, 'mean_length': 121.006, 'n_episodes': 500}","{'mean_return': -4.3637400000000035, 'std_return': 2.4811122933877883, 'stderr_return': 0.11095871495650993, 'mean_discounted_return': -4.3637400000000035, 'success_rate': 0.34, 'success_rate_stderr': 0.021184900282984576, 'mean_length': 156.808, 'n_episodes': 500}",0.4065,"(0.25, 0.25, 0.5)"
250,"{'mean_return': -3.7776800000000015, 'std_return': 2.4707450328999983, 'stderr_return': 0.110495076972687, 'mean_discounted_return': -3.7776800000000015, 'success_rate': 0.442, 'success_rate_stderr': 0.022209727598509622, 'mean_length': 138.382, 'n_episodes': 500}","{'mean_return': -3.309460000000001, 'std_return': 2.584432531214543, 'stderr_return': 0.1155793364611513, 'mean_discounted_return': -3.309460000000001, 'success_rate': 0.504, 'success_rate_stderr': 0.022359964221796064, 'mean_length': 123.998, 'n_episodes': 500}","{'mean_return': -4.958280000000003, 'std_return': 1.7874512137678085, 'stderr_return': 0.07993724840898656, 'mean_discounted_return': -4.958280000000003, 'success_rate': 0.3, 'success_rate_stderr': 0.020493901531919195, 'mean_length': 175.576, 'n_episodes': 500}",0.38649999999999995,"(0.25, 0.25, 0.5)"
255,"{'mean_return': -3.5016800000000017, 'std_return': 2.6234653376021595, 'stderr_return': 0.11732493662985727, 'mean_discounted_return': -3.5016800000000017, 'success_rate': 0.452, 'success_rate_stderr': 0.022257403262734853, 'mean_length': 128.814, 'n_episodes': 500}","{'mean_return': -3.261040000000001, 'std_return': 2.5446144930814194, 'stderr_return': 0.11379861966122444, 'mean_discounted_return': -3.261040000000001, 'success_rate': 0.494, 'success_rate_stderr': 0.02235906974809104, 'mean_length': 121.006, 'n_episodes': 500}","{'mean_return': -4.3637400000000035, 'std_return': 2.4811122933877883, 'stderr_return': 0.11095871495650993, 'mean_discounted_return': -4.3637400000000035, 'success_rate': 0.34, 'success_rate_stderr': 0.021184900282984576, 'mean_length': 156.808, 'n_episodes': 500}",0.4065,"(0.25, 0.25, 0.5)"
260,"{'mean_return': -3.979800000000002, 'std_return': 2.4048703832015588, 'stderr_return': 0.10754907307829308, 'mean_discounted_return': -3.979800000000002, 'success_rate': 0.42, 'success_rate_stderr': 0.02207260745811423, 'mean_length': 144.17, 'n_episodes': 500}","{'mean_return': -3.3613600000000012, 'std_return': 2.556008793099118, 'stderr_return': 0.11430818824913647, 'mean_discounted_return': -3.3613600000000012, 'success_rate': 0.49, 'success_rate_stderr': 0.022356207191739835, 'mean_length': 124.924, 'n_episodes': 500}","{'mean_return': -5.320840000000003, 'std_return': 1.338284459447994, 'stderr_return': 0.0598499004911455, 'mean_discounted_return': -5.320840000000003, 'success_rate': 0.24, 'success_rate_stderr': 0.019099738218101316, 'mean_length': 185.278, 'n_episodes': 500}",0.3475,"(0.25, 0.25, 0.5)"
265,"{'mean_return': -3.944980000000002, 'std_return': 2.427763703411024, 'stderr_return': 0.10857289348267375, 'mean_discounted_return': -3.944980000000002, 'success_rate': 0.422, 'success_rate_stderr': 0.022086919205719934, 'mean_length': 143.078, 'n_episodes': 500}","{'mean_return': -3.273840000000001, 'std_return': 2.568851271366252, 'stderr_return': 0.11488252133723396, 'mean_discounted_return': -3.273840000000001, 'success_rate': 0.5, 'success_rate_stderr': 0.022360679774997897, 'mean_length': 122.35, 'n_episodes': 500}","{'mean_return': -5.299740000000003, 'std_return': 1.362401898266444, 'stderr_return': 0.060928465143970434, 'mean_discounted_return': -5.299740000000003, 'success_rate': 0.244, 'success_rate_stderr': 0.019207498535728174, 'mean_length': 184.712, 'n_episodes': 500}",0.3525,"(0.25, 0.25, 0.5)"
270,"{'mean_return': -3.5350400000000017, 'std_return': 2.639880413655136, 'stderr_return': 0.11805904114806297, 'mean_discounted_return': -3.5350400000000017, 'success_rate': 0.46, 'success_rate_stderr': 0.022289010745208053, 'mean_length': 130.718, 'n_episodes': 500}","{'mean_return': -3.273840000000001, 'std_return': 2.568851271366252, 'stderr_return': 0.11488252133723396, 'mean_discounted_return': -3.273840000000001, 'success_rate': 0.5, 'success_rate_stderr': 0.022360679774997897, 'mean_length': 122.35, 'n_episodes': 500}","{'mean_return': -4.3637400000000035, 'std_return': 2.4811122933877883, 'stderr_return': 0.11095871495650993, 'mean_discounted_return': -4.3637400000000035, 'success_rate': 0.34, 'success_rate_stderr': 0.021184900282984576, 'mean_length': 156.808, 'n_episodes': 500}",0.41000000000000003,"(0.25, 0.25, 0.5)"
275,"{'mean_return': -3.8472400000000015, 'std_return': 2.4664505635426814, 'stderr_return': 0.110303022464482, 'mean_discounted_return': -3.8472400000000015, 'success_rate': 0.434, 'success_rate_stderr': 0.02216501748251059, 'mean_length': 140.232, 'n_episodes': 500}","{'mean_return': -3.317580000000001, 'std_return': 2.561269986471557, 'stderr_return': 0.11454347596960736, 'mean_discounted_return': -3.317580000000001, 'success_rate': 0.494, 'success_rate_stderr': 0.02235906974809104, 'mean_length': 123.602, 'n_episodes': 500}","{'mean_return': -4.953160000000002, 'std_return': 1.789941232107918, 'stderr_return': 0.08004860541446067, 'mean_discounted_return': -4.953160000000002, 'success_rate': 0.3, 'success_rate_stderr': 0.020493901531919195, 'mean_length': 175.082, 'n_episodes': 500}",0.382,"(0.25, 0.25, 0.5)"
280,"{'mean_return': -3.8472400000000015, 'std_return': 2.4664505635426814, 'stderr_return': 0.110303022464482, 'mean_discounted_return': -3.8472400000000015, 'success_rate': 0.434, 'success_rate_stderr': 0.02216501748251059, 'mean_length': 140.232, 'n_episodes': 500}","{'mean_return': -3.317580000000001, 'std_return': 2.561269986471557, 'stderr_return': 0.11454347596960736, 'mean_discounted_return': -3.317580000000001, 'success_rate': 0.494, 'success_rate_stderr': 0.02235906974809104, 'mean_length': 123.602, 'n_episodes': 500}","{'mean_return': -4.953160000000002, 'std_return': 1.789941232107918, 'stderr_return': 0.08004860541446067, 'mean_discounted_return': -4.953160000000002, 'success_rate': 0.3, 'success_rate_stderr': 0.020493901531919195, 'mean_length': 175.082, 'n_episodes': 500}",0.382,"(0.25, 0.25, 0.5)"
285,"{'mean_return': -4.027860000000001, 'std_return': 2.4314324215161753, 'stderr_return': 0.10873696354414181, 'mean_discounted_return': -4.027860000000001, 'success_rate': 0.396, 'success_rate_stderr': 0.02187162545399861, 'mean_length': 144.948, 'n_episodes': 500}","{'mean_return': -3.307300000000001, 'std_return': 2.560798100202359, 'stderr_return': 0.11452237257409585, 'mean_discounted_return': -3.307300000000001, 'success_rate': 0.496, 'success_rate_stderr': 0.022359964221796064, 'mean_length': 123.328, 'n_episodes': 500}","{'mean_return': -5.465120000000004, 'std_return': 1.2511345993137621, 'stderr_return': 0.055952440261350676, 'mean_discounted_return': -5.465120000000004, 'success_rate': 0.182, 'success_rate_stderr': 0.01725549187939886, 'mean_length': 188.096, 'n_episodes': 500}",0.314,"(0.25, 0.25, 0.5)"
290,"{'mean_return': -4.027860000000001, 'std_return': 2.4314324215161753, 'stderr_return': 0.10873696354414181, 'mean_discounted_return': -4.027860000000001, 'success_rate': 0.396, 'success_rate_stderr': 0.02187162545399861, 'mean_length': 144.948, 'n_episodes': 500}","{'mean_return': -3.307300000000001, 'std_return': 2.560798100202359, 'stderr_return': 0.11452237257409585, 'mean_discounted_return': -3.307300000000001, 'success_rate': 0.496, 'success_rate_stderr': 0.022359964221796064, 'mean_length': 123.328, 'n_episodes': 500}","{'mean_return': -5.465120000000004, 'std_return': 1.2511345993137621, 'stderr_return': 0.055952440261350676, 'mean_discounted_return': -5.465120000000004, 'success_rate': 0.182, 'success_rate_stderr': 0.01725549187939886, 'mean_length': 188.096, 'n_episodes': 500}",0.314,"(0.25, 0.25, 0.5)"
295,"{'mean_return': -3.8835400000000018, 'std_return': 2.4810134357556413, 'stderr_return': 0.11095429390879842, 'mean_discounted_return': -3.8835400000000018, 'success_rate': 0.414, 'success_rate_stderr': 0.0220274374360705, 'mean_length': 140.626, 'n_episodes': 500}","{'mean_return': -3.307300000000001, 'std_return': 2.560798100202359, 'stderr_return': 0.11452237257409585, 'mean_discounted_return': -3.307300000000001, 'success_rate': 0.496, 'success_rate_stderr': 0.022359964221796064, 'mean_length': 123.328, 'n_episodes': 500}","{'mean_return': -5.103940000000004, 'std_return': 1.756653032445511, 'stderr_return': 0.07855991186858612, 'mean_discounted_return': -5.103940000000004, 'success_rate': 0.24, 'success_rate_stderr': 0.019099738218101316, 'mean_length': 178.048, 'n_episodes': 500}",0.3475,"(0.25, 0.25, 0.5)"
300,"{'mean_return': -3.998660000000002, 'std_return': 2.4413093217370085, 'stderr_return': 0.10917867195015711, 'mean_discounted_return': -3.998660000000002, 'success_rate': 0.4, 'success_rate_stderr': 0.021908902300206645, 'mean_length': 144.112, 'n_episodes': 500}","{'mean_return': -3.2635600000000013, 'std_return': 2.5682057017302977, 'stderr_return': 0.1148536505854299, 'mean_discounted_return': -3.2635600000000013, 'success_rate': 0.502, 'success_rate_stderr': 0.02236050088884415, 'mean_length': 122.076, 'n_episodes': 500}","{'mean_return': -5.465120000000004, 'std_return': 1.2511345993137621, 'stderr_return': 0.055952440261350676, 'mean_discounted_return': -5.465120000000004, 'success_rate': 0.182, 'success_rate_stderr': 0.01725549187939886, 'mean_length': 188.096, 'n_episodes': 500}",0.3165,"(0.25, 0.25, 0.5)"
