epoch,success_rate_overall,success_rate_overall_stderr,success_rate_covered,success_rate_covered_stderr,success_rate_held_out,success_rate_held_out_stderr,weighted_success_rate
0,0.4,0.021908902300206645,0.462,0.022296008611408458,0.194,0.01768411716767337,0.3125
5,0.302,0.020532705618110828,0.348,0.02130239423163509,0.136,0.01532997064576446,0.23049999999999998
10,0.474,0.022330427671677047,0.542,0.022281651644346295,0.276,0.01999119806314769,0.392
15,0.444,0.022219990999098087,0.604,0.02187162545399861,0.16,0.016395121225535356,0.342
20,0.494,0.02235906974809104,0.606,0.021852414054287,0.278,0.020035768016225385,0.41400000000000003
25,0.44,0.022199099080818574,0.604,0.02187162545399861,0.162,0.016477621187537962,0.342
30,0.496,0.022359964221796064,0.604,0.02187162545399861,0.278,0.020035768016225385,0.41400000000000003
35,0.45,0.022248595461286987,0.604,0.02187162545399861,0.132,0.01513776733867977,0.3295
40,0.45,0.022248595461286987,0.604,0.02187162545399861,0.134,0.015234434679370286,0.3305
45,0.448,0.02223942445298439,0.606,0.021852414054287,0.134,0.015234434679370286,0.3305
50,0.45,0.022248595461286987,0.604,0.02187162545399861,0.134,0.015234434679370286,0.3305
55,0.448,0.02223942445298439,0.604,0.02187162545399861,0.138,0.01542439626046997,0.332
60,0.474,0.022330427671677047,0.598,0.021926969694875762,0.21,0.01821537811850196,0.373
65,0.474,0.022330427671677047,0.598,0.021926969694875762,0.21,0.01821537811850196,0.373
70,0.476,0.02233490541730589,0.596,0.021944657664224338,0.21,0.01821537811850196,0.373
75,0.498,0.02236050088884415,0.634,0.021542701780417423,0.212,0.018278730809331376,0.389
80,0.498,0.02236050088884415,0.636,0.02151762068631195,0.212,0.018278730809331376,0.38949999999999996
85,0.514,0.022351912669836556,0.636,0.02151762068631195,0.26,0.019616319736382767,0.4175
90,0.47,0.022320394261750844,0.632,0.021567382780485908,0.14,0.01551773179301666,0.3455
95,0.47,0.022320394261750844,0.634,0.021542701780417423,0.14,0.01551773179301666,0.34600000000000003
100,0.504,0.022359964221796064,0.634,0.021542701780417423,0.218,0.018464885594013304,0.39349999999999996
105,0.516,0.022349228174592516,0.634,0.021542701780417423,0.25,0.019364916731037084,0.4125
110,0.504,0.022359964221796064,0.636,0.02151762068631195,0.216,0.01840347793217358,0.393
115,0.518,0.022346185356789647,0.616,0.02175058619899703,0.286,0.020209106858047932,0.4265
120,0.522,0.0223390241505756,0.616,0.02175058619899703,0.322,0.020895741192884256,0.4455
125,0.52,0.022342784070030305,0.616,0.02175058619899703,0.322,0.020895741192884256,0.44500000000000006
130,0.52,0.022342784070030305,0.616,0.02175058619899703,0.324,0.020929596269398033,0.44600000000000006
135,0.52,0.022342784070030305,0.616,0.02175058619899703,0.324,0.020929596269398033,0.44600000000000006
140,0.518,0.022346185356789647,0.606,0.021852414054287,0.328,0.02099599961897504,0.44500000000000006
145,0.53,0.022320394261750844,0.616,0.02175058619899703,0.336,0.02112363605064242,0.4545
150,0.528,0.022325590697672478,0.606,0.021852414054287,0.34,0.021184900282984576,0.4535
155,0.53,0.022320394261750844,0.616,0.02175058619899703,0.34,0.021184900282984576,0.4565
160,0.526,0.022330427671677047,0.616,0.02175058619899703,0.34,0.021184900282984576,0.4555
165,0.53,0.022320394261750844,0.616,0.02175058619899703,0.34,0.021184900282984576,0.4565
170,0.526,0.022330427671677047,0.616,0.02175058619899703,0.34,0.021184900282984576,0.4555
175,0.528,0.022325590697672478,0.616,0.02175058619899703,0.346,0.021273645667821018,0.459
180,0.534,0.022308921982023246,0.606,0.021852414054287,0.374,0.021639038795658184,0.47200000000000003
185,0.526,0.022330427671677047,0.606,0.021852414054287,0.34,0.021184900282984576,0.45300000000000007
190,0.524,0.02233490541730589,0.606,0.021852414054287,0.346,0.021273645667821018,0.45549999999999996
195,0.524,0.02233490541730589,0.606,0.021852414054287,0.346,0.021273645667821018,0.45549999999999996
200,0.524,0.02233490541730589,0.606,0.021852414054287,0.346,0.021273645667821018,0.45549999999999996
205,0.524,0.02233490541730589,0.606,0.021852414054287,0.346,0.021273645667821018,0.45549999999999996
210,0.524,0.02233490541730589,0.604,0.02187162545399861,0.346,0.021273645667821018,0.455
215,0.53,0.022320394261750844,0.606,0.021852414054287,0.346,0.021273645667821018,0.457
220,0.524,0.02233490541730589,0.602,0.02189045454073533,0.346,0.021273645667821018,0.45449999999999996
225,0.528,0.022325590697672478,0.598,0.021926969694875762,0.346,0.021273645667821018,0.45449999999999996
230,0.47,0.022320394261750844,0.5,0.022360679774997897,0.346,0.021273645667821018,0.4155
235,0.472,0.022325590697672478,0.5,0.022360679774997897,0.354,0.021386163751360363,0.42
240,0.47,0.022320394261750844,0.5,0.022360679774997897,0.346,0.021273645667821018,0.4155
245,0.514,0.022351912669836556,0.574,0.02211442967837968,0.346,0.021273645667821018,0.445
250,0.498,0.02236050088884415,0.55,0.022248595461286987,0.346,0.021273645667821018,0.435
255,0.498,0.02236050088884415,0.55,0.022248595461286987,0.346,0.021273645667821018,0.435
260,0.498,0.02236050088884415,0.55,0.022248595461286987,0.346,0.021273645667821018,0.435
265,0.498,0.02236050088884415,0.55,0.022248595461286987,0.346,0.021273645667821018,0.435
270,0.502,0.02236050088884415,0.55,0.022248595461286987,0.346,0.021273645667821018,0.436
275,0.502,0.02236050088884415,0.55,0.022248595461286987,0.342,0.021214900423994452,0.43400000000000005
280,0.498,0.02236050088884415,0.548,0.02225740326273485,0.346,0.021273645667821018,0.4345
285,0.502,0.02236050088884415,0.548,0.02225740326273485,0.342,0.021214900423994452,0.4335
290,0.502,0.02236050088884415,0.55,0.022248595461286987,0.346,0.021273645667821018,0.436
295,0.498,0.02236050088884415,0.55,0.022248595461286987,0.342,0.021214900423994452,0.43300000000000005
300,0.472,0.022325590697672478,0.5,0.022360679774997897,0.346,0.021273645667821018,0.416
