state,covered,near_death,true_value_pi_beta,n_actions_visited,total_samples,min_samples_per_visited_action,mean_samples_per_visited_action,max_samples_per_visited_action
0,True,False,-0.6583917841081031,3,4483,1,1494.3333333333333,4476
1,True,False,-0.654656812301944,3,4498,4,1499.3333333333333,4477
2,True,False,-0.6507640823934605,3,5852,5,1950.6666666666667,5825
3,True,False,-0.6468213996900594,4,7785,91,1946.25,5599
4,False,True,-0.9510520535953552,0,0,0,0.0,0
5,False,True,-0.9505167914257591,0,0,0,0.0,0
6,False,True,-0.9499582341848739,0,0,0,0.0,0
7,False,True,-0.9493924105210642,0,0,0,0.0,0
8,False,True,-0.9488198708375699,0,0,0,0.0,0
9,False,True,-0.9498635000101965,0,0,0,0.0,0
10,False,True,-0.9693904583128203,0,0,0,0.0,0
11,False,True,-0.9979827126910755,0,0,0,0.0,0
12,True,True,-0.998749913994299,2,4,1,2.0,3
13,True,True,-0.9994451719727506,2,59,29,29.5,30
14,True,True,-0.9997803120841644,2,530,7,265.0,523
15,True,True,-0.9997872254058287,3,1510,47,503.3333333333333,985
16,True,True,-0.9977852855838001,2,10,3,5.0,7
17,True,True,-0.9949664673455912,1,7,7,7.0,7
18,True,True,-0.9948326245647072,1,8,8,8.0,8
19,True,True,-0.9947717991073046,2,9,1,4.5,8
20,True,True,-0.9993302343215454,1,7,7,7.0,7
21,False,True,-0.9999740369541531,0,0,0,0.0,0
22,False,True,-0.9999997037612184,0,0,0,0.0,0
23,False,True,-1.0000000486316258,0,0,0,0.0,0
25,False,True,-0.9999953595347757,0,0,0,0.0,0
26,False,True,-0.9999951907195367,0,0,0,0.0,0
27,False,True,-0.9999950943896847,0,0,0,0.0,0
28,False,True,-0.9999949828375526,0,0,0,0.0,0
29,False,True,-0.9999949447575822,0,0,0,0.0,0
30,False,True,-0.999999861262596,0,0,0,0.0,0
31,False,True,-0.9999999355189311,0,0,0,0.0,0
32,False,True,-0.9999999102796614,0,0,0,0.0,0
33,True,False,-0.6404924696698217,4,7041,47,1760.25,5687
34,True,False,-0.5549039749984941,3,127,1,42.333333333333336,77
35,True,False,-0.5042573417023475,2,51,1,25.5,50
36,True,False,-0.49740213333779704,1,52,52,52.0,52
37,True,False,-0.49168772897838414,3,53,1,17.666666666666668,48
38,False,True,-0.9470348237629901,0,0,0,0.0,0
39,False,True,-0.9464066839137223,0,0,0,0.0,0
40,True,True,-0.945799658110508,1,1,1,1.0,1
41,True,True,-0.9445517198504225,2,139,69,69.5,70
42,True,True,-0.9981780544037129,2,83,26,41.5,57
43,True,True,-0.9991773926385719,3,55,2,18.333333333333332,43
44,True,True,-0.9997841815402128,2,161,60,80.5,101
45,True,True,-0.9997740367481146,3,67,1,22.333333333333332,65
46,True,True,-0.9997631807900634,2,303,110,151.5,193
47,True,True,-0.9998869856878384,3,2414,1,804.6666666666666,2391
48,True,True,-0.9998891771694021,3,4434,21,1478.0,2297
49,True,True,-0.9811418747180853,2,8,3,4.0,5
50,True,True,-0.9994501646216882,1,8,8,8.0,8
51,True,True,-0.9999530949396327,2,13,2,6.5,11
52,False,True,-1.0000003312291232,0,0,0,0.0,0
53,False,True,-1.0000002259093999,0,0,0,0.0,0
54,False,True,-0.9999967465170969,0,0,0,0.0,0
55,False,True,-0.9999959414812045,0,0,0,0.0,0
56,False,True,-0.9999957094737448,0,0,0,0.0,0
57,False,True,-0.9999955078383276,0,0,0,0.0,0
58,False,True,-1.0000006339461087,0,0,0,0.0,0
59,False,True,-1.0000007512865121,0,0,0,0.0,0
60,False,True,-0.9999998824190653,0,0,0,0.0,0
61,False,True,-0.9999998972478745,0,0,0,0.0,0
62,False,True,-0.9999998680184842,0,0,0,0.0,0
63,True,False,-0.6342396553910409,4,5887,48,1471.75,4415
64,True,False,-0.5874585068946582,3,4691,2,1563.6666666666667,4094
65,True,False,-0.5802196227788678,2,7083,3180,3541.5,3903
66,True,False,-0.5855725353185728,3,3906,293,1302.0,3253
67,True,False,-0.4850422298251066,1,50,50,50.0,50
68,True,False,-0.47922812627270084,1,58,58,58.0,58
69,True,False,-0.47334438164806464,3,158,3,52.666666666666664,145
70,True,False,-0.8949692318260641,1,7,7,7.0,7
71,True,False,-0.8938184708962957,4,172,4,43.0,146
72,True,True,-0.9997490046450277,1,63,63,63.0,63
73,True,True,-0.9997890595982284,2,125,1,62.5,124
74,True,True,-0.9997877880849432,3,222,1,74.0,167
75,True,True,-0.9997711493947575,1,197,197,197.0,197
76,True,True,-0.9997686127587576,3,381,11,127.0,239
77,True,False,-0.7285407971139668,2,3,1,1.5,2
78,True,True,-0.966426468003318,1,6,6,6.0,6
79,True,True,-0.9727841758735501,2,10,5,5.0,5
80,True,True,-0.9999789406738391,2,14,3,7.0,11
81,True,True,-0.9999679500563544,2,13,4,6.5,9
82,False,True,-1.0000005361611555,0,0,0,0.0,0
83,False,True,-1.0000004358700023,0,0,0,0.0,0
84,False,True,-0.9999981546191562,0,0,0,0.0,0
85,False,True,-0.9999957812993544,0,0,0,0.0,0
86,False,True,-0.999995696538019,0,0,0,0.0,0
87,False,True,-1.0000001584103644,0,0,0,0.0,0
88,False,True,-1.0000002568746984,0,0,0,0.0,0
89,False,True,-1.0000007430990348,0,0,0,0.0,0
90,False,True,-0.9999999747110426,0,0,0,0.0,0
92,False,True,-0.9999997901617488,0,0,0,0.0,0
93,True,False,-0.6269368354096164,3,4869,5,1623.0,4393
94,True,False,-0.6063343237987391,4,4891,40,1222.75,4689
95,True,False,-0.5674864417813945,2,4031,3,2015.5,4028
96,True,False,-0.5624079285130568,2,3929,1921,1964.5,2008
97,True,False,-0.49478268041243373,3,2185,1,728.3333333333334,2173
98,True,False,-0.4873227263032924,2,6553,3071,3276.5,3482
99,True,False,-0.46676626537975235,2,3587,3,1793.5,3584
100,True,False,-0.46019392251431634,3,3560,4,1186.6666666666667,3541
101,True,False,-0.45408067371363586,2,3577,5,1788.5,3572
102,True,False,-0.43603374242824994,3,3844,88,1281.3333333333333,3617
103,True,False,-0.4086464649065113,2,8261,3376,4130.5,4885
104,True,False,-0.37488739057236947,3,3582,2,1194.0,3558
105,True,False,-0.36706211474918726,3,3803,8,1267.6666666666667,3767
106,True,False,-0.3598788045077449,3,12018,58,4006.0,11774
107,True,False,-0.537315612441952,1,1,1,1.0,1
108,False,False,-0.7276221283463762,0,0,0,0.0,0
109,False,True,-0.9920817097331801,0,0,0,0.0,0
110,True,True,-0.9999876016677345,3,13,1,4.333333333333333,7
111,False,True,-1.0000004934644793,0,0,0,0.0,0
112,False,True,-1.0000006443310068,0,0,0,0.0,0
113,False,True,-1.000000606978083,0,0,0,0.0,0
114,False,True,-1.0000002145512328,0,0,0,0.0,0
115,False,True,-1.000000301943832,0,0,0,0.0,0
116,False,True,-1.000000278653503,0,0,0,0.0,0
117,False,True,-1.0000001805257863,0,0,0,0.0,0
118,False,True,-1.0000005212969496,0,0,0,0.0,0
119,False,True,-1.0000005652283102,0,0,0,0.0,0
120,False,True,-0.9999998588843948,0,0,0,0.0,0
121,False,True,-0.9999998473969106,0,0,0,0.0,0
122,False,True,-0.9999998596421147,0,0,0,0.0,0
123,True,False,-0.7540346191209741,4,882,6,220.5,473
124,True,True,-0.9678732519267323,2,515,43,257.5,472
125,True,True,-0.9782934136497581,4,681,3,170.25,329
126,True,False,-0.6242874043841083,2,1995,467,997.5,1528
127,True,False,-0.5076747027140286,3,3572,5,1190.6666666666667,3555
128,True,False,-0.4989137488747882,3,6603,31,2201.0,4576
129,True,True,-0.9997106327914795,2,15,5,7.5,10
130,True,True,-0.9997279038406024,1,7,7,7.0,7
131,True,True,-0.9997254103175831,1,4,4,4.0,4
132,True,False,-0.42861763999281066,4,8206,1,2051.5,8187
133,True,False,-0.4221664105763174,3,12940,67,4313.333333333333,8284
134,True,False,-0.2783178612016014,3,150,2,50.0,129
135,True,False,-0.3327118315441032,2,13041,5546,6520.5,7495
136,True,False,-0.3525225627888036,4,17238,1,4309.5,8935
137,False,False,-0.3162696919544403,0,0,0,0.0,0
138,False,False,-0.488632127332373,0,0,0,0.0,0
139,False,True,-0.9997879980004695,0,0,0,0.0,0
140,True,True,-0.9999946776215909,2,8,1,4.0,7
141,True,True,-1.0000005203976636,2,7,1,3.5,6
142,True,True,-1.0000006407509217,1,6,6,6.0,6
143,True,True,-1.0000008833452654,2,17,1,8.5,16
144,False,True,-1.0000001598470125,0,0,0,0.0,0
145,False,True,-1.0000001932483364,0,0,0,0.0,0
146,False,True,-1.0000003234831933,0,0,0,0.0,0
147,False,True,-1.000000378379493,0,0,0,0.0,0
148,False,True,-1.0000004655505381,0,0,0,0.0,0
149,False,True,-1.0000005209939804,0,0,0,0.0,0
150,False,True,-0.9999999364213891,0,0,0,0.0,0
151,False,True,-0.9999999647073337,0,0,0,0.0,0
152,False,True,-0.9999995789845973,0,0,0,0.0,0
153,True,False,-0.8497460044380336,4,518,4,129.5,280
154,True,True,-0.9682281070533465,1,53,53,53.0,53
155,True,True,-0.9891447100097384,4,359,4,89.75,177
156,True,True,-0.9895264103428508,1,509,509,509.0,509
157,True,True,-0.999400069823854,3,510,1,170.0,508
158,True,True,-0.9996888000293078,3,518,1,172.66666666666666,515
159,True,True,-0.9996940731798247,2,577,1,288.5,576
160,True,True,-0.9996904583653599,3,590,19,196.66666666666666,524
161,True,True,-0.9997220495128332,1,7,7,7.0,7
162,True,True,-0.9997188722649523,3,103,1,34.333333333333336,101
163,True,True,-0.9997156666131902,3,1650,30,550.0,1559
164,True,False,-0.26949646464978166,2,4963,1504,2481.5,3459
165,True,False,-0.3056773126681208,3,9059,40,3019.6666666666665,4904
166,True,False,-0.2325803443518243,2,96,47,48.0,49
167,True,False,-0.22589919157168722,1,54,54,54.0,54
168,True,False,-0.2147357359382112,2,182,3,91.0,179
169,True,False,-0.1608748996635731,3,5316,1,1772.0,3448
170,True,False,-0.13967594257689717,3,3631,17,1210.3333333333333,3544
171,True,True,-1.0000007036772063,1,1,1,1.0,1
172,True,True,-1.000000758332976,2,9,2,4.5,7
173,True,True,-1.000001060738978,3,27,4,9.0,13
174,False,True,-1.0000001146326025,0,0,0,0.0,0
175,False,True,-1.0000000730321301,0,0,0,0.0,0
176,False,True,-1.000000002807264,0,0,0,0.0,0
177,False,True,-0.9999999815781934,0,0,0,0.0,0
178,False,True,-1.000000386184783,0,0,0,0.0,0
179,False,True,-1.000000489395942,0,0,0,0.0,0
180,False,True,-0.999999933709104,0,0,0,0.0,0
181,False,True,-0.9999999989883943,0,0,0,0.0,0
182,False,True,-0.9999992651057036,0,0,0,0.0,0
183,True,True,-0.9740815851491638,2,1398,3,699.0,1395
184,True,True,-0.9772330627656115,4,1496,51,374.0,1232
185,True,True,-0.9994459766033911,2,845,103,422.5,742
186,True,True,-0.9997574211519527,3,14933,2,4977.666666666667,9113
187,True,True,-0.9997641883148787,4,14952,51,3738.0,8947
188,True,True,-0.9995201281080273,2,114,42,57.0,72
189,True,True,-0.9994933262088975,3,81,4,27.0,47
190,True,True,-0.9996861452352495,2,859,362,429.5,497
191,True,True,-0.9996894601192647,3,380,1,126.66666666666667,378
192,True,True,-0.9997033499531284,2,3931,1666,1965.5,2265
193,True,True,-0.9997121634344842,3,3212,8,1070.6666666666667,1720
194,True,False,-0.24089841535797948,3,3539,1,1179.6666666666667,3531
195,True,False,-0.23181905513651094,3,3533,12,1177.6666666666667,3501
196,True,False,-0.22305595419780913,3,3488,1,1162.6666666666667,3457
197,True,False,-0.21401833493677103,2,3366,488,1683.0,2878
198,True,False,-0.2055742119601498,4,3162,9,790.5,2999
199,True,False,-0.17289363208706632,3,6045,78,2015.0,5386
200,True,False,-0.12934921686188258,2,5315,2024,2657.5,3291
201,True,False,-0.09715315744393188,3,3410,26,1136.6666666666667,3286
202,True,True,-1.00000090500067,1,15,15,15.0,15
203,True,True,-1.0000010101165577,2,276,3,138.0,273
204,True,True,-1.0000009834705246,2,290,25,145.0,265
205,False,True,-1.0000001022167473,0,0,0,0.0,0
206,False,True,-1.0000000391352024,0,0,0,0.0,0
207,False,True,-0.9999999763340531,0,0,0,0.0,0
208,False,True,-1.000000162351253,0,0,0,0.0,0
209,False,True,-1.0000001999723578,0,0,0,0.0,0
210,False,True,-0.9999999241281765,0,0,0,0.0,0
211,False,True,-0.9999981598010335,0,0,0,0.0,0
212,False,True,-0.9999981983446228,0,0,0,0.0,0
213,False,True,-0.9999981853024498,0,0,0,0.0,0
214,True,True,-0.9988564131986806,1,185,185,185.0,185
215,True,True,-0.9994412447600854,2,322,2,161.0,320
216,True,True,-0.9997612685730458,4,8097,28,2024.25,5913
217,True,True,-0.999768518641505,4,7336,13,1834.0,5391
218,True,True,-0.9995308253578261,3,119,2,39.666666666666664,84
219,True,True,-0.99946867101966,3,52,2,17.333333333333332,37
220,True,True,-0.9996779629931724,2,579,1,289.5,578
221,True,True,-0.9996741570298648,2,2956,467,1478.0,2489
222,True,True,-0.9996915806100265,3,4697,6,1565.6666666666667,2446
223,True,True,-0.999798023739096,2,885,429,442.5,456
224,True,True,-0.9997929010389169,3,476,2,158.66666666666666,467
225,True,True,-0.9997903567974609,3,2030,1,676.6666666666666,1753
226,True,True,-0.9997874120746602,3,22930,672,7643.333333333333,21541
227,True,False,-0.20470169839843294,2,679,1,339.5,678
228,True,False,-0.19574524672883192,3,4610,4,1536.6666666666667,4590
229,True,False,-0.18639626752936356,3,5200,33,1733.3333333333333,4143
230,True,False,-0.15564651682112038,3,2070,13,690.0,1888
231,True,False,-0.08591110314820388,2,3324,22,1662.0,3302
232,True,False,-0.07553569561453341,3,3424,17,1141.3333333333333,3305
233,True,False,-0.055237062655414754,2,4,1,2.0,3
234,True,False,-0.045444653746738894,1,5,5,5.0,5
235,False,True,-1.0000001415780082,0,0,0,0.0,0
236,False,True,-0.9999993792365446,0,0,0,0.0,0
237,False,True,-0.9999995177569936,0,0,0,0.0,0
238,False,True,-0.9999994344165376,0,0,0,0.0,0
239,False,True,-1.0000002105375778,0,0,0,0.0,0
240,False,True,-0.999998058494215,0,0,0,0.0,0
241,False,True,-0.999998164145629,0,0,0,0.0,0
242,False,True,-0.9997698451691897,0,0,0,0.0,0
243,True,True,-0.9997618020297712,1,1,1,1.0,1
244,True,True,-0.9997589369233212,1,28,28,28.0,28
245,True,True,-0.9997561493284177,3,1166,1,388.6666666666667,1160
246,True,True,-0.9997619868713409,2,3263,1112,1631.5,2151
247,True,True,-0.999770680563573,4,2303,5,575.75,1947
248,True,True,-0.9995389822551144,3,67,1,22.333333333333332,54
249,True,True,-0.9993832436608846,1,87,87,87.0,87
250,True,True,-0.9993742459888655,3,123,5,41.0,77
251,True,True,-0.9995762902674179,2,1851,661,925.5,1190
252,True,True,-0.9997186039457734,3,684,20,228.0,460
253,True,True,-0.9997990987824898,3,927,6,309.0,869
254,False,True,-0.9996192339544065,0,0,0,0.0,0
255,True,True,-0.9997914045244916,3,377,1,125.66666666666667,359
256,True,True,-0.9997848406272287,3,22303,75,7434.333333333333,21258
257,False,False,-0.3379092749655421,0,0,0,0.0,0
258,False,False,-0.3001425059776466,0,0,0,0.0,0
259,True,False,-0.2906707116511621,1,7,7,7.0,7
260,True,False,-0.28235857390789476,2,207,1,103.5,206
261,True,False,-0.16018984398747965,2,107,53,53.5,54
262,True,False,-0.06472242197239124,3,3277,6,1092.3333333333333,3259
263,True,False,-0.04483220994065959,2,91,24,45.5,67
264,True,False,-0.034365016345141934,1,129,129,129.0,129
265,False,True,-1.0000001621989725,0,0,0,0.0,0
266,False,True,-0.9999992944357562,0,0,0,0.0,0
267,False,True,-0.9999995796318034,0,0,0,0.0,0
268,False,True,-1.000000012928915,0,0,0,0.0,0
269,False,True,-1.0000001674969108,0,0,0,0.0,0
270,False,True,-0.9999979317942822,0,0,0,0.0,0
271,False,True,-0.9997794120035476,0,0,0,0.0,0
272,False,True,-0.9997726190503343,0,0,0,0.0,0
273,False,True,-0.9998647334923609,0,0,0,0.0,0
274,False,True,-0.9997595810005931,0,0,0,0.0,0
275,False,True,-0.9997527272143312,0,0,0,0.0,0
276,True,True,-0.9997496943472176,2,11,3,5.5,8
277,True,True,-0.999767308316807,3,373,1,124.33333333333333,371
278,True,True,-0.9995467460498714,2,34,4,17.0,30
279,True,True,-0.9992844047077231,2,90,31,45.0,59
280,True,True,-0.9993397916541769,2,71,34,35.5,37
281,True,True,-0.9994876373041509,2,1244,52,622.0,1192
282,True,True,-0.9997829214239293,2,477,1,238.5,476
283,True,True,-0.9997823461917733,4,523,4,130.75,489
284,False,True,-0.999614664158221,0,0,0,0.0,0
285,True,True,-0.9997748141297236,2,57,1,28.5,56
286,True,True,-0.9997189637769641,3,1570,2,523.3333333333334,1522
287,False,False,-0.38273639963606326,0,0,0,0.0,0
288,False,True,-0.9826840759419717,0,0,0,0.0,0
289,False,True,-0.9828551097364029,0,0,0,0.0,0
290,True,False,-0.27774663795167054,2,213,2,106.5,211
291,True,False,-0.2696716218454681,2,365,97,182.5,268
292,True,False,-0.05142924533776527,3,3431,3,1143.6666666666667,3425
293,True,False,-0.03453332572121906,3,3365,2,1121.6666666666667,3360
294,True,False,-0.02320465733428246,3,3402,2,1134.0,3396
295,False,True,-0.9999994018044859,0,0,0,0.0,0
296,False,True,-0.9999993675413953,0,0,0,0.0,0
297,False,True,-0.9999996245978865,0,0,0,0.0,0
298,False,True,-0.9999998738558201,0,0,0,0.0,0
299,False,True,-0.9999998896771332,0,0,0,0.0,0
300,False,True,-0.9999972687669946,0,0,0,0.0,0
301,False,True,-0.9997817818446079,0,0,0,0.0,0
302,False,True,-0.9997795386909015,0,0,0,0.0,0
303,False,True,-0.99994378167616,0,0,0,0.0,0
304,False,True,-0.9999454352940119,0,0,0,0.0,0
305,False,True,-0.9999444202255626,0,0,0,0.0,0
306,True,True,-0.9996749194484881,1,4,4,4.0,4
307,True,True,-0.9995728419370704,1,22,22,22.0,22
308,True,True,-0.9995628046319596,2,27,7,13.5,20
309,True,True,-0.9992312772859613,2,59,2,29.5,57
310,True,True,-0.998117751307553,2,46,19,23.0,27
311,True,True,-0.9980740141496279,2,1694,760,847.0,934
312,True,True,-0.9979509605115405,3,1417,46,472.3333333333333,903
313,True,True,-0.9995003995571754,2,74,31,37.0,43
314,True,True,-0.9994615718524261,1,44,44,44.0,44
315,True,True,-0.9994503617130683,4,77,1,19.25,36
316,True,True,-0.998612718663987,2,91,2,45.5,89
317,False,True,-0.9665217201750472,0,0,0,0.0,0
318,False,True,-0.9819866583260294,0,0,0,0.0,0
319,False,True,-0.9826658754289749,0,0,0,0.0,0
320,True,False,-0.8205459664186805,1,51,51,51.0,51
321,True,False,-0.8185012312042956,3,1261,6,420.3333333333333,1241
322,True,False,-0.04734940567463855,2,4,1,2.0,3
323,True,False,-0.024603314125959837,2,110,2,55.0,108
324,True,False,-0.011887147095194636,3,3473,3,1157.6666666666667,3460
325,False,True,-0.9999998838780374,0,0,0,0.0,0
326,False,True,-0.9999998185195453,0,0,0,0.0,0
327,False,True,-0.999999845774042,0,0,0,0.0,0
328,False,True,-0.999999887969298,0,0,0,0.0,0
329,False,True,-0.9999999503034934,0,0,0,0.0,0
330,False,True,-0.9999794351548298,0,0,0,0.0,0
331,False,True,-0.9999787020111782,0,0,0,0.0,0
332,False,True,-0.99994314177785,0,0,0,0.0,0
333,False,True,-0.9999471582198676,0,0,0,0.0,0
334,False,True,-0.9999467642719628,0,0,0,0.0,0
335,False,True,-0.9998996888575896,0,0,0,0.0,0
336,False,True,-0.9982710179468495,0,0,0,0.0,0
337,False,True,-0.9982132409007975,0,0,0,0.0,0
338,False,True,-0.99818983714724,0,0,0,0.0,0
339,True,True,-0.9981680436203978,1,3,3,3.0,3
340,True,True,-0.99811833587027,1,48,48,48.0,48
341,True,True,-0.9980961906547415,2,801,1,400.5,800
342,True,True,-0.9976328859339147,3,476,1,158.66666666666666,470
343,True,True,-0.9995058023075746,2,48,1,24.0,47
344,True,True,-0.9904088708609817,1,1,1,1.0,1
345,True,True,-0.9989792996375847,1,31,31,31.0,31
346,True,True,-0.9774834752475056,2,9,3,4.5,6
347,True,True,-0.9770405979947632,2,17,3,8.5,14
348,True,True,-0.9767135698042809,2,13,1,6.5,12
349,True,True,-0.9773477878818031,1,1,1,1.0,1
350,True,True,-0.9772147331481007,1,1,1,1.0,1
351,True,False,-0.8320090054631716,3,1228,2,409.3333333333333,1162
352,True,False,-0.050186965287969176,1,1,1,1.0,1
353,True,False,-0.03977639888901412,1,3,3,3.0,3
354,True,False,-0.00038036124451059717,2,4022,608,2011.0,3414
355,True,False,0.01578273650205404,3,4056,4,1352.0,3457
356,True,False,0.0319004761665057,3,3541,46,1180.3333333333333,3442
357,True,False,-0.23272409076946102,2,92,26,46.0,66
358,True,False,-0.8046283574895476,2,105,18,52.5,87
360,False,True,-0.9999783796626871,0,0,0,0.0,0
361,False,True,-0.9999473509845616,0,0,0,0.0,0
362,False,True,-0.9999479904476972,0,0,0,0.0,0
363,False,True,-0.9999404800579755,0,0,0,0.0,0
364,False,True,-0.9999406991809122,0,0,0,0.0,0
365,False,True,-0.9986244916783853,0,0,0,0.0,0
366,False,True,-0.9982693961382116,0,0,0,0.0,0
367,False,True,-0.9982209401624218,0,0,0,0.0,0
368,False,True,-0.9981963015654413,0,0,0,0.0,0
369,False,True,-0.9981700759844339,0,0,0,0.0,0
370,True,True,-0.99814670424257,1,2,2,2.0,2
371,True,True,-0.9981233056707859,2,19,3,9.5,16
372,True,True,-0.988593843950208,1,31,31,31.0,31
373,True,True,-0.9882224551612043,2,29,7,14.5,22
374,True,True,-0.9768913229295167,1,2,2,2.0,2
375,True,True,-0.9762712633368722,1,7,7,7.0,7
376,True,True,-0.9759179500880126,2,9,4,4.5,5
377,True,True,-0.9772357792823096,1,10,10,10.0,10
378,True,True,-0.9763822061111895,2,12,1,6.0,11
379,True,True,-0.9761138023771272,2,13,5,6.5,8
380,True,True,-0.9769346616193869,1,16,16,16.0,16
381,True,True,-0.9767005280854095,2,507,129,253.5,378
382,True,True,-0.9816444519570816,4,3616,1,904.0,3342
383,True,False,-0.0282124165532359,2,76,14,38.0,62
384,True,False,-0.013195776107042125,3,735,3,245.0,679
385,True,False,0.0013513842617228495,3,797,1,265.6666666666667,691
386,True,False,0.04418655049825028,2,3366,600,1683.0,2766
387,True,False,0.04431424441115606,3,2826,10,942.0,2790
388,True,False,0.0634226348640124,3,2729,8,909.6666666666666,2697
389,True,False,0.09965529718702962,3,3227,1,1075.6666666666667,3224
390,False,True,-0.9999365450426412,0,0,0,0.0,0
391,False,True,-0.9999352340382173,0,0,0,0.0,0
392,False,True,-0.9999335797139066,0,0,0,0.0,0
393,False,True,-0.9999390301127159,0,0,0,0.0,0
394,False,True,-0.999923772715144,0,0,0,0.0,0
395,False,True,-0.9992657253952804,0,0,0,0.0,0
396,False,True,-0.9992733109848989,0,0,0,0.0,0
397,False,True,-0.9982801385415246,0,0,0,0.0,0
398,False,True,-0.9982192016691288,0,0,0,0.0,0
399,False,True,-0.9994835373969034,0,0,0,0.0,0
400,False,True,-0.9994779558552792,0,0,0,0.0,0
401,False,True,-0.9994710607777164,0,0,0,0.0,0
402,False,True,-0.9994636700057581,0,0,0,0.0,0
403,True,True,-0.9864029530319505,2,8,3,4.0,5
404,True,True,-0.9778587868170233,1,5,5,5.0,5
405,True,True,-0.9765810875368707,1,5,5,5.0,5
406,True,True,-0.9722022281389215,2,4,1,2.0,3
407,True,True,-0.9736118652468974,1,3,3,3.0,3
408,True,True,-0.973485666680588,1,3,3,3.0,3
409,True,True,-0.9731430973194167,1,10,10,10.0,10
410,True,True,-0.9727512636016425,2,23,4,11.5,19
411,True,True,-0.9767398344677564,2,155,9,77.5,146
412,True,True,-0.9818429659265034,3,3313,1,1104.3333333333333,3310
413,True,False,-0.03563520917046067,1,23,23,23.0,23
414,True,False,-0.025136681328013347,2,32,6,16.0,26
415,True,False,-0.011427278433522935,2,150,9,75.0,141
416,True,False,0.1000083502903431,2,925,216,462.5,709
417,True,False,0.12792235020747736,4,1216,1,304.0,1157
418,True,False,0.16719171030059055,2,3230,674,1615.0,2556
419,True,False,0.1424785067481656,4,3939,1,984.75,3243
420,False,True,-0.9999323979596724,0,0,0,0.0,0
421,False,True,-0.9999350256353122,0,0,0,0.0,0
422,False,True,-0.9998982157142252,0,0,0,0.0,0
423,False,True,-0.9988453112504833,0,0,0,0.0,0
424,False,True,-0.9993037478864756,0,0,0,0.0,0
425,False,True,-0.9992784729281078,0,0,0,0.0,0
426,False,True,-0.9992585893659055,0,0,0,0.0,0
427,False,True,-0.9983004326696038,0,0,0,0.0,0
428,False,True,-0.998284089303458,0,0,0,0.0,0
429,False,True,-0.9999787218340714,0,0,0,0.0,0
430,False,True,-0.9999792866141926,0,0,0,0.0,0
431,False,True,-0.9994768213459501,0,0,0,0.0,0
432,False,True,-0.9993355902829277,0,0,0,0.0,0
433,True,True,-0.9993248155151249,2,4,1,2.0,3
434,True,True,-0.9996548986891332,2,84,6,42.0,78
435,True,True,-0.9996606724716167,3,103,2,34.333333333333336,81
436,True,True,-0.9666365343874468,1,3,3,3.0,3
437,True,True,-0.9661194046186508,2,6,2,3.0,4
438,False,True,-0.9448522853143033,0,0,0,0.0,0
439,False,True,-0.9448538913472897,0,0,0,0.0,0
440,True,True,-0.944134251161362,1,7,7,7.0,7
441,True,True,-0.9426788479944521,1,7,7,7.0,7
442,True,True,-0.9354879243665575,1,5,5,5.0,5
444,False,False,-0.15379883841481115,0,0,0,0.0,0
445,True,False,-0.010856745190245584,2,233,55,116.5,178
446,True,False,0.06707341350669425,2,287,55,143.5,232
447,True,False,0.14261848972674496,2,1155,507,577.5,648
448,True,False,0.1905600022818855,3,2847,2,949.0,2676
449,True,False,0.2050184798131367,3,2734,19,911.3333333333334,2600
450,False,True,-0.9999122694504649,0,0,0,0.0,0
451,False,True,-0.9999106610046794,0,0,0,0.0,0
452,False,True,-0.9985701753869279,0,0,0,0.0,0
453,False,True,-0.9985118537634197,0,0,0,0.0,0
454,False,True,-0.9984806483955724,0,0,0,0.0,0
455,False,True,-0.9984566758238549,0,0,0,0.0,0
456,False,True,-0.998435347197842,0,0,0,0.0,0
457,False,True,-0.9983634655448563,0,0,0,0.0,0
458,False,True,-0.9999317055080423,0,0,0,0.0,0
459,False,True,-0.99997744604188,0,0,0,0.0,0
460,False,True,-0.9999905028582812,0,0,0,0.0,0
461,False,True,-0.999990677796106,0,0,0,0.0,0
462,False,True,-0.9998070094950785,0,0,0,0.0,0
463,True,True,-0.999662424845204,1,4,4,4.0,4
464,True,True,-0.9996589770213063,2,12,1,6.0,11
465,True,True,-0.9996644320543251,2,25,1,12.5,24
466,False,True,-0.9245118442958133,0,0,0,0.0,0
467,True,True,-0.965017061542767,1,2,2,2.0,2
468,False,True,-0.9439694150431603,0,0,0,0.0,0
469,False,True,-0.9274843111850689,0,0,0,0.0,0
470,False,True,-0.9805867726209764,0,0,0,0.0,0
471,False,True,-0.9868471757465788,0,0,0,0.0,0
472,True,False,-0.4936305580673268,1,1,1,1.0,1
473,True,False,-0.47556271928482524,1,1,1,1.0,1
474,True,False,-0.037390338106756585,1,10,10,10.0,10
475,True,False,-0.023256492891621457,2,187,6,93.5,181
476,True,False,0.17616718102136597,2,79,13,39.5,66
477,True,False,0.17539255503860665,3,1070,2,356.6666666666667,1015
478,True,False,0.18975382784438907,3,1112,6,370.6666666666667,666
479,True,False,0.21991257927741756,3,3211,1,1070.3333333333333,3181
480,False,True,-0.9994461100293,0,0,0,0.0,0
481,False,True,-0.9998238751573741,0,0,0,0.0,0
482,False,True,-0.9985480129234503,0,0,0,0.0,0
483,False,True,-0.9985230091474231,0,0,0,0.0,0
484,False,True,-0.9984996976406486,0,0,0,0.0,0
485,False,True,-0.998475382900909,0,0,0,0.0,0
486,False,True,-0.998453257420007,0,0,0,0.0,0
487,False,True,-0.9999546375751769,0,0,0,0.0,0
489,False,True,-0.9999771414352284,0,0,0,0.0,0
490,False,True,-0.9999948145795,0,0,0,0.0,0
491,False,True,-0.9999910041656755,0,0,0,0.0,0
493,False,True,-0.9990484114192848,0,0,0,0.0,0
494,True,True,-0.9996251983635916,1,1,1,1.0,1
495,True,True,-0.9996667834675729,1,2,2,2.0,2
496,False,True,-0.9005194703553472,0,0,0,0.0,0
497,False,True,-0.9041823453744755,0,0,0,0.0,0
498,False,True,-0.9055068403537138,0,0,0,0.0,0
499,False,True,-0.9266916256090482,0,0,0,0.0,0
500,False,True,-0.9780534975640304,0,0,0,0.0,0
501,False,True,-0.992692134254527,0,0,0,0.0,0
502,False,True,-0.9927719775840872,0,0,0,0.0,0
503,True,False,-0.4651608705662048,1,1,1,1.0,1
504,True,False,-0.4588353019709916,1,5,5,5.0,5
505,True,False,-0.45840898892896986,2,12,4,6.0,8
506,True,False,0.19253026170372534,2,80,1,40.0,79
507,True,False,0.20655325882417389,2,77,9,38.5,68
508,True,False,0.22298772067285777,2,122,30,61.0,92
509,True,False,0.2347132625745875,4,3116,1,779.0,3082
510,False,True,-0.9988821625565176,0,0,0,0.0,0
511,False,True,-0.9986460211400601,0,0,0,0.0,0
512,False,True,-0.9985711793376623,0,0,0,0.0,0
513,False,True,-0.9985653456379934,0,0,0,0.0,0
514,False,True,-0.9985509741607934,0,0,0,0.0,0
515,False,True,-0.9985237186680199,0,0,0,0.0,0
516,False,True,-0.9984876877052081,0,0,0,0.0,0
517,False,True,-0.9998052328748281,0,0,0,0.0,0
518,False,True,-0.9998030805128829,0,0,0,0.0,0
519,False,True,-0.9999282763319686,0,0,0,0.0,0
520,False,True,-0.9999999867713875,0,0,0,0.0,0
521,False,True,-1.0000001032506993,0,0,0,0.0,0
522,False,True,-1.0000000358987469,0,0,0,0.0,0
523,False,True,-0.9985111712367807,0,0,0,0.0,0
524,False,True,-0.9984796288646933,0,0,0,0.0,0
525,False,True,-0.998445445843306,0,0,0,0.0,0
526,False,False,-0.8860046821473161,0,0,0,0.0,0
527,False,False,-0.8843451057715532,0,0,0,0.0,0
528,False,False,-0.8881131735154648,0,0,0,0.0,0
529,False,False,-0.8867494438929866,0,0,0,0.0,0
530,False,True,-0.9120801988149669,0,0,0,0.0,0
531,False,True,-0.9092808598258952,0,0,0,0.0,0
532,False,True,-0.9110168233457024,0,0,0,0.0,0
533,False,False,0.05513884936101157,0,0,0,0.0,0
534,True,False,-0.4070676774139067,1,3,3,3.0,3
535,True,False,-0.4513499434898886,2,10,2,5.0,8
536,True,False,0.24308318577453478,2,6,2,3.0,4
537,True,False,0.22349196259021914,3,77,1,25.666666666666668,72
538,True,False,0.2364150112440227,2,308,89,154.0,219
539,True,False,0.24921773701825697,2,3246,87,1623.0,3159
540,False,True,-0.9998785079737122,0,0,0,0.0,0
541,False,True,-0.999915265267101,0,0,0,0.0,0
542,False,True,-0.9999060267162552,0,0,0,0.0,0
543,False,True,-0.9999071535891592,0,0,0,0.0,0
544,False,True,-0.99856705882021,0,0,0,0.0,0
545,False,True,-0.9985571861055436,0,0,0,0.0,0
546,False,True,-0.9991180284293341,0,0,0,0.0,0
547,False,True,-0.999128123943125,0,0,0,0.0,0
548,False,True,-0.998509241234367,0,0,0,0.0,0
549,False,True,-0.9982791403219362,0,0,0,0.0,0
550,False,True,-0.9981399425659307,0,0,0,0.0,0
551,False,True,-0.9980571023636947,0,0,0,0.0,0
552,False,True,-0.9979938595048543,0,0,0,0.0,0
553,False,True,-0.9979355343819203,0,0,0,0.0,0
554,False,True,-0.9979951500318609,0,0,0,0.0,0
555,False,True,-0.9979746695456428,0,0,0,0.0,0
556,False,True,-0.9644380153051348,0,0,0,0.0,0
557,False,False,-0.8756748243401106,0,0,0,0.0,0
558,False,False,-0.8578866165066288,0,0,0,0.0,0
559,False,False,-0.8566139214369519,0,0,0,0.0,0
560,False,False,-0.8710634477934356,0,0,0,0.0,0
561,False,False,-0.8835256487191174,0,0,0,0.0,0
562,False,True,-0.9105196883149035,0,0,0,0.0,0
563,False,False,0.21655224763532038,0,0,0,0.0,0
564,False,False,0.23460066203883218,0,0,0,0.0,0
565,True,False,0.3025592752746671,2,6,2,3.0,4
566,True,False,0.268376926231427,2,4,1,2.0,3
567,True,False,0.2530653343800192,2,29,8,14.5,21
568,True,False,0.2507329035451092,2,227,17,113.5,210
569,True,False,0.2642205393716291,4,3226,2,806.5,3034
570,False,True,-0.999879845542175,0,0,0,0.0,0
572,False,True,-0.9998835450469065,0,0,0,0.0,0
573,False,True,-0.999841265219318,0,0,0,0.0,0
574,False,True,-0.9985830003013607,0,0,0,0.0,0
575,False,True,-0.9992124874371475,0,0,0,0.0,0
576,False,True,-0.9992227684505106,0,0,0,0.0,0
577,False,True,-0.9991377440637539,0,0,0,0.0,0
578,False,True,-0.9990585010942549,0,0,0,0.0,0
579,False,True,-0.9990663529007562,0,0,0,0.0,0
580,False,True,-0.9990554763316418,0,0,0,0.0,0
581,False,True,-0.998961484162315,0,0,0,0.0,0
582,False,True,-0.9988488568237328,0,0,0,0.0,0
583,False,True,-0.9970613998915068,0,0,0,0.0,0
584,False,True,-0.9979885676768798,0,0,0,0.0,0
585,False,True,-0.99305004267161,0,0,0,0.0,0
586,False,True,-0.992828993708107,0,0,0,0.0,0
587,False,True,-0.9930057757900171,0,0,0,0.0,0
588,False,False,-0.846111867575781,0,0,0,0.0,0
589,False,False,-0.8416996932887646,0,0,0,0.0,0
590,False,False,-0.4309631010248992,0,0,0,0.0,0
591,False,False,-0.8631128187383652,0,0,0,0.0,0
592,False,False,-0.1768348272652708,0,0,0,0.0,0
593,False,False,0.001141570941992404,0,0,0,0.0,0
594,False,False,0.26015611489418966,0,0,0,0.0,0
595,True,False,0.33599753732289145,1,18,18,18.0,18
596,True,False,0.3011963852285011,2,19,7,9.5,12
597,True,False,0.2727453102364535,2,32,8,16.0,24
598,True,False,0.2656168364654844,3,555,2,185.0,542
599,True,False,0.28021659311046454,3,3517,4,1172.3333333333333,3248
600,False,True,-1.0000000971926237,0,0,0,0.0,0
601,False,True,-1.000000049386188,0,0,0,0.0,0
602,False,True,-0.9999403366211781,0,0,0,0.0,0
603,False,True,-0.9986610582973054,0,0,0,0.0,0
604,False,True,-0.9986012657458678,0,0,0,0.0,0
605,False,True,-0.9992208724359835,0,0,0,0.0,0
606,False,True,-0.9991801144196559,0,0,0,0.0,0
607,False,True,-0.9991483687156303,0,0,0,0.0,0
608,False,True,-0.9999653712703259,0,0,0,0.0,0
609,False,True,-0.9999649788132849,0,0,0,0.0,0
610,False,True,-0.9999640618140178,0,0,0,0.0,0
612,False,True,-0.9950274851255123,0,0,0,0.0,0
613,False,True,-0.9946983153995953,0,0,0,0.0,0
614,False,True,-0.9944072509735989,0,0,0,0.0,0
615,False,True,-0.9942684764837753,0,0,0,0.0,0
616,False,True,-0.9939936980069422,0,0,0,0.0,0
617,False,True,-0.9938645430192357,0,0,0,0.0,0
618,False,False,-0.40220611394992467,0,0,0,0.0,0
619,False,False,-0.3256931715720845,0,0,0,0.0,0
620,False,False,-0.28619695140133344,0,0,0,0.0,0
621,False,False,-0.2663062329999323,0,0,0,0.0,0
622,False,False,-0.22975010332342946,0,0,0,0.0,0
623,False,False,0.13987712129157365,0,0,0,0.0,0
624,False,False,0.3756581461443451,0,0,0,0.0,0
625,True,False,0.36077578921907644,2,20,3,10.0,17
626,True,False,0.16234920695079608,2,13,6,6.5,7
627,True,False,0.2550014577007661,2,14,1,7.0,13
628,True,False,0.2728198202423597,3,659,2,219.66666666666666,622
629,True,False,0.2974527198570219,4,4109,2,1027.25,3575
630,False,True,-1.0000001261939055,0,0,0,0.0,0
631,False,True,-0.9999189383677907,0,0,0,0.0,0
632,False,True,-0.9999175572385506,0,0,0,0.0,0
633,False,True,-0.9999187150360794,0,0,0,0.0,0
634,False,True,-0.9986496668717804,0,0,0,0.0,0
635,False,True,-0.9995204840691896,0,0,0,0.0,0
636,False,True,-0.99920143042403,0,0,0,0.0,0
637,False,True,-0.9999995531939934,0,0,0,0.0,0
638,False,True,-0.9999996222508658,0,0,0,0.0,0
639,False,True,-0.9999995864532158,0,0,0,0.0,0
640,False,True,-0.9999990027722803,0,0,0,0.0,0
641,False,True,-0.9999990081032886,0,0,0,0.0,0
642,False,True,-0.9952741502493342,0,0,0,0.0,0
643,False,True,-0.9951747374542111,0,0,0,0.0,0
644,False,True,-0.9949618846174972,0,0,0,0.0,0
645,False,True,-0.9947997418359277,0,0,0,0.0,0
646,False,True,-0.9944899199025867,0,0,0,0.0,0
647,False,True,-0.993947561164041,0,0,0,0.0,0
648,False,False,-0.40895409370253977,0,0,0,0.0,0
649,False,True,-0.9281224013495981,0,0,0,0.0,0
650,False,False,-0.8368431361093588,0,0,0,0.0,0
651,False,False,-0.5910609106658187,0,0,0,0.0,0
652,False,False,0.02675941209604474,0,0,0,0.0,0
653,False,False,0.11653270364198673,0,0,0,0.0,0
654,True,False,0.4069553408565288,1,8,8,8.0,8
655,True,False,0.4115778144554178,2,17,7,8.5,10
656,True,False,0.09053197793320503,2,170,2,85.0,168
657,True,False,0.10065946808032436,3,232,2,77.33333333333333,171
658,True,False,0.1673471812700191,2,121,53,60.5,68
659,True,False,0.3187075904147622,4,4603,3,1150.75,4234
660,False,True,-0.9999999907050562,0,0,0,0.0,0
661,False,True,-0.9999197404198101,0,0,0,0.0,0
662,False,True,-0.9999012147778883,0,0,0,0.0,0
663,False,True,-0.9998992239098321,0,0,0,0.0,0
664,False,True,-0.9998920715397153,0,0,0,0.0,0
665,False,True,-0.9999801445761025,0,0,0,0.0,0
666,False,True,-0.9999983448245524,0,0,0,0.0,0
667,False,True,-0.9999996269251356,0,0,0,0.0,0
668,False,True,-0.9999996355766828,0,0,0,0.0,0
669,False,True,-0.9999990603403258,0,0,0,0.0,0
670,False,True,-0.9999989953471152,0,0,0,0.0,0
671,False,True,-0.9999990344849385,0,0,0,0.0,0
672,False,True,-0.9953285351892454,0,0,0,0.0,0
673,False,False,-0.6420985015320531,0,0,0,0.0,0
674,False,False,-0.6181466094119211,0,0,0,0.0,0
675,False,False,-0.6085758628441864,0,0,0,0.0,0
676,False,False,-0.5754800393442798,0,0,0,0.0,0
677,False,False,-0.5353609131856012,0,0,0,0.0,0
678,False,False,-0.4190804802999651,0,0,0,0.0,0
679,False,True,-0.9610029544824973,0,0,0,0.0,0
680,False,True,-0.9614849782553354,0,0,0,0.0,0
681,False,False,-0.7213436883858892,0,0,0,0.0,0
682,False,False,0.05054525301406388,0,0,0,0.0,0
683,True,False,0.138534109663883,1,1,1,1.0,1
684,True,False,0.42395007190259154,2,32,1,16.0,31
685,True,False,0.46363008856703525,2,40,16,20.0,24
686,True,False,0.6142928189132256,1,4,4,4.0,4
687,True,False,0.39005873826602416,3,4617,1,1539.0,3208
688,True,False,0.3568815001882006,3,7004,57,2334.6666666666665,4562
689,True,False,0.3365609470067174,4,6625,1,1656.25,5652
690,False,True,-0.9999996255296015,0,0,0,0.0,0
691,False,True,-0.9999996107478742,0,0,0,0.0,0
692,False,True,-0.9999994160063443,0,0,0,0.0,0
693,False,True,-0.9999772627040474,0,0,0,0.0,0
694,False,True,-0.9999812562570858,0,0,0,0.0,0
695,False,True,-0.9999804137288807,0,0,0,0.0,0
696,False,True,-0.9999983278526839,0,0,0,0.0,0
697,False,True,-0.9999996108180645,0,0,0,0.0,0
698,False,True,-0.9999988666385503,0,0,0,0.0,0
699,False,True,-0.9999990107539078,0,0,0,0.0,0
700,False,True,-0.9999990293804606,0,0,0,0.0,0
701,False,True,-0.9999990819832603,0,0,0,0.0,0
702,False,True,-0.9954553351386207,0,0,0,0.0,0
703,False,False,-0.6456354110581239,0,0,0,0.0,0
704,False,False,-0.6415512903655195,0,0,0,0.0,0
705,False,True,-0.9342398551612328,0,0,0,0.0,0
706,False,True,-0.9331357333616023,0,0,0,0.0,0
707,False,True,-0.9447783514340671,0,0,0,0.0,0
708,False,True,-0.9468373738865927,0,0,0,0.0,0
709,False,True,-0.9508634713049732,0,0,0,0.0,0
710,False,True,-0.9615468882488694,0,0,0,0.0,0
711,False,False,-0.8098692884190226,0,0,0,0.0,0
712,True,False,0.32941278797126883,1,1,1,1.0,1
713,True,False,0.425160992342733,2,36,1,18.0,35
714,True,False,0.47496731223382804,3,43,1,14.333333333333334,38
715,True,False,0.6343171315506048,2,101,4,50.5,97
716,True,False,0.6320058340608474,3,129,1,43.0,82
717,True,False,0.42665555930529475,2,3609,120,1804.5,3489
718,True,False,0.17064257445384357,3,725,6,241.66666666666666,423
719,True,False,-0.1682184771377034,4,1490,1,372.5,981
720,False,True,-0.9999994261777256,0,0,0,0.0,0
721,False,True,-0.9999993773674041,0,0,0,0.0,0
722,False,True,-0.9999993745428554,0,0,0,0.0,0
723,False,True,-0.9999774557248959,0,0,0,0.0,0
724,False,True,-0.9999950535448869,0,0,0,0.0,0
725,False,True,-0.9999961334682457,0,0,0,0.0,0
726,False,True,-0.9999975615425787,0,0,0,0.0,0
727,False,True,-0.9999995326139319,0,0,0,0.0,0
728,False,True,-0.9999988652527966,0,0,0,0.0,0
729,False,True,-0.9989692938647796,0,0,0,0.0,0
730,False,True,-0.9984856091275902,0,0,0,0.0,0
731,False,True,-0.9983925375458742,0,0,0,0.0,0
732,False,True,-0.9983111359514895,0,0,0,0.0,0
733,False,True,-0.9983429893521341,0,0,0,0.0,0
734,False,False,-0.7937654933680203,0,0,0,0.0,0
735,False,False,-0.7995387163288301,0,0,0,0.0,0
736,False,True,-0.9178369408204996,0,0,0,0.0,0
737,False,True,-0.9262508959464204,0,0,0,0.0,0
738,False,True,-0.9268140879974938,0,0,0,0.0,0
739,False,True,-0.9268313065081785,0,0,0,0.0,0
740,False,True,-0.9118463251165956,0,0,0,0.0,0
741,False,True,-0.906871164631976,0,0,0,0.0,0
742,True,False,0.0810365451949245,1,27,27,27.0,27
743,True,False,0.08614897024495514,1,27,27,27.0,27
744,True,False,0.6390649694491789,2,32,8,16.0,24
745,True,False,0.6636396690394989,3,246,1,82.0,233
746,True,False,0.6854277451020211,3,4556,8,1518.6666666666667,4261
747,True,False,0.4587127483882222,4,4331,8,1082.75,3035
748,True,False,-0.3838511921821352,3,10686,1,3562.0,7425
749,True,False,-0.3295442681011119,4,4305,1,1076.25,3162
750,False,True,-0.9999993276642342,0,0,0,0.0,0
751,False,True,-0.9999993145134116,0,0,0,0.0,0
752,False,True,-0.9999982750186097,0,0,0,0.0,0
753,False,True,-0.9999981982249531,0,0,0,0.0,0
754,False,True,-0.9999980607115828,0,0,0,0.0,0
755,False,True,-0.9999974079600051,0,0,0,0.0,0
756,False,True,-0.9999957135052215,0,0,0,0.0,0
757,False,True,-0.9999948518262481,0,0,0,0.0,0
758,False,True,-0.9999989232985321,0,0,0,0.0,0
759,False,True,-0.998555438688796,0,0,0,0.0,0
760,False,True,-0.9985034354146821,0,0,0,0.0,0
761,False,True,-0.9987861889667524,0,0,0,0.0,0
762,False,True,-0.9988118976839617,0,0,0,0.0,0
763,False,True,-0.9987974115846637,0,0,0,0.0,0
764,False,True,-0.9987850183752457,0,0,0,0.0,0
765,False,True,-0.9084779810668514,0,0,0,0.0,0
766,False,True,-0.9132710049168731,0,0,0,0.0,0
767,False,True,-0.9177978071157377,0,0,0,0.0,0
768,False,True,-0.9161453282755667,0,0,0,0.0,0
769,False,True,-0.9144965040709716,0,0,0,0.0,0
770,False,True,-0.9128626663172752,0,0,0,0.0,0
771,False,True,-0.9103489346033619,0,0,0,0.0,0
772,False,False,0.05421025270409217,0,0,0,0.0,0
773,False,False,0.07271763422237441,0,0,0,0.0,0
774,False,True,-0.9999460354987204,0,0,0,0.0,0
775,False,True,-0.9998293822455334,0,0,0,0.0,0
776,True,False,0.729353633217853,4,5476,4,1369.0,3904
777,True,False,-0.021041077502363902,4,1448,1,362.0,792
778,True,False,-0.3983188955320804,4,11849,6,2962.25,7842
779,True,False,0.8539624492872334,1,5,5,5.0,5
780,False,True,-0.9999993309621058,0,0,0,0.0,0
781,False,True,-0.9999992879464563,0,0,0,0.0,0
782,False,True,-0.9999984382551419,0,0,0,0.0,0
783,False,True,-0.9999996610636797,0,0,0,0.0,0
784,False,True,-0.9999995229565097,0,0,0,0.0,0
785,False,True,-0.9999991860428198,0,0,0,0.0,0
786,False,True,-0.9999964522216762,0,0,0,0.0,0
787,False,True,-0.9999964971364586,0,0,0,0.0,0
788,False,True,-0.9999989152539419,0,0,0,0.0,0
789,False,True,-0.9985710582830524,0,0,0,0.0,0
790,False,True,-0.9999990333210999,0,0,0,0.0,0
791,False,True,-0.9999990522785143,0,0,0,0.0,0
792,False,True,-0.998860502702794,0,0,0,0.0,0
793,False,True,-0.9988514240883637,0,0,0,0.0,0
794,False,True,-0.9979230082062944,0,0,0,0.0,0
795,False,True,-0.9974150112036728,0,0,0,0.0,0
796,False,True,-0.9948673135377053,0,0,0,0.0,0
797,False,True,-0.9954619453770045,0,0,0,0.0,0
798,False,True,-0.9977904301880388,0,0,0,0.0,0
799,False,True,-0.9978539750412511,0,0,0,0.0,0
800,False,True,-0.9979825748340799,0,0,0,0.0,0
801,False,True,-0.9974743444303056,0,0,0,0.0,0
802,False,True,-0.9977862024054507,0,0,0,0.0,0
803,False,True,-0.998452477973276,0,0,0,0.0,0
805,False,True,-0.9995332491819017,0,0,0,0.0,0
806,True,False,0.772213961035002,4,4046,3,1011.5,2740
807,True,False,-0.4030068685059929,3,5239,22,1746.3333333333333,5181
808,True,False,-0.4068821123230685,3,8938,5,2979.3333333333335,4572
809,True,False,0.874405884389387,3,251,1,83.66666666666667,249
810,False,True,-0.999999321491666,0,0,0,0.0,0
811,False,True,-1.000000030238259,0,0,0,0.0,0
813,False,True,-0.9999997982969855,0,0,0,0.0,0
814,False,True,-0.9999996953719981,0,0,0,0.0,0
815,False,True,-0.9999994798593879,0,0,0,0.0,0
816,False,True,-0.999997891265161,0,0,0,0.0,0
817,False,True,-0.999996505395612,0,0,0,0.0,0
818,False,True,-0.9999990180119656,0,0,0,0.0,0
819,False,True,-0.9999990946711428,0,0,0,0.0,0
820,False,True,-0.9999990757190472,0,0,0,0.0,0
821,False,True,-0.9999989253942032,0,0,0,0.0,0
822,False,True,-0.9999988902536939,0,0,0,0.0,0
823,False,True,-0.9980889650981013,0,0,0,0.0,0
824,False,True,-0.9979419480533311,0,0,0,0.0,0
825,False,True,-0.9978380996479514,0,0,0,0.0,0
826,False,True,-0.9971653576682585,0,0,0,0.0,0
827,False,True,-0.999805714285625,0,0,0,0.0,0
828,False,True,-0.9998016831368814,0,0,0,0.0,0
829,False,True,-0.9997650581257154,0,0,0,0.0,0
830,False,True,-0.9996330097354481,0,0,0,0.0,0
831,False,True,-0.9998467282817061,0,0,0,0.0,0
833,False,False,-0.8433992703429158,0,0,0,0.0,0
834,False,True,-0.9205509497030127,0,0,0,0.0,0
835,False,True,-0.9903598836696811,0,0,0,0.0,0
836,True,False,0.8199388299189645,3,3393,13,1131.0,3350
837,True,False,0.8414069113102127,3,4348,39,1449.3333333333333,3720
838,True,False,0.8688289741752693,3,7900,68,2633.3333333333335,6940
839,True,False,0.8960410412538379,4,6977,17,1744.25,4238
840,False,True,-0.9999993149704728,0,0,0,0.0,0
841,False,True,-1.000000070954869,0,0,0,0.0,0
842,False,True,-0.999999942497305,0,0,0,0.0,0
843,False,True,-0.9999998845287323,0,0,0,0.0,0
844,False,True,-0.9999980331957725,0,0,0,0.0,0
845,False,True,-0.999998055344302,0,0,0,0.0,0
846,False,True,-0.9999980178016493,0,0,0,0.0,0
847,False,True,-0.9999965763546084,0,0,0,0.0,0
848,False,True,-0.9999989532697522,0,0,0,0.0,0
849,False,True,-0.9999989146562961,0,0,0,0.0,0
850,False,True,-0.9999972209572477,0,0,0,0.0,0
851,False,True,-0.9999972466675529,0,0,0,0.0,0
852,False,True,-0.9999981586621454,0,0,0,0.0,0
853,False,True,-0.999998043721978,0,0,0,0.0,0
854,False,True,-0.9999976953582983,0,0,0,0.0,0
855,False,True,-0.9999954704789858,0,0,0,0.0,0
856,False,True,-0.9980136910041812,0,0,0,0.0,0
857,False,True,-0.9980866987051502,0,0,0,0.0,0
858,False,True,-0.999864516310928,0,0,0,0.0,0
859,False,True,-0.9998656509581836,0,0,0,0.0,0
860,False,True,-0.9998965312358536,0,0,0,0.0,0
861,False,True,-0.9999029838845358,0,0,0,0.0,0
862,False,True,-0.9999041539535671,0,0,0,0.0,0
863,False,False,-0.12346620065352967,0,0,0,0.0,0
864,False,False,-0.8198036401945005,0,0,0,0.0,0
866,False,False,-0.7120633866612072,0,0,0,0.0,0
867,False,False,0.14981032286581075,0,0,0,0.0,0
868,False,False,0.5329598203234182,0,0,0,0.0,0
869,True,False,0.9931496771071442,4,2733,2,683.25,2630
870,False,True,-0.9999992832500124,0,0,0,0.0,0
871,False,True,-0.9999993002524562,0,0,0,0.0,0
872,False,True,-0.9999999848206036,0,0,0,0.0,0
873,False,True,-0.9999990561238985,0,0,0,0.0,0
874,False,True,-0.9999981191065282,0,0,0,0.0,0
875,False,True,-0.9999981451205475,0,0,0,0.0,0
876,False,True,-0.9999979596701228,0,0,0,0.0,0
877,False,True,-0.9999967363660854,0,0,0,0.0,0
878,False,True,-0.9999967750215762,0,0,0,0.0,0
879,False,True,-0.9999969714058301,0,0,0,0.0,0
880,False,True,-0.9999970662706623,0,0,0,0.0,0
881,False,True,-0.9999969920640714,0,0,0,0.0,0
882,False,True,-0.9999968532066175,0,0,0,0.0,0
883,False,True,-0.9999952363163849,0,0,0,0.0,0
884,False,True,-0.9999844002577251,0,0,0,0.0,0
885,False,True,-0.9999181283174106,0,0,0,0.0,0
886,False,True,-0.9998921922961017,0,0,0,0.0,0
887,False,True,-0.999756365192217,0,0,0,0.0,0
888,False,True,-0.9997793197713419,0,0,0,0.0,0
889,False,True,-0.9998537807488113,0,0,0,0.0,0
890,False,True,-0.9998621948480682,0,0,0,0.0,0
891,False,True,-0.9998781022870272,0,0,0,0.0,0
892,False,True,-0.9999043748210429,0,0,0,0.0,0
893,False,False,-0.06464043899630681,0,0,0,0.0,0
894,False,False,-0.052620127536047605,0,0,0,0.0,0
895,False,False,-0.01803585239870103,0,0,0,0.0,0
896,False,False,0.0015060228411695542,0,0,0,0.0,0
897,False,False,0.03562401564264683,0,0,0,0.0,0
898,False,False,0.9856566107489839,0,0,0,0.0,0
