state,row,col,covered,true_value_pi_beta,near_death,critic_pred_pi_beta,critic_abs_error,pi_d_star_action,best_config_action,argmax_agree,rank_correlation
0,0,0,True,-0.6583917841081031,False,-0.6400913000106812,0.01830048409742191,3,3,1,0.316227766016838
1,0,1,True,-0.654656812301944,False,-0.6249808669090271,0.029675945392916847,3,3,1,1.0
2,0,2,True,-0.6507640823934605,False,-0.5981927514076233,0.05257133098583722,3,3,1,1.0
3,0,3,True,-0.6468213996900594,False,-0.5919548273086548,0.05486657238140458,1,1,1,0.632455532033676
4,0,4,False,-0.9510520535953552,True,-0.6250796914100647,0.32597236218529047,0,3,0,
5,0,5,False,-0.9505167914257591,True,-0.613994836807251,0.3365219546185081,0,3,0,
6,0,6,False,-0.9499582341848739,True,-0.5882732272148132,0.3616850069700607,0,3,0,
7,0,7,False,-0.9493924105210642,True,-0.5619484186172485,0.3874439919038156,0,3,0,
8,0,8,False,-0.9488198708375699,True,-0.42476776242256165,0.5240521084150083,0,1,0,
9,0,9,False,-0.9498635000101965,True,-0.5957594513893127,0.35410404862088374,0,3,0,
10,0,10,False,-0.9693904583128203,True,-0.40338319540023804,0.5660072629125823,0,3,0,
11,0,11,False,-0.9979827126910755,True,-0.4792155921459198,0.5187671205451557,0,3,0,
12,0,12,True,-0.998749913994299,True,-0.31408625841140747,0.6846636555828916,1,1,1,0.9486832980505139
13,0,13,True,-0.9994451719727506,True,-0.30096012353897095,0.6984850484337797,3,1,0,0.7378647873726218
14,0,14,True,-0.9997803120841644,True,-0.4522629678249359,0.5475173442592285,3,3,1,0.9486832980505139
15,0,15,True,-0.9997872254058287,True,-0.5152255296707153,0.4845616957351133,0,3,0,-0.10540925533894598
16,0,16,True,-0.9977852855838001,True,-0.1733897626399994,0.8243955229438007,1,1,1,0.9486832980505139
17,0,17,True,-0.9949664673455912,True,-0.23123136162757874,0.7637351057180125,3,3,1,0.7745966692414834
18,0,18,True,-0.9948326245647072,True,-0.19753095507621765,0.7973016694884896,3,1,0,0.2581988897471611
19,0,19,True,-0.9947717991073046,True,-0.015697307884693146,0.9790744912226115,1,3,0,0.7378647873726218
20,0,20,True,-0.9993302343215454,True,-0.07685261219739914,0.9224776221241463,1,3,0,0.2581988897471611
21,0,21,False,-0.9999740369541531,True,-0.03548923879861832,0.9644847981555348,0,3,0,
22,0,22,False,-0.9999997037612184,True,-0.05450844764709473,0.9454912561141237,0,3,0,
23,0,23,False,-1.0000000486316258,True,0.045334331691265106,1.045334380322891,0,1,0,
25,0,25,False,-0.9999953595347757,True,-0.02726767212152481,0.9727276874132509,0,1,0,
26,0,26,False,-0.9999951907195367,True,0.2149629294872284,1.2149581202067652,0,3,0,
27,0,27,False,-0.9999950943896847,True,0.22264784574508667,1.2226429401347714,0,3,0,
28,0,28,False,-0.9999949828375526,True,0.0005822703242301941,1.000577253161783,0,1,0,
29,0,29,False,-0.9999949447575822,True,-0.08014381676912308,0.9198511279884591,0,3,0,
30,1,0,False,-0.999999861262596,True,-0.7216452360153198,0.27835462524727617,0,3,0,
31,1,1,False,-0.9999999355189311,True,-0.6516333222389221,0.34836661328000895,0,1,0,
32,1,2,False,-0.9999999102796614,True,-0.68332839012146,0.31667152015820144,0,2,0,
33,1,3,True,-0.6404924696698217,False,-0.5844154953956604,0.05607697427416125,1,1,1,0.316227766016838
34,1,4,True,-0.5549039749984941,False,-0.5718774199485779,0.016973444950083794,3,3,1,1.0
35,1,5,True,-0.5042573417023475,False,-0.5307929515838623,0.02653560988151482,3,3,1,0.9486832980505139
36,1,6,True,-0.49740213333779704,False,-0.5272976160049438,0.02989548266714681,3,3,1,0.7745966692414834
37,1,7,True,-0.49168772897838414,False,-0.531779944896698,0.040092215918313856,1,1,1,1.0
38,1,8,False,-0.9470348237629901,True,-0.4895293712615967,0.4575054525013934,0,3,0,
39,1,9,False,-0.9464066839137223,True,-0.5205623507499695,0.4258443331637528,0,3,0,
40,1,10,True,-0.945799658110508,True,-0.44472959637641907,0.501070061734089,3,3,1,0.7745966692414834
41,1,11,True,-0.9445517198504225,True,-0.3623523712158203,0.5821993486346022,1,1,1,0.9486832980505139
42,1,12,True,-0.9981780544037129,True,-0.2747661769390106,0.7234118774647023,1,1,1,0.9486832980505139
43,1,13,True,-0.9991773926385719,True,-0.4499306380748749,0.549246754563697,2,0,0,0.19999999999999998
44,1,14,True,-0.9997841815402128,True,-0.32180696725845337,0.6779772142817594,1,3,0,0.7378647873726218
45,1,15,True,-0.9997740367481146,True,-0.31405606865882874,0.6857179680892859,2,1,0,0.19999999999999998
46,1,16,True,-0.9997631807900634,True,-0.16580814123153687,0.8339550395585266,3,1,0,0.21081851067789195
47,1,17,True,-0.9998869856878384,True,-0.30891385674476624,0.6909731289430722,3,3,1,1.0
48,1,18,True,-0.9998891771694021,True,-0.386618047952652,0.6132711292167501,0,2,0,-0.21081851067789195
49,1,19,True,-0.9811418747180853,True,-0.03196469694375992,0.9491771777743254,1,1,1,0.632455532033676
50,1,20,True,-0.9994501646216882,True,-0.1390482783317566,0.8604018862899316,3,1,0,0.2581988897471611
51,1,21,True,-0.9999530949396327,True,0.009540267288684845,1.0094933622283175,1,0,0,-0.21081851067789195
52,1,22,False,-1.0000003312291232,True,-0.0945124551653862,0.905487876063737,0,1,0,
53,1,23,False,-1.0000002259093999,True,-0.033882834017276764,0.9661173918921231,0,1,0,
54,1,24,False,-0.9999967465170969,True,0.17771053314208984,1.1777072796591868,0,1,0,
55,1,25,False,-0.9999959414812045,True,0.14500275254249573,1.1449986940237002,0,1,0,
56,1,26,False,-0.9999957094737448,True,0.18624380230903625,1.186239511782781,0,1,0,
57,1,27,False,-0.9999955078383276,True,-0.02942267805337906,0.9705728297849485,0,1,0,
58,1,28,False,-1.0000006339461087,True,0.34165307879447937,1.341653712740588,0,1,0,
59,1,29,False,-1.0000007512865121,True,0.35270506143569946,1.3527058127222116,0,1,0,
60,2,0,False,-0.9999998824190653,True,-0.7587162256240845,0.24128365679498087,0,0,1,
61,2,1,False,-0.9999998972478745,True,-0.656843364238739,0.3431565330091355,0,3,0,
62,2,2,False,-0.9999998680184842,True,-0.5931771397590637,0.40682272825942045,0,0,1,
63,2,3,True,-0.6342396553910409,False,-0.6305562257766724,0.0036834296143685163,1,1,1,0.316227766016838
64,2,4,True,-0.5874585068946582,False,-0.5369594097137451,0.050499097180913055,3,3,1,0.7999999999999999
65,2,5,True,-0.5802196227788678,False,-0.5499200820922852,0.030299540686582693,1,1,1,0.9486832980505139
66,2,6,True,-0.5855725353185728,False,-0.5990875959396362,0.013515060621063446,2,2,1,0.9486832980505139
67,2,7,True,-0.4850422298251066,False,-0.4909098744392395,0.005867644614132916,3,3,1,0.7745966692414834
68,2,8,True,-0.47922812627270084,False,-0.5112531185150146,0.03202499224231381,3,3,1,0.7745966692414834
69,2,9,True,-0.47334438164806464,False,-0.5129793286323547,0.0396349469842901,1,1,1,1.0
70,2,10,True,-0.8949692318260641,False,-0.502613365650177,0.39235586617588714,3,3,1,0.7745966692414834
71,2,11,True,-0.8938184708962957,False,-0.3390868306159973,0.5547316402802984,1,0,0,-0.39999999999999997
72,2,12,True,-0.9997490046450277,True,-0.4495323896408081,0.5502166150042196,3,3,1,0.7745966692414834
73,2,13,True,-0.9997890595982284,True,-0.4742652475833893,0.5255238120148391,3,3,1,0.9486832980505139
74,2,14,True,-0.9997877880849432,True,-0.4388028085231781,0.5609849795617651,0,0,1,0.7999999999999999
75,2,15,True,-0.9997711493947575,True,-0.3409060537815094,0.6588650956132481,3,3,1,0.7745966692414834
76,2,16,True,-0.9997686127587576,True,-0.35655710101127625,0.6432115117474814,2,0,0,-0.6000000000000001
77,2,17,True,-0.7285407971139668,False,-0.1478426456451416,0.5806981514688252,3,1,0,0.7378647873726218
78,2,18,True,-0.966426468003318,True,-0.18271854519844055,0.7837079228048774,3,1,0,0.2581988897471611
79,2,19,True,-0.9727841758735501,True,-0.20446276664733887,0.7683214092262113,2,1,0,0.10540925533894598
80,2,20,True,-0.9999789406738391,True,-0.12986958026885986,0.8701093604049792,1,3,0,0.7378647873726218
81,2,21,True,-0.9999679500563544,True,-0.23616501688957214,0.7638029331667823,2,1,0,-0.21081851067789195
82,2,22,False,-1.0000005361611555,True,-0.14540675282478333,0.8545937833363721,0,1,0,
83,2,23,False,-1.0000004358700023,True,-0.0865444466471672,0.9134559892228351,0,1,0,
84,2,24,False,-0.9999981546191562,True,0.1017686054110527,1.101766760030209,0,0,1,
85,2,25,False,-0.9999957812993544,True,0.006765715777873993,1.0067614970772283,0,3,0,
86,2,26,False,-0.999995696538019,True,-0.03583572059869766,0.9641599759393213,0,1,0,
87,2,27,False,-1.0000001584103644,True,0.26923662424087524,1.2692367826512396,0,1,0,
88,2,28,False,-1.0000002568746984,True,0.07722637802362442,1.0772266348983228,0,1,0,
89,2,29,False,-1.0000007430990348,True,0.3052894175052643,1.305290160604299,0,3,0,
90,3,0,False,-0.9999999747110426,True,-0.8138203024864197,0.18617967222462295,0,3,0,
92,3,2,False,-0.9999997901617488,True,-0.7557011246681213,0.24429866549362744,0,0,1,
93,3,3,True,-0.6269368354096164,False,-0.6267505884170532,0.00018624699256319932,3,3,1,0.19999999999999998
94,3,4,True,-0.6063343237987391,False,-0.5613827109336853,0.04495161286505378,0,0,1,0.7999999999999999
95,3,5,True,-0.5674864417813945,False,-0.5043125152587891,0.06317392652260545,3,3,1,0.316227766016838
96,3,6,True,-0.5624079285130568,False,-0.5667697787284851,0.004361850215428342,3,3,1,0.9486832980505139
97,3,7,True,-0.49478268041243373,False,-0.507646918296814,0.012864237884380236,3,3,1,0.7999999999999999
98,3,8,True,-0.4873227263032924,False,-0.5113561153411865,0.02403338903789415,3,3,1,0.9486832980505139
99,3,9,True,-0.46676626537975235,False,-0.454345703125,0.012420562254752354,3,3,1,0.316227766016838
100,3,10,True,-0.46019392251431634,False,-0.49464380741119385,0.0344498848968775,3,3,1,1.0
101,3,11,True,-0.45408067371363586,False,-0.4470531940460205,0.007027479667615355,3,3,1,0.316227766016838
102,3,12,True,-0.43603374242824994,False,-0.48051682114601135,0.044483078717761415,1,1,1,1.0
103,3,13,True,-0.4086464649065113,False,-0.3933848440647125,0.015261620841798773,3,3,1,0.9486832980505139
104,3,14,True,-0.37488739057236947,False,-0.36743587255477905,0.007451518017590419,3,3,1,1.0
105,3,15,True,-0.36706211474918726,False,-0.3340958058834076,0.03296630886577967,3,3,1,1.0
106,3,16,True,-0.3598788045077449,False,-0.31962698698043823,0.040251817527306666,1,1,1,1.0
107,3,17,True,-0.537315612441952,False,-0.20341944694519043,0.3338961654967616,0,0,1,0.7745966692414834
108,3,18,False,-0.7276221283463762,False,-0.16701334714889526,0.5606087811974809,0,1,0,
109,3,19,False,-0.9920817097331801,True,-0.19619429111480713,0.795887418618373,0,3,0,
110,3,20,True,-0.9999876016677345,True,-0.17748475074768066,0.8225028509200538,0,0,1,0.39999999999999997
111,3,21,False,-1.0000004934644793,True,-0.24973449110984802,0.7502660023546313,0,1,0,
112,3,22,False,-1.0000006443310068,True,-0.23628592491149902,0.7637147194195077,0,3,0,
113,3,23,False,-1.000000606978083,True,-0.2497462034225464,0.7502544035555365,0,1,0,
114,3,24,False,-1.0000002145512328,True,0.03398125618696213,1.033981470738195,0,3,0,
115,3,25,False,-1.000000301943832,True,0.2024167776107788,1.2024170795546107,0,3,0,
116,3,26,False,-1.000000278653503,True,0.2566985785961151,1.256698857249618,0,3,0,
117,3,27,False,-1.0000001805257863,True,0.07146162539720535,1.0714618059229917,0,0,1,
118,3,28,False,-1.0000005212969496,True,0.2678045332431793,1.267805054540129,0,3,0,
119,3,29,False,-1.0000005652283102,True,0.2865673005580902,1.2865678657864004,0,0,1,
120,4,0,False,-0.9999998588843948,True,-0.8251605033874512,0.17483935549694363,0,0,1,
121,4,1,False,-0.9999998473969106,True,-0.835559070110321,0.16444077728658957,0,3,0,
122,4,2,False,-0.9999998596421147,True,-0.8382572531700134,0.16174260647210126,0,2,0,
123,4,3,True,-0.7540346191209741,False,-0.7362136840820312,0.017820935038942887,0,0,1,0.316227766016838
124,4,4,True,-0.9678732519267323,True,-0.6506581902503967,0.3172150616763356,1,0,0,-0.10540925533894598
125,4,5,True,-0.9782934136497581,True,-0.7434722781181335,0.23482113553162454,2,2,1,0.316227766016838
126,4,6,True,-0.6242874043841083,False,-0.5648267865180969,0.05946061786601142,3,3,1,0.9486832980505139
127,4,7,True,-0.5076747027140286,False,-0.528968870639801,0.021294167925772434,3,3,1,0.7999999999999999
128,4,8,True,-0.4989137488747882,False,-0.5260426998138428,0.027128950939054597,0,0,1,0.7999999999999999
129,4,9,True,-0.9997106327914795,True,-0.5375686287879944,0.46214200400348515,1,3,0,0.7378647873726218
130,4,10,True,-0.9997279038406024,True,-0.4301338493824005,0.5695940544582019,3,3,1,0.7745966692414834
131,4,11,True,-0.9997254103175831,True,-0.5342175364494324,0.46550787386815073,1,1,1,0.7745966692414834
132,4,12,True,-0.42861763999281066,False,-0.4391799867153168,0.01056234672250611,3,3,1,0.632455532033676
133,4,13,True,-0.4221664105763174,False,-0.45205405354499817,0.029887642968680794,0,0,1,0.7999999999999999
134,4,14,True,-0.2783178612016014,False,-0.47278904914855957,0.19447118794695817,1,1,1,0.9486832980505139
135,4,15,True,-0.3327118315441032,False,-0.337889701128006,0.005177869583902761,1,1,1,0.9486832980505139
136,4,16,True,-0.3525225627888036,False,-0.33424219489097595,0.018280367897827665,2,2,1,0.316227766016838
137,4,17,False,-0.3162696919544403,False,-0.16304144263267517,0.15322824932176515,0,1,0,
138,4,18,False,-0.488632127332373,False,-0.23794639110565186,0.25068573622672113,0,2,0,
139,4,19,False,-0.9997879980004695,True,-0.22320914268493652,0.776578855315533,0,3,0,
140,4,20,True,-0.9999946776215909,True,-0.20781147480010986,0.792183202821481,3,3,1,0.9486832980505139
141,4,21,True,-1.0000005203976636,True,-0.07105878740549088,0.9289417329921728,1,1,1,0.9486832980505139
142,4,22,True,-1.0000006407509217,True,-0.20498669147491455,0.7950139492760071,1,1,1,0.7745966692414834
143,4,23,True,-1.0000008833452654,True,-0.3037142753601074,0.696286607985158,3,1,0,0.7378647873726218
144,4,24,False,-1.0000001598470125,True,0.09830592572689056,1.098306085573903,0,3,0,
145,4,25,False,-1.0000001932483364,True,-0.01781732589006424,0.9821828673582722,0,3,0,
146,4,26,False,-1.0000003234831933,True,0.09850283712148666,1.09850316060468,0,3,0,
147,4,27,False,-1.000000378379493,True,0.2865365147590637,1.2865368931385568,0,1,0,
148,4,28,False,-1.0000004655505381,True,0.3264661729335785,1.3264666384841166,0,1,0,
149,4,29,False,-1.0000005209939804,True,0.26651379466056824,1.2665143156545486,0,0,1,
150,5,0,False,-0.9999999364213891,True,-0.832445502281189,0.1675544341402001,0,0,1,
151,5,1,False,-0.9999999647073337,True,-0.7639427185058594,0.23605724620147428,0,0,1,
152,5,2,False,-0.9999995789845973,True,-0.8206871747970581,0.17931240418753924,0,0,1,
153,5,3,True,-0.8497460044380336,False,-0.7929185032844543,0.05682750115357926,0,0,1,0.316227766016838
154,5,4,True,-0.9682281070533465,True,-0.7391508221626282,0.22907728489071832,0,0,1,0.7745966692414834
155,5,5,True,-0.9891447100097384,True,-0.727896511554718,0.26124819845502034,0,0,1,0.316227766016838
156,5,6,True,-0.9895264103428508,True,-0.5279940366744995,0.4615323736683513,3,3,1,0.7745966692414834
157,5,7,True,-0.999400069823854,True,-0.5279535055160522,0.47144656430780174,2,3,0,0.39999999999999997
158,5,8,True,-0.9996888000293078,True,-0.49410971999168396,0.5055790800376239,2,3,0,0.39999999999999997
159,5,9,True,-0.9996940731798247,True,-0.4193221926689148,0.5803718805109099,1,2,0,-0.10540925533894598
160,5,10,True,-0.9996904583653599,True,-0.6155509352684021,0.38413952309695776,1,1,1,1.0
161,5,11,True,-0.9997220495128332,True,-0.41752001643180847,0.5822020330810247,3,3,1,0.7745966692414834
162,5,12,True,-0.9997188722649523,True,-0.41100266575813293,0.5887162065068193,3,3,1,0.7999999999999999
163,5,13,True,-0.9997156666131902,True,-0.5111013650894165,0.4886143015237737,1,1,1,0.7999999999999999
164,5,14,True,-0.26949646464978166,False,-0.3313586413860321,0.06186217673625044,1,1,1,0.9486832980505139
165,5,15,True,-0.3056773126681208,False,-0.35846349596977234,0.052786183301651524,2,2,1,0.7999999999999999
166,5,16,True,-0.2325803443518243,False,-0.31793150305747986,0.08535115870565557,1,1,1,0.9486832980505139
167,5,17,True,-0.22589919157168722,False,-0.19721969962120056,0.028679491950486663,3,3,1,0.7745966692414834
168,5,18,True,-0.2147357359382112,False,-0.2854750454425812,0.07073930950436999,1,1,1,0.9486832980505139
169,5,19,True,-0.1608748996635731,False,-0.10473886877298355,0.05613603089058955,3,3,1,1.0
170,5,20,True,-0.13967594257689717,False,-0.11656361073255539,0.023112331844341777,1,1,1,1.0
171,5,21,True,-1.0000007036772063,True,-0.26761382818222046,0.7323868754949858,3,3,1,0.7745966692414834
172,5,22,True,-1.000000758332976,True,-0.14713585376739502,0.852864904565581,1,0,0,-0.21081851067789195
173,5,23,True,-1.000001060738978,True,-0.2467372715473175,0.7532637891916605,0,0,1,0.39999999999999997
174,5,24,False,-1.0000001146326025,True,0.007285319268703461,1.007285433901306,0,3,0,
175,5,25,False,-1.0000000730321301,True,0.06519153714179993,1.06519161017393,0,1,0,
176,5,26,False,-1.000000002807264,True,0.18614965677261353,1.1861496595798775,0,3,0,
177,5,27,False,-0.9999999815781934,True,0.24520069360733032,1.2452006751855236,0,1,0,
178,5,28,False,-1.000000386184783,True,0.324211984872818,1.324212371057601,0,3,0,
179,5,29,False,-1.000000489395942,True,0.13668128848075867,1.1366817778767007,0,0,1,
180,6,0,False,-0.999999933709104,True,-0.8901050686836243,0.10989486502547974,0,0,1,
181,6,1,False,-0.9999999989883943,True,-0.7846021056175232,0.21539789337087112,0,0,1,
182,6,2,False,-0.9999992651057036,True,-0.8810638785362244,0.11893538656947922,0,0,1,
183,6,3,True,-0.9740815851491638,True,-0.7019159197807312,0.27216566536843256,0,3,0,0.21081851067789195
184,6,4,True,-0.9772330627656115,True,-0.8990041613578796,0.07822890140773187,2,2,1,0.316227766016838
185,6,5,True,-0.9994459766033911,True,-0.7233418822288513,0.27610409437453975,1,0,0,-0.10540925533894598
186,6,6,True,-0.9997574211519527,True,-0.7508584856987,0.2488989354532527,2,1,0,0.39999999999999997
187,6,7,True,-0.9997641883148787,True,-0.8018631935119629,0.1979009948029158,2,2,1,0.316227766016838
188,6,8,True,-0.9995201281080273,True,-0.710310697555542,0.28920943055248527,1,3,0,0.7378647873726218
189,6,9,True,-0.9994933262088975,True,-0.729401171207428,0.27009215500146955,2,2,1,0.7999999999999999
190,6,10,True,-0.9996861452352495,True,-0.5157756209373474,0.48391052429790204,1,1,1,0.632455532033676
191,6,11,True,-0.9996894601192647,True,-0.5416077971458435,0.45808166297342123,2,2,1,0.9486832980505139
192,6,12,True,-0.9997033499531284,True,-0.534340500831604,0.46536284912152437,1,3,0,0.7378647873726218
193,6,13,True,-0.9997121634344842,True,-0.4208984673023224,0.5788136961321618,2,2,1,1.0
194,6,14,True,-0.24089841535797948,False,-0.3429866135120392,0.1020881981540597,3,3,1,0.19999999999999998
195,6,15,True,-0.23181905513651094,False,-0.32410213351249695,0.09228307837598601,3,3,1,0.7999999999999999
196,6,16,True,-0.22305595419780913,False,-0.25301212072372437,0.029956166525915234,3,3,1,0.7999999999999999
197,6,17,True,-0.21401833493677103,False,-0.29625198245048523,0.0822336475137142,1,3,0,0.7378647873726218
198,6,18,True,-0.2055742119601498,False,-0.20572498440742493,0.00015077244727512706,1,1,1,0.19999999999999998
199,6,19,True,-0.17289363208706632,False,-0.2144375741481781,0.04154394206111178,0,0,1,0.19999999999999998
200,6,20,True,-0.12934921686188258,False,-0.03574562817811966,0.09360358868376292,3,3,1,0.632455532033676
201,6,21,True,-0.09715315744393188,False,-0.13736853003501892,0.04021537259108704,1,1,1,1.0
202,6,22,True,-1.00000090500067,True,-0.3128860592842102,0.6871148457164598,3,3,1,0.7745966692414834
203,6,23,True,-1.0000010101165577,True,-0.29758480191230774,0.70241620820425,3,3,1,0.9486832980505139
204,6,24,True,-1.0000009834705246,True,-0.4201672375202179,0.5798337459503067,3,2,0,0.7378647873726218
205,6,25,False,-1.0000001022167473,True,0.12491277605295181,1.124912878269699,0,3,0,
206,6,26,False,-1.0000000391352024,True,0.10233836621046066,1.102338405345663,0,3,0,
207,6,27,False,-0.9999999763340531,True,0.25344476103782654,1.2534447373718796,0,3,0,
208,6,28,False,-1.000000162351253,True,0.1891009509563446,1.1891011133075977,0,3,0,
209,6,29,False,-1.0000001999723578,True,0.30709385871887207,1.3070940586912299,0,1,0,
210,7,0,False,-0.9999999241281765,True,-0.9115117192268372,0.08848820490133935,0,0,1,
211,7,1,False,-0.9999981598010335,True,-1.0315306186676025,0.03153245886656908,0,3,0,
212,7,2,False,-0.9999981983446228,True,-0.7193158268928528,0.28068237145177,0,0,1,
213,7,3,False,-0.9999981853024498,True,-0.8412942290306091,0.15870395627184064,0,2,0,
214,7,4,True,-0.9988564131986806,True,-0.7052227854728699,0.2936336277258107,3,2,0,0.2581988897471611
215,7,5,True,-0.9994412447600854,True,-0.7600408792495728,0.2394003655105127,2,0,0,0.21081851067789195
216,7,6,True,-0.9997612685730458,True,-0.8140208125114441,0.18574045606160172,0,0,1,0.316227766016838
217,7,7,True,-0.999768518641505,True,-0.7778769731521606,0.2218915454893443,0,0,1,0.316227766016838
218,7,8,True,-0.9995308253578261,True,-0.7469120621681213,0.2526187631897048,1,0,0,0.39999999999999997
219,7,9,True,-0.99946867101966,True,-0.7068676948547363,0.29260097616492364,0,0,1,0.7999999999999999
220,7,10,True,-0.9996779629931724,True,-0.4554040729999542,0.5442738899932181,3,3,1,0.316227766016838
221,7,11,True,-0.9996741570298648,True,-0.6041157245635986,0.3955584324662662,1,3,0,0.7378647873726218
222,7,12,True,-0.9996915806100265,True,-0.4562239348888397,0.5434676457211868,2,2,1,0.7999999999999999
223,7,13,True,-0.999798023739096,True,-0.5104016065597534,0.48939641717934257,3,3,1,0.9486832980505139
224,7,14,True,-0.9997929010389169,True,-0.29227155447006226,0.7075213465688547,3,3,1,0.7999999999999999
225,7,15,True,-0.9997903567974609,True,-0.39169055223464966,0.6080998045628112,3,3,1,0.7999999999999999
226,7,16,True,-0.9997874120746602,True,-0.42663443088531494,0.5731529811893452,1,1,1,0.7999999999999999
227,7,17,True,-0.20470169839843294,False,-0.26052457094192505,0.05582287254349211,3,3,1,0.632455532033676
228,7,18,True,-0.19574524672883192,False,-0.19897159934043884,0.0032263526116069197,3,3,1,0.7999999999999999
229,7,19,True,-0.18639626752936356,False,-0.22894403338432312,0.04254776585495956,0,0,1,1.0
230,7,20,True,-0.15564651682112038,False,-0.170813649892807,0.015167133071686628,0,0,1,0.19999999999999998
231,7,21,True,-0.08591110314820388,False,-0.06844141334295273,0.017469689805251154,3,3,1,0.9486832980505139
232,7,22,True,-0.07553569561453341,False,-0.11605775356292725,0.040522057948393836,1,1,1,0.7999999999999999
233,7,23,True,-0.055237062655414754,False,0.022880785167217255,0.07811784782263201,1,3,0,0.21081851067789195
234,7,24,True,-0.045444653746738894,False,0.026494942605495453,0.07193959635223435,1,1,1,0.7745966692414834
235,7,25,False,-1.0000001415780082,True,-0.04020193964242935,0.9597982019355789,0,0,1,
236,7,26,False,-0.9999993792365446,True,0.1251051425933838,1.1251045218299285,0,1,0,
237,7,27,False,-0.9999995177569936,True,0.22060102224349976,1.2206005400004933,0,3,0,
238,7,28,False,-0.9999994344165376,True,0.05331110209226608,1.0533105365088038,0,2,0,
239,7,29,False,-1.0000002105375778,True,0.2562504708766937,1.2562506814142715,0,0,1,
240,8,0,False,-0.999998058494215,True,-1.1466426849365234,0.14664462644230847,0,3,0,
241,8,1,False,-0.999998164145629,True,-0.8155030608177185,0.18449510332791053,0,0,1,
242,8,2,False,-0.9997698451691897,True,-1.0685815811157227,0.068811735946533,0,3,0,
243,8,3,True,-0.9997618020297712,True,-0.7692129015922546,0.23054890043751652,3,2,0,0.2581988897471611
244,8,4,True,-0.9997589369233212,True,-0.7552013993263245,0.24455753759699672,3,3,1,0.7745966692414834
245,8,5,True,-0.9997561493284177,True,-0.6959784030914307,0.30377774623698706,3,3,1,0.19999999999999998
246,8,6,True,-0.9997619868713409,True,-0.7315371632575989,0.268224823613742,0,0,1,0.632455532033676
247,8,7,True,-0.999770680563573,True,-0.8409660458564758,0.15880463470709716,0,0,1,0.316227766016838
248,8,8,True,-0.9995389822551144,True,-0.8103194832801819,0.1892194989749325,1,0,0,0.39999999999999997
249,8,9,True,-0.9993832436608846,True,-0.5663276314735413,0.43305561218734334,3,2,0,0.2581988897471611
250,8,10,True,-0.9993742459888655,True,-0.8273014426231384,0.17207280336572706,2,2,1,0.7999999999999999
251,8,11,True,-0.9995762902674179,True,-0.5873416066169739,0.412234683650444,3,3,1,0.9486832980505139
252,8,12,True,-0.9997186039457734,True,-0.7264924049377441,0.27322619900802925,1,1,1,0.7999999999999999
253,8,13,True,-0.9997990987824898,True,-0.5863417983055115,0.4134573004769784,0,0,1,0.7999999999999999
254,8,14,False,-0.9996192339544065,True,-0.6623374819755554,0.33728175197885113,0,1,0,
255,8,15,True,-0.9997914045244916,True,-0.490953654050827,0.5088377504736645,0,0,1,0.39999999999999997
256,8,16,True,-0.9997848406272287,True,-0.4146738052368164,0.5851110353904123,1,0,0,-0.6000000000000001
257,8,17,False,-0.3379092749655421,False,-0.36768704652786255,0.029777771562320476,0,3,0,
258,8,18,False,-0.3001425059776466,False,-0.17929938435554504,0.12084312162210153,0,3,0,
259,8,19,True,-0.2906707116511621,False,-0.13344022631645203,0.15723048533471007,3,3,1,0.7745966692414834
260,8,20,True,-0.28235857390789476,False,-0.16172745823860168,0.12063111566929308,1,1,1,0.9486832980505139
261,8,21,True,-0.16018984398747965,False,-0.10788387805223465,0.052305965935245,3,3,1,0.632455532033676
262,8,22,True,-0.06472242197239124,False,-0.07786297798156738,0.013140556009176144,1,1,1,0.39999999999999997
263,8,23,True,-0.04483220994065959,False,0.028277479112148285,0.07310968905280787,3,3,1,0.9486832980505139
264,8,24,True,-0.034365016345141934,False,0.04350690543651581,0.07787192178165775,1,1,1,0.7745966692414834
265,8,25,False,-1.0000001621989725,True,-0.11501041799783707,0.8849897442011354,0,0,1,
266,8,26,False,-0.9999992944357562,True,-0.018007010221481323,0.9819922842142749,0,0,1,
267,8,27,False,-0.9999995796318034,True,0.09484554827213287,1.0948451279039362,0,0,1,
268,8,28,False,-1.000000012928915,True,0.2923923432826996,1.2923923562116146,0,1,0,
269,8,29,False,-1.0000001674969108,True,0.16093748807907104,1.1609376555759818,0,1,0,
270,9,0,False,-0.9999979317942822,True,-1.1631478071212769,0.16314987532699465,0,0,1,
271,9,1,False,-0.9997794120035476,True,-1.1819043159484863,0.18212490394493874,0,3,0,
272,9,2,False,-0.9997726190503343,True,-1.0143624544143677,0.014589835364033354,0,0,1,
273,9,3,False,-0.9998647334923609,True,-1.1101237535476685,0.11025902005530752,0,3,0,
274,9,4,False,-0.9997595810005931,True,-0.7569593787193298,0.2428002022812633,0,2,0,
275,9,5,False,-0.9997527272143312,True,-0.7404734492301941,0.2592792779841371,0,2,0,
276,9,6,True,-0.9997496943472176,True,-0.9565607905387878,0.04318890380842977,3,3,1,0.9486832980505139
277,9,7,True,-0.999767308316807,True,-0.8290091156959534,0.17075819262085368,0,0,1,1.0
278,9,8,True,-0.9995467460498714,True,-0.8733897805213928,0.12615696552847855,1,0,0,0.7378647873726218
279,9,9,True,-0.9992844047077231,True,-0.8604896068572998,0.13879479785042326,3,3,1,0.9486832980505139
280,9,10,True,-0.9993397916541769,True,-0.6091629862785339,0.3901768053756429,0,0,1,0.632455532033676
281,9,11,True,-0.9994876373041509,True,-0.7399373054504395,0.25955033185371146,0,0,1,0.632455532033676
282,9,12,True,-0.9997829214239293,True,-0.4459378719329834,0.5538450494909459,3,2,0,-0.21081851067789195
283,9,13,True,-0.9997823461917733,True,-0.5830321311950684,0.41675021499670495,0,0,1,1.0
284,9,14,False,-0.999614664158221,True,-0.599797248840332,0.39981741531788895,0,0,1,
285,9,15,True,-0.9997748141297236,True,-0.5493038296699524,0.4504709844597712,0,0,1,0.9486832980505139
286,9,16,True,-0.9997189637769641,True,-0.469732403755188,0.5299865600217761,1,0,0,-0.6000000000000001
287,9,17,False,-0.38273639963606326,False,-0.4415479302406311,0.05881153060456784,0,0,1,
288,9,18,False,-0.9826840759419717,True,-0.3206693232059479,0.6620147527360238,0,3,0,
289,9,19,False,-0.9828551097364029,True,-0.3291987478733063,0.6536563618630966,0,1,0,
290,9,20,True,-0.27774663795167054,False,-0.11291047185659409,0.16483616609507645,3,3,1,0.632455532033676
291,9,21,True,-0.2696716218454681,False,-0.11231773346662521,0.1573538883788429,3,3,1,0.632455532033676
292,9,22,True,-0.05142924533776527,False,-0.03703511506319046,0.014394130274574812,3,3,1,1.0
293,9,23,True,-0.03453332572121906,False,0.009731628000736237,0.0442649537219553,3,3,1,1.0
294,9,24,True,-0.02320465733428246,False,0.0006783753633499146,0.023883032697632374,1,1,1,0.39999999999999997
295,9,25,False,-0.9999994018044859,True,-0.09715750068426132,0.9028419011202246,0,3,0,
296,9,26,False,-0.9999993675413953,True,-0.09245883673429489,0.9075405308071004,0,0,1,
297,9,27,False,-0.9999996245978865,True,0.06491134315729141,1.064910967755178,0,0,1,
298,9,28,False,-0.9999998738558201,True,0.2919289171695709,1.291928791025391,0,3,0,
299,9,29,False,-0.9999998896771332,True,0.3207513391971588,1.320751228874292,0,1,0,
300,10,0,False,-0.9999972687669946,True,-1.2407513856887817,0.24075411692178716,0,0,1,
301,10,1,False,-0.9997817818446079,True,-0.8641073703765869,0.13567441146802095,0,0,1,
302,10,2,False,-0.9997795386909015,True,-1.0943806171417236,0.09460107845082211,0,0,1,
303,10,3,False,-0.99994378167616,True,-0.7858465313911438,0.21409725028501625,0,0,1,
304,10,4,False,-0.9999454352940119,True,-1.1168615818023682,0.11691614650835624,0,3,0,
305,10,5,False,-0.9999444202255626,True,-1.1930451393127441,0.19310071908718152,0,2,0,
306,10,6,True,-0.9996749194484881,True,-1.0160068273544312,0.016331907905943077,0,0,1,0.7745966692414834
307,10,7,True,-0.9995728419370704,True,-0.7190445065498352,0.2805283353872352,3,2,0,0.2581988897471611
308,10,8,True,-0.9995628046319596,True,-0.7426890730857849,0.25687373154617466,2,3,0,-0.10540925533894598
309,10,9,True,-0.9992312772859613,True,-0.8995813131332397,0.09964996415272154,0,0,1,0.632455532033676
310,10,10,True,-0.998117751307553,True,-0.8789497017860413,0.11916804952151172,3,1,0,0.7378647873726218
311,10,11,True,-0.9980740141496279,True,-0.6989006996154785,0.2991733145341494,3,2,0,0.10540925533894598
312,10,12,True,-0.9979509605115405,True,-0.8704609870910645,0.12748997342047608,1,2,0,0.39999999999999997
313,10,13,True,-0.9995003995571754,True,-0.6145780086517334,0.384922390905442,1,3,0,0.7378647873726218
314,10,14,True,-0.9994615718524261,True,-0.3757282793521881,0.623733292500238,3,3,1,0.7745966692414834
315,10,15,True,-0.9994503617130683,True,-0.5557803511619568,0.44367001055111155,0,0,1,0.39999999999999997
316,10,16,True,-0.998612718663987,True,-0.5264794826507568,0.4721332360132302,1,0,0,0.7378647873726218
317,10,17,False,-0.9665217201750472,True,-0.27347055077552795,0.6930511693995193,0,3,0,
318,10,18,False,-0.9819866583260294,True,-0.27847525477409363,0.7035114035519358,0,0,1,
319,10,19,False,-0.9826658754289749,True,-0.32960858941078186,0.653057286018193,0,2,0,
320,10,20,True,-0.8205459664186805,False,-0.1491747498512268,0.6713712165674537,3,2,0,0.2581988897471611
321,10,21,True,-0.8185012312042956,False,-0.20587420463562012,0.6126270265686755,3,1,0,-0.39999999999999997
322,10,22,True,-0.04734940567463855,False,-0.17433977127075195,0.1269903655961134,3,3,1,0.9486832980505139
323,10,23,True,-0.024603314125959837,False,-0.01714300364255905,0.007460310483400786,3,3,1,0.9486832980505139
324,10,24,True,-0.011887147095194636,False,-0.04322986304759979,0.031342715952405155,1,1,1,0.39999999999999997
325,10,25,False,-0.9999998838780374,True,-0.03546846657991409,0.9645314172981233,0,2,0,
326,10,26,False,-0.9999998185195453,True,0.043977245688438416,1.0439770642079838,0,3,0,
327,10,27,False,-0.999999845774042,True,0.09571617096662521,1.0957160167406672,0,3,0,
328,10,28,False,-0.999999887969298,True,0.0874706283211708,1.0874705162904688,0,0,1,
329,10,29,False,-0.9999999503034934,True,0.2659751772880554,1.265975127591549,0,0,1,
330,11,0,False,-0.9999794351548298,True,-1.2466347217559814,0.24665528660115166,0,0,1,
331,11,1,False,-0.9999787020111782,True,-1.4332058429718018,0.43322714096062354,0,0,1,
332,11,2,False,-0.99994314177785,True,-0.8774036765098572,0.12253946526799286,0,0,1,
333,11,3,False,-0.9999471582198676,True,-0.8766526579856873,0.12329450023418032,0,2,0,
334,11,4,False,-0.9999467642719628,True,-0.8537821173667908,0.14616464690517206,0,0,1,
335,11,5,False,-0.9998996888575896,True,-1.1348212957382202,0.1349216068806306,0,0,1,
336,11,6,False,-0.9982710179468495,True,-0.7583778500556946,0.2398931678911549,0,3,0,
337,11,7,False,-0.9982132409007975,True,-0.7505770921707153,0.24763614873008222,0,2,0,
338,11,8,False,-0.99818983714724,True,-0.7140559554100037,0.2841338817372363,0,2,0,
339,11,9,True,-0.9981680436203978,True,-0.6294940114021301,0.36867403221826767,3,3,1,0.7745966692414834
340,11,10,True,-0.99811833587027,True,-0.5924638509750366,0.40565448489523337,3,3,1,0.7745966692414834
341,11,11,True,-0.9980961906547415,True,-0.8250027894973755,0.17309340115736604,0,0,1,0.9486832980505139
342,11,12,True,-0.9976328859339147,True,-0.8300209641456604,0.16761192178825435,1,0,0,0.39999999999999997
343,11,13,True,-0.9995058023075746,True,-0.649257481098175,0.3502483212093995,2,0,0,0.21081851067789195
344,11,14,True,-0.9904088708609817,True,-0.7063613533973694,0.28404751746361234,1,3,0,0.2581988897471611
345,11,15,True,-0.9989792996375847,True,-0.4452836215496063,0.5536956780879784,0,0,1,0.7745966692414834
346,11,16,True,-0.9774834752475056,True,-0.4784790873527527,0.4990043878947529,3,3,1,0.9486832980505139
347,11,17,True,-0.9770405979947632,True,-0.49829941987991333,0.47874117811484984,3,3,1,0.9486832980505139
348,11,18,True,-0.9767135698042809,True,-0.5056234002113342,0.4710901695929467,1,1,1,0.9486832980505139
349,11,19,True,-0.9773477878818031,True,-0.27389001846313477,0.7034577694186683,3,3,1,0.7745966692414834
350,11,20,True,-0.9772147331481007,True,-0.39701709151268005,0.5801976416354206,1,1,1,0.7745966692414834
351,11,21,True,-0.8320090054631716,False,-0.2794787287712097,0.5525302766919619,0,0,1,0.19999999999999998
352,11,22,True,-0.050186965287969176,False,-0.1495313048362732,0.09934433954830402,3,3,1,0.7745966692414834
353,11,23,True,-0.03977639888901412,False,-0.26611876487731934,0.2263423659883052,1,1,1,0.7745966692414834
354,11,24,True,-0.00038036124451059717,False,-0.009142957627773285,0.008762596383262688,3,3,1,0.632455532033676
355,11,25,True,0.01578273650205404,False,0.024734236299991608,0.008951499797937568,3,3,1,1.0
356,11,26,True,0.0319004761665057,False,0.07914131134748459,0.047240835180978887,1,1,1,1.0
357,11,27,True,-0.23272409076946102,False,0.12319224327802658,0.35591633404748757,1,1,1,0.9486832980505139
358,11,28,True,-0.8046283574895476,False,0.21690839529037476,1.0215367527799224,1,1,1,0.9486832980505139
360,12,0,False,-0.9999783796626871,True,-1.403501272201538,0.403522892538851,0,0,1,
361,12,1,False,-0.9999473509845616,True,-1.2874873876571655,0.28754003667260397,0,3,0,
362,12,2,False,-0.9999479904476972,True,-1.0704597234725952,0.070511733024898,0,2,0,
363,12,3,False,-0.9999404800579755,True,-1.3508095741271973,0.35086909406922173,0,1,0,
364,12,4,False,-0.9999406991809122,True,-1.3979398012161255,0.39799910203521327,0,0,1,
365,12,5,False,-0.9986244916783853,True,-1.1232693195343018,0.12464482785591646,0,3,0,
366,12,6,False,-0.9982693961382116,True,-0.8025979399681091,0.1956714561701025,0,2,0,
367,12,7,False,-0.9982209401624218,True,-0.7633963227272034,0.23482461743521843,0,2,0,
368,12,8,False,-0.9981963015654413,True,-1.0945841073989868,0.09638780583354556,0,3,0,
369,12,9,False,-0.9981700759844339,True,-0.7011575102806091,0.2970125657038247,0,2,0,
370,12,10,True,-0.99814670424257,True,-0.6805725693702698,0.31757413487230024,3,3,1,0.7745966692414834
371,12,11,True,-0.9981233056707859,True,-0.6899515390396118,0.30817176663117407,0,0,1,0.632455532033676
372,12,12,True,-0.988593843950208,True,-0.5551037192344666,0.43349012471574144,3,2,0,0.2581988897471611
373,12,13,True,-0.9882224551612043,True,-0.9597476124763489,0.02847484268485545,1,2,0,0.7378647873726218
374,12,14,True,-0.9768913229295167,True,-0.43922844529151917,0.5376628776379976,3,2,0,0.2581988897471611
375,12,15,True,-0.9762712633368722,True,-0.6940832734107971,0.2821879899260751,3,3,1,0.7745966692414834
376,12,16,True,-0.9759179500880126,True,-0.5659620761871338,0.40995587390087884,3,3,1,0.9486832980505139
377,12,17,True,-0.9772357792823096,True,-0.3895012140274048,0.5877345652549049,0,0,1,0.7745966692414834
378,12,18,True,-0.9763822061111895,True,-0.2430793046951294,0.7333029014160601,3,3,1,0.632455532033676
379,12,19,True,-0.9761138023771272,True,-0.36845478415489197,0.6076590182222352,3,2,0,-0.10540925533894598
380,12,20,True,-0.9769346616193869,True,-0.16275489330291748,0.8141797683164694,3,3,1,0.7745966692414834
381,12,21,True,-0.9767005280854095,True,-0.26807308197021484,0.7086274461151947,3,3,1,0.632455532033676
382,12,22,True,-0.9816444519570816,True,-0.32989564538002014,0.6517488065770615,2,1,0,-0.316227766016838
383,12,23,True,-0.0282124165532359,False,-0.18040400743484497,0.15219159088160908,3,3,1,0.632455532033676
384,12,24,True,-0.013195776107042125,False,-0.11241275817155838,0.09921698206451626,0,0,1,0.7999999999999999
385,12,25,True,0.0013513842617228495,False,-0.12401047348976135,0.1253618577514842,0,0,1,0.39999999999999997
386,12,26,True,0.04418655049825028,False,0.12405537813901901,0.07986882764076873,1,3,0,0.21081851067789195
387,12,27,True,0.04431424441115606,False,0.12485264986753464,0.08053840545637858,2,3,0,0.39999999999999997
388,12,28,True,0.0634226348640124,False,0.18711286783218384,0.12369023296817144,2,3,0,0.7999999999999999
389,12,29,True,0.09965529718702962,False,0.235588937997818,0.13593364081078838,1,1,1,0.7999999999999999
390,13,0,False,-0.9999365450426412,True,-1.4064838886260986,0.40654734358345745,0,3,0,
391,13,1,False,-0.9999352340382173,True,-1.3551056385040283,0.35517040446581105,0,3,0,
392,13,2,False,-0.9999335797139066,True,-1.439766526222229,0.4398329465083224,0,2,0,
393,13,3,False,-0.9999390301127159,True,-0.9873228073120117,0.01261622280070418,0,0,1,
394,13,4,False,-0.999923772715144,True,-1.3318254947662354,0.33190172205109136,0,0,1,
395,13,5,False,-0.9992657253952804,True,-1.2009031772613525,0.20163745186607218,0,3,0,
396,13,6,False,-0.9992733109848989,True,-1.4008820056915283,0.4016086947066294,0,2,0,
397,13,7,False,-0.9982801385415246,True,-1.253577709197998,0.2552975706564734,0,3,0,
398,13,8,False,-0.9982192016691288,True,-1.123095989227295,0.12487678755816611,0,0,1,
399,13,9,False,-0.9994835373969034,True,-0.7582518458366394,0.24123169156026403,0,3,0,
400,13,10,False,-0.9994779558552792,True,-0.7074049115180969,0.2920730443371823,0,3,0,
401,13,11,False,-0.9994710607777164,True,-1.0262302160263062,0.02675915524858974,0,3,0,
402,13,12,False,-0.9994636700057581,True,-1.0923689603805542,0.09290529037479611,0,2,0,
403,13,13,True,-0.9864029530319505,True,-0.8111090064048767,0.17529394662707376,3,3,1,0.9486832980505139
404,13,14,True,-0.9778587868170233,True,-0.5289499163627625,0.44890887045426087,3,3,1,0.7745966692414834
405,13,15,True,-0.9765810875368707,True,-0.5225113034248352,0.45406978411203547,0,0,1,0.7745966692414834
406,13,16,True,-0.9722022281389215,True,-0.5917535424232483,0.38044868571567325,3,3,1,0.9486832980505139
407,13,17,True,-0.9736118652468974,True,-0.33908578753471375,0.6345260777121836,3,3,1,0.7745966692414834
408,13,18,True,-0.973485666680588,True,-0.2805066704750061,0.6929789962055819,3,3,1,0.7745966692414834
409,13,19,True,-0.9731430973194167,True,-0.1992655098438263,0.7738775874755904,3,2,0,0.2581988897471611
410,13,20,True,-0.9727512636016425,True,-0.34852537512779236,0.6242258884738502,3,3,1,0.9486832980505139
411,13,21,True,-0.9767398344677564,True,-0.20229482650756836,0.774445007960188,0,0,1,0.9486832980505139
412,13,22,True,-0.9818429659265034,True,-0.35595476627349854,0.6258881996530049,0,0,1,0.632455532033676
413,13,23,True,-0.03563520917046067,False,-0.19269457459449768,0.157059365424037,3,3,1,0.7745966692414834
414,13,24,True,-0.025136681328013347,False,-0.12289261072874069,0.09775592940072735,3,3,1,0.9486832980505139
415,13,25,True,-0.011427278433522935,False,-0.12942475080490112,0.11799747237137818,0,0,1,0.9486832980505139
416,13,26,True,0.1000083502903431,False,0.09762539714574814,0.002382953144594968,3,3,1,0.632455532033676
417,13,27,True,0.12792235020747736,False,0.14184793829917908,0.013925588091701718,1,1,1,0.632455532033676
418,13,28,True,0.16719171030059055,False,0.2518819272518158,0.08469021695122525,1,1,1,0.9486832980505139
419,13,29,True,0.1424785067481656,False,0.2117355763912201,0.0692570696430545,2,2,1,0.316227766016838
420,14,0,False,-0.9999323979596724,True,-1.4813517332077026,0.48141933524803027,0,3,0,
421,14,1,False,-0.9999350256353122,True,-1.1081852912902832,0.10825026565497098,0,0,1,
422,14,2,False,-0.9998982157142252,True,-1.4994150400161743,0.4995168243019491,0,0,1,
423,14,3,False,-0.9988453112504833,True,-1.669084072113037,0.6702387608625539,0,0,1,
424,14,4,False,-0.9993037478864756,True,-0.9589828848838806,0.040320863002594964,0,3,0,
425,14,5,False,-0.9992784729281078,True,-0.9753561615943909,0.023922311333716917,0,0,1,
426,14,6,False,-0.9992585893659055,True,-1.3345699310302734,0.33531134166436793,0,0,1,
427,14,7,False,-0.9983004326696038,True,-1.2890758514404297,0.2907754187708259,0,0,1,
428,14,8,False,-0.998284089303458,True,-1.2415307760238647,0.24324668672040672,0,0,1,
429,14,9,False,-0.9999787218340714,True,-1.2250380516052246,0.22505932977115317,0,3,0,
430,14,10,False,-0.9999792866141926,True,-1.2835372686386108,0.2835579820244183,0,2,0,
431,14,11,False,-0.9994768213459501,True,-0.8615373969078064,0.13793942443814367,0,0,1,
432,14,12,False,-0.9993355902829277,True,-0.6399106979370117,0.359424892345916,0,2,0,
433,14,13,True,-0.9993248155151249,True,-0.8991703391075134,0.10015447640761144,3,3,1,0.632455532033676
434,14,14,True,-0.9996548986891332,True,-0.9179044365882874,0.0817504621008458,3,3,1,0.9486832980505139
435,14,15,True,-0.9996606724716167,True,-0.9951547384262085,0.004505934045408222,1,2,0,0.39999999999999997
436,14,16,True,-0.9666365343874468,True,-0.41286006569862366,0.5537764686888231,3,3,1,0.7745966692414834
437,14,17,True,-0.9661194046186508,True,-0.731465220451355,0.23465418416729578,2,2,1,0.9486832980505139
438,14,18,False,-0.9448522853143033,True,-0.5102361440658569,0.4346161412484464,0,3,0,
439,14,19,False,-0.9448538913472897,True,-0.24687981605529785,0.6979740752919918,0,3,0,
440,14,20,True,-0.944134251161362,True,-0.16508999466896057,0.7790442564924014,3,3,1,0.7745966692414834
441,14,21,True,-0.9426788479944521,True,-0.28318795561790466,0.6594908923765475,3,3,1,0.7745966692414834
442,14,22,True,-0.9354879243665575,True,-0.17986583709716797,0.7556220872693895,3,3,1,0.7745966692414834
444,14,24,False,-0.15379883841481115,False,-0.19853752851486206,0.04473869010005091,0,1,0,
445,14,25,True,-0.010856745190245584,False,-0.15754297375679016,0.14668622856654456,3,1,0,0.7378647873726218
446,14,26,True,0.06707341350669425,False,-0.01781093329191208,0.08488434679860633,0,0,1,0.9486832980505139
447,14,27,True,0.14261848972674496,False,0.11146726459264755,0.031151225134097404,1,1,1,0.9486832980505139
448,14,28,True,0.1905600022818855,False,0.25336387753486633,0.06280387525298084,3,3,1,0.9486832980505139
449,14,29,True,0.2050184798131367,False,0.3454929292201996,0.14047444940706288,1,1,1,1.0
450,15,0,False,-0.9999122694504649,True,-1.1604866981506348,0.1605744287001699,0,3,0,
451,15,1,False,-0.9999106610046794,True,-1.7497978210449219,0.7498871600402425,0,0,1,
452,15,2,False,-0.9985701753869279,True,-1.4905322790145874,0.49196210362765946,0,3,0,
453,15,3,False,-0.9985118537634197,True,-1.0208829641342163,0.022371110370796643,0,2,0,
454,15,4,False,-0.9984806483955724,True,-1.050661325454712,0.052180677059139535,0,2,0,
455,15,5,False,-0.9984566758238549,True,-1.4703710079193115,0.47191433209545663,0,2,0,
456,15,6,False,-0.998435347197842,True,-1.3184802532196045,0.3200449060217625,0,3,0,
457,15,7,False,-0.9983634655448563,True,-1.341052770614624,0.3426893050697677,0,0,1,
458,15,8,False,-0.9999317055080423,True,-0.8404861092567444,0.15944559625129795,0,3,0,
459,15,9,False,-0.99997744604188,True,-1.2450004816055298,0.2450230355636498,0,0,1,
460,15,10,False,-0.9999905028582812,True,-0.7949166893959045,0.20507381346237663,0,3,0,
461,15,11,False,-0.999990677796106,True,-1.3322513103485107,0.3322606325524048,0,2,0,
462,15,12,False,-0.9998070094950785,True,-1.1390764713287354,0.13926946183365685,0,3,0,
463,15,13,True,-0.999662424845204,True,-0.6191832423210144,0.38047918252418955,3,2,0,0.2581988897471611
464,15,14,True,-0.9996589770213063,True,-0.9816360473632812,0.0180229296580251,0,0,1,0.9486832980505139
465,15,15,True,-0.9996644320543251,True,-0.9632462859153748,0.036418146138950336,0,0,1,0.9486832980505139
466,15,16,False,-0.9245118442958133,True,-0.7384126782417297,0.1860991660540836,0,3,0,
467,15,17,True,-0.965017061542767,True,-0.4553488492965698,0.5096682122461972,0,0,1,0.7745966692414834
468,15,18,False,-0.9439694150431603,True,-0.5600382685661316,0.38393114647702875,0,0,1,
469,15,19,False,-0.9274843111850689,True,-0.48998087644577026,0.43750343473929865,0,1,0,
470,15,20,False,-0.9805867726209764,True,-0.4334201514720917,0.5471666211488847,0,3,0,
471,15,21,False,-0.9868471757465788,True,-0.4530363976955414,0.5338107780510374,0,1,0,
472,15,22,True,-0.4936305580673268,False,-0.05070621520280838,0.4429243428645184,3,3,1,0.7745966692414834
473,15,23,True,-0.47556271928482524,False,-0.12144733220338821,0.354115387081437,1,1,1,0.7745966692414834
474,15,24,True,-0.037390338106756585,False,-0.12762954831123352,0.09023921020447694,3,3,1,0.7745966692414834
475,15,25,True,-0.023256492891621457,False,-0.1702485978603363,0.14699210496871484,0,0,1,0.9486832980505139
476,15,26,True,0.17616718102136597,False,0.11680448800325394,0.059362693018112034,1,1,1,0.9486832980505139
477,15,27,True,0.17539255503860665,False,0.19021344184875488,0.014820886810148232,3,3,1,0.7999999999999999
478,15,28,True,0.18975382784438907,False,0.33450010418891907,0.14474627634453,3,3,1,0.7999999999999999
479,15,29,True,0.21991257927741756,False,0.3292406499385834,0.10932807066116582,1,1,1,0.39999999999999997
480,16,0,False,-0.9994461100293,True,-1.805964469909668,0.806518359880368,0,3,0,
481,16,1,False,-0.9998238751573741,True,-1.2325019836425781,0.23267810848520398,0,0,1,
482,16,2,False,-0.9985480129234503,True,-1.56949782371521,0.5709498107917597,0,3,0,
483,16,3,False,-0.9985230091474231,True,-1.6404756307601929,0.6419526216127698,0,2,0,
484,16,4,False,-0.9984996976406486,True,-1.5978121757507324,0.5993124781100838,0,2,0,
485,16,5,False,-0.998475382900909,True,-1.5111584663391113,0.5126830834382023,0,0,1,
486,16,6,False,-0.998453257420007,True,-1.5002498626708984,0.5017966052508914,0,0,1,
487,16,7,False,-0.9999546375751769,True,-0.9384967684745789,0.06145786910059803,0,3,0,
489,16,9,False,-0.9999771414352284,True,-1.3272783756256104,0.32730123419038193,0,0,1,
490,16,10,False,-0.9999948145795,True,-1.3664911985397339,0.3664963839602339,0,3,0,
491,16,11,False,-0.9999910041656755,True,-0.8997431397438049,0.10024786442187061,0,0,1,
493,16,13,False,-0.9990484114192848,True,-1.1000174283981323,0.10096901697884753,0,3,0,
494,16,14,True,-0.9996251983635916,True,-0.6187246441841125,0.3809005541794791,3,2,0,0.2581988897471611
495,16,15,True,-0.9996667834675729,True,-0.6863240599632263,0.31334272350434655,0,0,1,0.7745966692414834
496,16,16,False,-0.9005194703553472,True,-0.6916739344596863,0.2088455358956609,0,3,0,
497,16,17,False,-0.9041823453744755,True,-0.6535362005233765,0.25064614485109904,0,3,0,
498,16,18,False,-0.9055068403537138,True,-0.6153144836425781,0.29019235671113564,0,2,0,
499,16,19,False,-0.9266916256090482,True,-0.4763295650482178,0.4503620605608304,0,1,0,
500,16,20,False,-0.9780534975640304,True,-0.4731808006763458,0.5048726968876845,0,1,0,
501,16,21,False,-0.992692134254527,True,-0.2815219461917877,0.7111701880627392,0,3,0,
502,16,22,False,-0.9927719775840872,True,-0.335252970457077,0.6575190071270102,0,2,0,
503,16,23,True,-0.4651608705662048,False,0.0276968851685524,0.4928577557347572,3,3,1,0.7745966692414834
504,16,24,True,-0.4588353019709916,False,0.031232185661792755,0.49006748763278435,3,3,1,0.7745966692414834
505,16,25,True,-0.45840898892896986,False,-0.016523204743862152,0.4418857841851077,2,1,0,0.7378647873726218
506,16,26,True,0.19253026170372534,False,0.19853150844573975,0.00600124674201441,3,3,1,0.632455532033676
507,16,27,True,0.20655325882417389,False,0.21513739228248596,0.008584133458312077,1,1,1,0.9486832980505139
508,16,28,True,0.22298772067285777,False,0.2275102734565735,0.0045225527837157165,1,1,1,0.9486832980505139
509,16,29,True,0.2347132625745875,False,0.3429658114910126,0.10825254891642508,1,1,1,0.39999999999999997
510,17,0,False,-0.9988821625565176,True,-1.7232154607772827,0.7243332982207651,0,3,0,
511,17,1,False,-0.9986460211400601,True,-1.300398588180542,0.3017525670404819,0,2,0,
512,17,2,False,-0.9985711793376623,True,-1.2675323486328125,0.26896116929515024,0,0,1,
513,17,3,False,-0.9985653456379934,True,-1.1786975860595703,0.18013224042157694,0,3,0,
514,17,4,False,-0.9985509741607934,True,-1.5643033981323242,0.5657524239715308,0,2,0,
515,17,5,False,-0.9985237186680199,True,-1.5239267349243164,0.5254030162562965,0,2,0,
516,17,6,False,-0.9984876877052081,True,-1.5525429248809814,0.5540552371757733,0,0,1,
517,17,7,False,-0.9998052328748281,True,-1.05423903465271,0.05443380177788182,0,3,0,
518,17,8,False,-0.9998030805128829,True,-1.4607360363006592,0.46093295578777627,0,2,0,
519,17,9,False,-0.9999282763319686,True,-1.4068012237548828,0.40687294742291424,0,0,1,
520,17,10,False,-0.9999999867713875,True,-0.9180025458335876,0.08199744093779981,0,3,0,
521,17,11,False,-1.0000001032506993,True,-0.9144986271858215,0.08550147606487779,0,2,0,
522,17,12,False,-1.0000000358987469,True,-0.9006198048591614,0.09938023103958549,0,0,1,
523,17,13,False,-0.9985111712367807,True,-0.7001985311508179,0.2983126400859628,0,3,0,
524,17,14,False,-0.9984796288646933,True,-0.6878471374511719,0.31063249141352145,0,3,0,
525,17,15,False,-0.998445445843306,True,-1.038257122039795,0.039811676196488954,0,2,0,
526,17,16,False,-0.8860046821473161,False,-0.46503183245658875,0.42097284969072735,0,3,0,
527,17,17,False,-0.8843451057715532,False,-0.7073622941970825,0.1769828115744707,0,3,0,
528,17,18,False,-0.8881131735154648,False,-0.31129172444343567,0.5768214490720291,0,3,0,
529,17,19,False,-0.8867494438929866,False,-0.5217908024787903,0.3649586414141963,0,2,0,
530,17,20,False,-0.9120801988149669,True,-0.23604688048362732,0.6760333183313396,0,3,0,
531,17,21,False,-0.9092808598258952,True,-0.3352442681789398,0.5740365916469554,0,3,0,
532,17,22,False,-0.9110168233457024,True,-0.3776555061340332,0.5333613172116692,0,1,0,
533,17,23,False,0.05513884936101157,False,0.00315701961517334,0.05198182974583823,0,1,0,
534,17,24,True,-0.4070676774139067,False,0.14948171377182007,0.5565493911857268,3,3,1,0.7745966692414834
535,17,25,True,-0.4513499434898886,False,0.10952141135931015,0.5608713548491988,0,0,1,0.9486832980505139
536,17,26,True,0.24308318577453478,False,0.25610971450805664,0.013026528733521864,3,1,0,0.7378647873726218
537,17,27,True,0.22349196259021914,False,0.3498855233192444,0.12639356072902524,3,3,1,0.7999999999999999
538,17,28,True,0.2364150112440227,False,0.21953919529914856,0.01687581594487414,1,1,1,0.9486832980505139
539,17,29,True,0.24921773701825697,False,0.3637763559818268,0.11455861896356981,1,1,1,0.9486832980505139
540,18,0,False,-0.9998785079737122,True,-1.7980070114135742,0.798128503439862,0,3,0,
541,18,1,False,-0.999915265267101,True,-1.866105556488037,0.8661902912209362,0,2,0,
542,18,2,False,-0.9999060267162552,True,-1.821983814239502,0.8220777875232468,0,2,0,
543,18,3,False,-0.9999071535891592,True,-1.41239595413208,0.4124888005429209,0,0,1,
544,18,4,False,-0.99856705882021,True,-1.7437279224395752,0.7451608636193652,0,0,1,
545,18,5,False,-0.9985571861055436,True,-1.7051008939743042,0.7065437078687606,0,0,1,
546,18,6,False,-0.9991180284293341,True,-1.1364734172821045,0.13735538885277043,0,3,0,
547,18,7,False,-0.999128123943125,True,-1.775597095489502,0.776468971546377,0,0,1,
548,18,8,False,-0.998509241234367,True,-1.4311904907226562,0.43268124948828923,0,2,0,
549,18,9,False,-0.9982791403219362,True,-0.9519107937812805,0.04636834654065569,0,3,0,
550,18,10,False,-0.9981399425659307,True,-0.9736446738243103,0.024495268741620446,0,2,0,
551,18,11,False,-0.9980571023636947,True,-0.9193137288093567,0.07874337355433803,0,2,0,
552,18,12,False,-0.9979938595048543,True,-0.8622429370880127,0.1357509224168416,0,2,0,
553,18,13,False,-0.9979355343819203,True,-1.172042727470398,0.17410719308847766,0,3,0,
554,18,14,False,-0.9979951500318609,True,-1.0868269205093384,0.08883177047747748,0,3,0,
555,18,15,False,-0.9979746695456428,True,-1.0565398931503296,0.058565223604686745,0,2,0,
556,18,16,False,-0.9644380153051348,True,-0.8489882349967957,0.11544978030833919,0,3,0,
557,18,17,False,-0.8756748243401106,False,-0.4159180819988251,0.4597567423412855,0,2,0,
558,18,18,False,-0.8578866165066288,False,-0.5804060101509094,0.27748060635571936,0,3,0,
559,18,19,False,-0.8566139214369519,False,-0.5098688006401062,0.3467451207968457,0,3,0,
560,18,20,False,-0.8710634477934356,False,-0.258230984210968,0.6128324635824676,0,3,0,
561,18,21,False,-0.8835256487191174,False,-0.39494383335113525,0.4885818153679822,0,3,0,
562,18,22,False,-0.9105196883149035,True,-0.19898933172225952,0.711530356592644,0,0,1,
563,18,23,False,0.21655224763532038,False,0.16014349460601807,0.056408753029302316,0,3,0,
564,18,24,False,0.23460066203883218,False,0.09748318791389465,0.13711747412493752,0,1,0,
565,18,25,True,0.3025592752746671,False,0.2799738943576813,0.02258538091698581,3,1,0,0.7378647873726218
566,18,26,True,0.268376926231427,False,0.433647096157074,0.16527016992564697,0,2,0,0.21081851067789195
567,18,27,True,0.2530653343800192,False,0.24479782581329346,0.008267508566725756,3,1,0,0.7378647873726218
568,18,28,True,0.2507329035451092,False,0.24514904618263245,0.005583857362476741,1,1,1,0.9486832980505139
569,18,29,True,0.2642205393716291,False,0.436147540807724,0.1719270014360949,1,1,1,0.632455532033676
570,19,0,False,-0.999879845542175,True,-1.550136685371399,0.5502568398292239,0,0,1,
572,19,2,False,-0.9998835450469065,True,-1.323826789855957,0.32394324480905057,0,3,0,
573,19,3,False,-0.999841265219318,True,-2.0106394290924072,1.0107981638730892,0,0,1,
574,19,4,False,-0.9985830003013607,True,-1.8215160369873047,0.822933036685944,0,0,1,
575,19,5,False,-0.9992124874371475,True,-1.6853668689727783,0.6861543815356308,0,2,0,
576,19,6,False,-0.9992227684505106,True,-1.3890721797943115,0.3898494113438009,0,0,1,
577,19,7,False,-0.9991377440637539,True,-1.7001917362213135,0.7010539921575596,0,0,1,
578,19,8,False,-0.9990585010942549,True,-1.0902631282806396,0.09120462718638478,0,3,0,
579,19,9,False,-0.9990663529007562,True,-1.1085666418075562,0.10950028890679997,0,2,0,
580,19,10,False,-0.9990554763316418,True,-1.4939908981323242,0.4949354218006824,0,2,0,
581,19,11,False,-0.998961484162315,True,-1.4264552593231201,0.4274937751608051,0,3,0,
582,19,12,False,-0.9988488568237328,True,-1.4610357284545898,0.46218687163085703,0,2,0,
583,19,13,False,-0.9970613998915068,True,-1.2040289640426636,0.2069675641511568,0,3,0,
584,19,14,False,-0.9979885676768798,True,-0.8591506481170654,0.1388379195598144,0,0,1,
585,19,15,False,-0.99305004267161,True,-0.6659541130065918,0.3270959296650182,0,3,0,
586,19,16,False,-0.992828993708107,True,-0.9526320099830627,0.04019698372504421,0,3,0,
587,19,17,False,-0.9930057757900171,True,-0.9793773889541626,0.013628386835854545,0,2,0,
588,19,18,False,-0.846111867575781,False,-0.6150669455528259,0.23104492202295512,0,1,0,
589,19,19,False,-0.8416996932887646,False,-0.47955960035324097,0.3621400929355236,0,1,0,
590,19,20,False,-0.4309631010248992,False,-0.40446990728378296,0.02649319374111625,0,3,0,
591,19,21,False,-0.8631128187383652,False,-0.18038144707679749,0.6827313716615677,0,0,1,
592,19,22,False,-0.1768348272652708,False,-0.14576873183250427,0.031066095432766533,0,3,0,
593,19,23,False,0.001141570941992404,False,-0.04034484177827835,0.04148641272027075,0,1,0,
594,19,24,False,0.26015611489418966,False,0.27616727352142334,0.01601115862723368,0,1,0,
595,19,25,True,0.33599753732289145,False,0.3097093105316162,0.026288226791275238,1,1,1,0.7745966692414834
596,19,26,True,0.3011963852285011,False,0.4448128640651703,0.14361647883666917,3,2,0,0.7378647873726218
597,19,27,True,0.2727453102364535,False,0.4342613220214844,0.1615160117850309,0,2,0,0.21081851067789195
598,19,28,True,0.2656168364654844,False,0.33413082361221313,0.06851398714672874,3,3,1,0.9486832980505139
599,19,29,True,0.28021659311046454,False,0.4152681529521942,0.13505155984172967,1,1,1,0.39999999999999997
600,20,0,False,-1.0000000971926237,True,-2.120863437652588,1.1208633404599642,0,2,0,
601,20,1,False,-1.000000049386188,True,-1.4890599250793457,0.4890598756931577,0,0,1,
602,20,2,False,-0.9999403366211781,True,-2.1589505672454834,1.1590102306243053,0,0,1,
603,20,3,False,-0.9986610582973054,True,-1.3843704462051392,0.3857093879078337,0,3,0,
604,20,4,False,-0.9986012657458678,True,-1.864912509918213,0.8663112441723451,0,0,1,
605,20,5,False,-0.9992208724359835,True,-1.4641904830932617,0.46496961065727827,0,0,1,
606,20,6,False,-0.9991801144196559,True,-1.8928887844085693,0.8937086699889134,0,2,0,
607,20,7,False,-0.9991483687156303,True,-1.3042975664138794,0.3051491976982491,0,0,1,
608,20,8,False,-0.9999653712703259,True,-1.2382110357284546,0.23824566445812867,0,3,0,
609,20,9,False,-0.9999649788132849,True,-1.1914029121398926,0.19143793332660763,0,2,0,
610,20,10,False,-0.9999640618140178,True,-1.0646464824676514,0.06468242065363361,0,3,0,
612,20,12,False,-0.9950274851255123,True,-1.3345006704330444,0.3394731853075321,0,3,0,
613,20,13,False,-0.9946983153995953,True,-0.8829893469810486,0.11170896841854672,0,2,0,
614,20,14,False,-0.9944072509735989,True,-1.2377934455871582,0.24338619461355926,0,3,0,
615,20,15,False,-0.9942684764837753,True,-0.8182300925254822,0.17603838395829308,0,2,0,
616,20,16,False,-0.9939936980069422,True,-0.6904523968696594,0.3035413011372827,0,2,0,
617,20,17,False,-0.9938645430192357,True,-1.1052064895629883,0.11134194654375262,0,2,0,
618,20,18,False,-0.40220611394992467,False,-0.6056222319602966,0.20341611801037196,0,3,0,
619,20,19,False,-0.3256931715720845,False,-0.2656783163547516,0.06001485521733291,0,2,0,
620,20,20,False,-0.28619695140133344,False,-0.1562148928642273,0.12998205853710615,0,3,0,
621,20,21,False,-0.2663062329999323,False,-0.1499919593334198,0.11631427366651248,0,3,0,
622,20,22,False,-0.22975010332342946,False,-0.07795502990484238,0.15179507341858708,0,2,0,
623,20,23,False,0.13987712129157365,False,0.021045483648777008,0.11883163764279664,0,1,0,
624,20,24,False,0.3756581461443451,False,0.39074382185935974,0.015085675715014624,0,3,0,
625,20,25,True,0.36077578921907644,False,0.6549842953681946,0.29420850614911814,1,1,1,0.9486832980505139
626,20,26,True,0.16234920695079608,False,0.16626688838005066,0.0039176814292545825,1,1,1,0.9486832980505139
627,20,27,True,0.2550014577007661,False,0.24846625328063965,0.00653520442012645,3,3,1,0.632455532033676
628,20,28,True,0.2728198202423597,False,0.36541253328323364,0.09259271304087396,3,3,1,0.7999999999999999
629,20,29,True,0.2974527198570219,False,0.4327080547809601,0.1352553349239382,1,1,1,0.39999999999999997
630,21,0,False,-1.0000001261939055,True,-2.1157872676849365,1.115787141491031,0,0,1,
631,21,1,False,-0.9999189383677907,True,-2.1493656635284424,1.1494467251606517,0,2,0,
632,21,2,False,-0.9999175572385506,True,-1.924978494644165,0.9250609374056145,0,2,0,
633,21,3,False,-0.9999187150360794,True,-1.6129918098449707,0.6130730948088913,0,0,1,
634,21,4,False,-0.9986496668717804,True,-1.9735188484191895,0.9748691815474091,0,0,1,
635,21,5,False,-0.9995204840691896,True,-2.011435031890869,1.0119145478216796,0,2,0,
636,21,6,False,-0.99920143042403,True,-1.4051249027252197,0.40592347230118975,0,0,1,
637,21,7,False,-0.9999995531939934,True,-1.3764532804489136,0.3764537272549202,0,3,0,
638,21,8,False,-0.9999996222508658,True,-1.832291841506958,0.8322922192560922,0,2,0,
639,21,9,False,-0.9999995864532158,True,-1.9352372884750366,0.9352377020218208,0,0,1,
640,21,10,False,-0.9999990027722803,True,-1.7971599102020264,0.7971609074297461,0,3,0,
641,21,11,False,-0.9999990081032886,True,-1.8311394453048706,0.831140437201582,0,2,0,
642,21,12,False,-0.9952741502493342,True,-1.3897004127502441,0.39442626250090995,0,3,0,
643,21,13,False,-0.9951747374542111,True,-1.0456821918487549,0.05050745439454374,0,2,0,
644,21,14,False,-0.9949618846174972,True,-0.9139743447303772,0.08098753988712004,0,2,0,
645,21,15,False,-0.9947997418359277,True,-0.9533741474151611,0.04142559442076654,0,2,0,
646,21,16,False,-0.9944899199025867,True,-0.8896270990371704,0.10486282086541632,0,2,0,
647,21,17,False,-0.993947561164041,True,-0.8514184355735779,0.14252912559046316,0,0,1,
648,21,18,False,-0.40895409370253977,False,-0.7552275061607361,0.3462734124581963,0,0,1,
649,21,19,False,-0.9281224013495981,True,-0.6250630617141724,0.30305933963542575,0,3,0,
650,21,20,False,-0.8368431361093588,False,-0.27944913506507874,0.55739400104428,0,3,0,
651,21,21,False,-0.5910609106658187,False,-0.16047337651252747,0.4305875341532912,0,3,0,
652,21,22,False,0.02675941209604474,False,0.05753857642412186,0.030779164328077115,0,3,0,
653,21,23,False,0.11653270364198673,False,0.07932061702013016,0.03721208662185657,0,0,1,
654,21,24,True,0.4069553408565288,False,0.1398715078830719,0.2670838329734569,1,1,1,0.7745966692414834
655,21,25,True,0.4115778144554178,False,0.3711138069629669,0.04046400749245088,1,1,1,0.9486832980505139
656,21,26,True,0.09053197793320503,False,0.2304362952709198,0.13990431733771477,3,3,1,0.9486832980505139
657,21,27,True,0.10065946808032436,False,0.24777206778526306,0.1471125997049387,3,2,0,0.39999999999999997
658,21,28,True,0.1673471812700191,False,0.28537872433662415,0.11803154306660504,0,0,1,0.9486832980505139
659,21,29,True,0.3187075904147622,False,0.522731602191925,0.20402401177716284,1,1,1,0.632455532033676
660,22,0,False,-0.9999999907050562,True,-2.200857639312744,1.200857648607688,0,0,1,
661,22,1,False,-0.9999197404198101,True,-1.7062393426895142,0.706319602269704,0,0,1,
662,22,2,False,-0.9999012147778883,True,-1.552839756011963,0.5529385412340746,0,3,0,
663,22,3,False,-0.9998992239098321,True,-2.100102424621582,1.10020320071175,0,2,0,
664,22,4,False,-0.9998920715397153,True,-1.4606080055236816,0.4607159339839664,0,3,0,
665,22,5,False,-0.9999801445761025,True,-1.8997308015823364,0.8997506570062339,0,2,0,
666,22,6,False,-0.9999983448245524,True,-1.9881565570831299,0.9881582122585775,0,2,0,
667,22,7,False,-0.9999996269251356,True,-1.950683355331421,0.9506837284062853,0,2,0,
668,22,8,False,-0.9999996355766828,True,-1.408931851387024,0.4089322158103411,0,0,1,
669,22,9,False,-0.9999990603403258,True,-1.3095234632492065,0.3095244029088807,0,3,0,
670,22,10,False,-0.9999989953471152,True,-1.3402843475341797,0.34028535218706446,0,0,1,
671,22,11,False,-0.9999990344849385,True,-1.7768363952636719,0.7768373607787333,0,0,1,
672,22,12,False,-0.9953285351892454,True,-1.5427842140197754,0.54745567883053,0,0,1,
673,22,13,False,-0.6420985015320531,False,-1.4734890460968018,0.8313905445647487,0,3,0,
674,22,14,False,-0.6181466094119211,False,-1.3209518194198608,0.7028052100079397,0,2,0,
675,22,15,False,-0.6085758628441864,False,-0.9396029710769653,0.3310271082327789,0,2,0,
676,22,16,False,-0.5754800393442798,False,-1.1248070001602173,0.5493269608159375,0,2,0,
677,22,17,False,-0.5353609131856012,False,-0.779863178730011,0.2445022655444098,0,2,0,
678,22,18,False,-0.4190804802999651,False,-0.6521346569061279,0.23305417660616284,0,0,1,
679,22,19,False,-0.9610029544824973,True,-0.4583861231803894,0.5026168313021079,0,3,0,
680,22,20,False,-0.9614849782553354,True,-0.7273591756820679,0.23412580257326754,0,2,0,
681,22,21,False,-0.7213436883858892,False,-0.3452039062976837,0.37613978208820553,0,1,0,
682,22,22,False,0.05054525301406388,False,-0.02860967069864273,0.0791549237127066,0,3,0,
683,22,23,True,0.138534109663883,False,0.07951641827821732,0.05901769138566568,2,2,1,0.7745966692414834
684,22,24,True,0.42395007190259154,False,0.2795379161834717,0.14441215571911986,3,3,1,0.9486832980505139
685,22,25,True,0.46363008856703525,False,0.4219438135623932,0.04168627500464206,1,2,0,0.7378647873726218
686,22,26,True,0.6142928189132256,False,0.2705661952495575,0.34372662366366813,1,1,1,0.7745966692414834
687,22,27,True,0.39005873826602416,False,0.5992260575294495,0.2091673192634253,1,1,1,1.0
688,22,28,True,0.3568815001882006,False,0.561565101146698,0.2046836009584974,2,2,1,1.0
689,22,29,True,0.3365609470067174,False,0.535399317741394,0.19883837073467664,2,2,1,0.632455532033676
690,23,0,False,-0.9999996255296015,True,-1.7021235227584839,0.7021238972288824,0,3,0,
691,23,1,False,-0.9999996107478742,True,-1.743593454360962,0.7435938436130877,0,2,0,
692,23,2,False,-0.9999994160063443,True,-2.3662002086639404,1.366200792657596,0,0,1,
693,23,3,False,-0.9999772627040474,True,-2.0624804496765137,1.0625031869724664,0,2,0,
694,23,4,False,-0.9999812562570858,True,-2.131574869155884,1.131593612898798,0,2,0,
695,23,5,False,-0.9999804137288807,True,-1.5692880153656006,0.5693076016367199,0,0,1,
696,23,6,False,-0.9999983278526839,True,-1.6318957805633545,0.6318974527106705,0,0,1,
697,23,7,False,-0.9999996108180645,True,-2.0095269680023193,1.009527357184255,0,0,1,
698,23,8,False,-0.9999988666385503,True,-1.9925897121429443,0.992590845504394,0,2,0,
699,23,9,False,-0.9999990107539078,True,-1.4341907501220703,0.43419173936816247,0,2,0,
700,23,10,False,-0.9999990293804606,True,-1.393523097038269,0.39352406765780845,0,2,0,
701,23,11,False,-0.9999990819832603,True,-1.3706997632980347,0.3707006813147744,0,0,1,
702,23,12,False,-0.9954553351386207,True,-1.5812957286834717,0.585840393544851,0,0,1,
703,23,13,False,-0.6456354110581239,False,-1.0588111877441406,0.4131757766860167,0,3,0,
704,23,14,False,-0.6415512903655195,False,-1.405679702758789,0.7641284123932696,0,0,1,
705,23,15,False,-0.9342398551612328,True,-1.0325249433517456,0.09828508819051285,0,3,0,
706,23,16,False,-0.9331357333616023,True,-0.842323362827301,0.09081237053430125,0,2,0,
707,23,17,False,-0.9447783514340671,True,-1.0878686904907227,0.14309033905665558,0,2,0,
708,23,18,False,-0.9468373738865927,True,-0.8298460245132446,0.1169913493733481,0,2,0,
709,23,19,False,-0.9508634713049732,True,-0.7478883862495422,0.20297508505543094,0,2,0,
710,23,20,False,-0.9615468882488694,True,-0.5774000883102417,0.38414679993862766,0,0,1,
711,23,21,False,-0.8098692884190226,False,-0.41502317786216736,0.39484611055685526,0,1,0,
712,23,22,True,0.32941278797126883,False,0.23058125376701355,0.09883153420425528,3,3,1,0.7745966692414834
713,23,23,True,0.425160992342733,False,0.34771761298179626,0.07744337936093676,3,3,1,0.632455532033676
714,23,24,True,0.47496731223382804,False,0.40576261281967163,0.06920469941415641,3,3,1,0.7999999999999999
715,23,25,True,0.6343171315506048,False,0.7180273532867432,0.0837102217361384,3,1,0,0.7378647873726218
716,23,26,True,0.6320058340608474,False,0.689583957195282,0.057578123134434556,1,2,0,0.39999999999999997
717,23,27,True,0.42665555930529475,False,0.6095518469810486,0.18289628767575383,1,1,1,0.632455532033676
718,23,28,True,0.17064257445384357,False,0.6510564088821411,0.48041383442829755,2,2,1,1.0
719,23,29,True,-0.1682184771377034,False,0.2517016530036926,0.41992013014139606,2,2,1,0.316227766016838
720,24,0,False,-0.9999994261777256,True,-2.436260938644409,1.4362615124666835,0,2,0,
721,24,1,False,-0.9999993773674041,True,-2.3205013275146484,1.3205019501472444,0,2,0,
722,24,2,False,-0.9999993745428554,True,-1.7808966636657715,0.7808972891229161,0,0,1,
723,24,3,False,-0.9999774557248959,True,-1.7929776906967163,0.7930002349718204,0,0,1,
724,24,4,False,-0.9999950535448869,True,-1.6191202402114868,0.6191251866665999,0,3,0,
725,24,5,False,-0.9999961334682457,True,-1.6429777145385742,0.6429815810703285,0,2,0,
726,24,6,False,-0.9999975615425787,True,-1.6110968589782715,0.6110992974356928,0,2,0,
727,24,7,False,-0.9999995326139319,True,-1.5770626068115234,0.5770630741975915,0,0,1,
728,24,8,False,-0.9999988652527966,True,-2.023355484008789,1.0233566187559924,0,0,1,
729,24,9,False,-0.9989692938647796,True,-2.052950143814087,1.0539808499493073,0,0,1,
730,24,10,False,-0.9984856091275902,True,-1.8576233386993408,0.8591377295717506,0,3,0,
731,24,11,False,-0.9983925375458742,True,-1.712110161781311,0.7137176242354368,0,2,0,
732,24,12,False,-0.9983111359514895,True,-1.206453800201416,0.20814266424992656,0,2,0,
733,24,13,False,-0.9983429893521341,True,-1.5706000328063965,0.5722570434542624,0,0,1,
734,24,14,False,-0.7937654933680203,False,-1.0700159072875977,0.2762504139195774,0,3,0,
735,24,15,False,-0.7995387163288301,False,-1.3899191617965698,0.5903804454677397,0,2,0,
736,24,16,False,-0.9178369408204996,True,-1.403894305229187,0.4860573644086874,0,3,0,
737,24,17,False,-0.9262508959464204,True,-0.8538132309913635,0.07243766495505688,0,2,0,
738,24,18,False,-0.9268140879974938,True,-1.0476804971694946,0.12086640917200087,0,2,0,
739,24,19,False,-0.9268313065081785,True,-1.0461201667785645,0.11928886027038599,0,2,0,
740,24,20,False,-0.9118463251165956,True,-0.8614587187767029,0.0503876063398927,0,3,0,
741,24,21,False,-0.906871164631976,True,-0.5613032579421997,0.3455679066897763,0,0,1,
742,24,22,True,0.0810365451949245,False,-0.4909948706626892,0.5720314158576137,3,3,1,0.7745966692414834
743,24,23,True,0.08614897024495514,False,-0.20489931106567383,0.291048281310629,2,2,1,0.7745966692414834
744,24,24,True,0.6390649694491789,False,0.0804876834154129,0.558577286033766,3,3,1,0.632455532033676
745,24,25,True,0.6636396690394989,False,0.6249843835830688,0.038655285456430044,3,3,1,0.39999999999999997
746,24,26,True,0.6854277451020211,False,0.690820038318634,0.005392293216612942,1,1,1,0.7999999999999999
747,24,27,True,0.4587127483882222,False,0.6338568925857544,0.17514414419753221,2,2,1,0.19999999999999998
748,24,28,True,-0.3838511921821352,False,-0.05306509882211685,0.33078609336001835,3,1,0,0.39999999999999997
749,24,29,True,-0.3295442681011119,False,0.21006453037261963,0.5396087984737316,0,2,0,-0.632455532033676
750,25,0,False,-0.9999993276642342,True,-2.33890962600708,1.3389102983428458,0,2,0,
751,25,1,False,-0.9999993145134116,True,-1.9083600044250488,0.9083606899116372,0,0,1,
752,25,2,False,-0.9999982750186097,True,-2.4241995811462402,1.4242013061276304,0,2,0,
753,25,3,False,-0.9999981982249531,True,-1.862066388130188,0.8620681899052349,0,2,0,
754,25,4,False,-0.9999980607115828,True,-1.8225951194763184,0.8225970587647355,0,2,0,
755,25,5,False,-0.9999974079600051,True,-1.7817368507385254,0.7817394427785203,0,2,0,
756,25,6,False,-0.9999957135052215,True,-2.1555933952331543,1.1555976817279328,0,2,0,
757,25,7,False,-0.9999948518262481,True,-1.822677731513977,0.8226828796877289,0,0,1,
758,25,8,False,-0.9999989232985321,True,-2.083592414855957,1.083593491557425,0,0,1,
759,25,9,False,-0.998555438688796,True,-1.8824883699417114,0.8839329312529154,0,3,0,
760,25,10,False,-0.9985034354146821,True,-1.5137420892715454,0.5152386538568633,0,0,1,
761,25,11,False,-0.9987861889667524,True,-1.3577897548675537,0.3590035659008013,0,3,0,
762,25,12,False,-0.9988118976839617,True,-1.7649873495101929,0.7661754518262311,0,2,0,
763,25,13,False,-0.9987974115846637,True,-1.2518247365951538,0.2530273250104901,0,2,0,
764,25,14,False,-0.9987850183752457,True,-1.6012696027755737,0.602484584400328,0,0,1,
765,25,15,False,-0.9084779810668514,True,-1.130146861076355,0.22166888000950358,0,3,0,
766,25,16,False,-0.9132710049168731,True,-1.3220990896224976,0.4088280847056245,0,0,1,
767,25,17,False,-0.9177978071157377,True,-1.2795614004135132,0.3617635932977755,0,3,0,
768,25,18,False,-0.9161453282755667,True,-0.9404189586639404,0.024273630388373713,0,3,0,
769,25,19,False,-0.9144965040709716,True,-0.8700011968612671,0.044495307209704515,0,3,0,
770,25,20,False,-0.9128626663172752,True,-0.7357117533683777,0.1771509129488975,0,0,1,
771,25,21,False,-0.9103489346033619,True,-0.648335337638855,0.2620135969645069,0,0,1,
772,25,22,False,0.05421025270409217,False,-0.8755161166191101,0.9297263693232023,0,3,0,
773,25,23,False,0.07271763422237441,False,-0.4921697974205017,0.5648874316428761,0,0,1,
774,25,24,False,-0.9999460354987204,True,-0.5319134593009949,0.46803257619772554,0,3,0,
775,25,25,False,-0.9998293822455334,True,-0.44148340821266174,0.5583459740328717,0,1,0,
776,25,26,True,0.729353633217853,False,0.7130699753761292,0.01628365784172381,1,1,1,0.316227766016838
777,25,27,True,-0.021041077502363902,False,0.18268051743507385,0.20372159493743774,0,0,1,0.316227766016838
778,25,28,True,-0.3983188955320804,False,-0.08137456327676773,0.31694433225531266,0,0,1,0.316227766016838
779,25,29,True,0.8539624492872334,False,0.9400618672370911,0.08609941794985765,1,1,1,0.7745966692414834
780,26,0,False,-0.9999993309621058,True,-2.406062126159668,1.4060627951975622,0,2,0,
781,26,1,False,-0.9999992879464563,True,-2.028564691543579,1.0285654035971228,0,2,0,
782,26,2,False,-0.9999984382551419,True,-2.416990280151367,1.4169918418962253,0,0,1,
783,26,3,False,-0.9999996610636797,True,-2.4528915882110596,1.45289192714738,0,2,0,
784,26,4,False,-0.9999995229565097,True,-1.9062743186950684,0.9062747957385586,0,2,0,
785,26,5,False,-0.9999991860428198,True,-1.9925838708877563,0.9925846848449366,0,0,1,
786,26,6,False,-0.9999964522216762,True,-1.713901162147522,0.7139047099258458,0,2,0,
787,26,7,False,-0.9999964971364586,True,-2.2721383571624756,1.272141860026017,0,0,1,
788,26,8,False,-0.9999989152539419,True,-2.143277406692505,1.143278491438563,0,0,1,
789,26,9,False,-0.9985710582830524,True,-1.7516247034072876,0.7530536451242352,0,0,1,
790,26,10,False,-0.9999990333210999,True,-2.109065532684326,1.1090664993632262,0,3,0,
791,26,11,False,-0.9999990522785143,True,-2.001127004623413,1.0011279523448988,0,0,1,
792,26,12,False,-0.998860502702794,True,-1.4288370609283447,0.4299765582255507,0,3,0,
793,26,13,False,-0.9988514240883637,True,-1.8362313508987427,0.837379926810379,0,0,1,
794,26,14,False,-0.9979230082062944,True,-1.660069465637207,0.6621464574309126,0,2,0,
795,26,15,False,-0.9974150112036728,True,-1.5954151153564453,0.5980001041527725,0,2,0,
796,26,16,False,-0.9948673135377053,True,-1.4612321853637695,0.46636487182606423,0,3,0,
797,26,17,False,-0.9954619453770045,True,-1.4457433223724365,0.450281376995432,0,2,0,
798,26,18,False,-0.9977904301880388,True,-0.9319941401481628,0.06579629003987597,0,2,0,
799,26,19,False,-0.9978539750412511,True,-1.1703910827636719,0.1725371077224208,0,3,0,
800,26,20,False,-0.9979825748340799,True,-1.0891934633255005,0.09121088849142056,0,0,1,
801,26,21,False,-0.9974743444303056,True,-0.47069451212882996,0.5267798323014756,0,1,0,
802,26,22,False,-0.9977862024054507,True,-0.4310046136379242,0.5667815887675265,0,3,0,
803,26,23,False,-0.998452477973276,True,-0.594983696937561,0.40346878103571493,0,3,0,
805,26,25,False,-0.9995332491819017,True,-0.24525365233421326,0.7542795968476884,0,2,0,
806,26,26,True,0.772213961035002,False,0.7689467072486877,0.003267253786314206,1,1,1,0.316227766016838
807,26,27,True,-0.4030068685059929,False,-0.2653336822986603,0.1376731862073326,3,3,1,0.316227766016838
808,26,28,True,-0.4068821123230685,False,-0.2263089418411255,0.180573170481943,0,0,1,0.39999999999999997
809,26,29,True,0.874405884389387,False,1.0565303564071655,0.18212447201777848,1,1,1,1.0
810,27,0,False,-0.999999321491666,True,-2.5847573280334473,1.5847580065417812,0,0,1,
811,27,1,False,-1.000000030238259,True,-2.6109824180603027,1.6109823878220437,0,3,0,
813,27,3,False,-0.9999997982969855,True,-2.3576927185058594,1.3576929202088739,0,2,0,
814,27,4,False,-0.9999996953719981,True,-2.0295536518096924,1.0295539564376943,0,2,0,
815,27,5,False,-0.9999994798593879,True,-1.9966422319412231,0.9966427520818353,0,2,0,
816,27,6,False,-0.999997891265161,True,-2.3343234062194824,1.3343255149543214,0,2,0,
817,27,7,False,-0.999996505395612,True,-2.2618234157562256,1.2618269103606137,0,0,1,
818,27,8,False,-0.9999990180119656,True,-2.1295623779296875,1.129563359917722,0,3,0,
819,27,9,False,-0.9999990946711428,True,-2.2152750492095947,1.215275954538452,0,2,0,
820,27,10,False,-0.9999990757190472,True,-1.6512479782104492,0.651248902491402,0,2,0,
821,27,11,False,-0.9999989253942032,True,-1.6092422008514404,0.6092432754572372,0,2,0,
822,27,12,False,-0.9999988902536939,True,-2.056305170059204,1.05630627980551,0,0,1,
823,27,13,False,-0.9980889650981013,True,-1.5666706562042236,0.5685816911061223,0,3,0,
824,27,14,False,-0.9979419480533311,True,-1.5405621528625488,0.5426202048092177,0,2,0,
825,27,15,False,-0.9978380996479514,True,-1.7836557626724243,0.7858176630244729,0,2,0,
826,27,16,False,-0.9971653576682585,True,-1.6645618677139282,0.6673965100456697,0,0,1,
827,27,17,False,-0.999805714285625,True,-1.7055045366287231,0.7056988223430981,0,3,0,
828,27,18,False,-0.9998016831368814,True,-0.9480106830596924,0.051791000077189064,0,3,0,
829,27,19,False,-0.9997650581257154,True,-1.0520581007003784,0.05229304257466305,0,3,0,
830,27,20,False,-0.9996330097354481,True,-0.9378224611282349,0.061810548607213245,0,0,1,
831,27,21,False,-0.9998467282817061,True,-0.2681858539581299,0.7316608743235762,0,1,0,
833,27,23,False,-0.8433992703429158,False,0.08157061785459518,0.924969888197511,0,1,0,
834,27,24,False,-0.9205509497030127,True,0.13042086362838745,1.0509718133314,0,3,0,
835,27,25,False,-0.9903598836696811,True,-0.5580255389213562,0.4323343447483249,0,0,1,
836,27,26,True,0.8199388299189645,False,0.771216630935669,0.04872219898329555,3,3,1,0.9486832980505139
837,27,27,True,0.8414069113102127,False,0.77266925573349,0.06873765557672273,3,3,1,0.7999999999999999
838,27,28,True,0.8688289741752693,False,0.8744598031044006,0.00563082892913136,3,3,1,0.7999999999999999
839,27,29,True,0.8960410412538379,False,0.8601918816566467,0.03584915959719115,1,1,1,0.19999999999999998
840,28,0,False,-0.9999993149704728,True,-2.652712106704712,1.6527127917342392,0,0,1,
841,28,1,False,-1.000000070954869,True,-2.239745855331421,1.2397457843765518,0,0,1,
842,28,2,False,-0.999999942497305,True,-2.6625044345855713,1.6625044920882663,0,3,0,
843,28,3,False,-0.9999998845287323,True,-2.5226075649261475,1.5226076803974151,0,0,1,
844,28,4,False,-0.9999980331957725,True,-2.5989792346954346,1.598981201499662,0,2,0,
845,28,5,False,-0.999998055344302,True,-2.0960757732391357,1.0960777178948338,0,2,0,
846,28,6,False,-0.9999980178016493,True,-2.4027585983276367,1.4027605805259875,0,0,1,
847,28,7,False,-0.9999965763546084,True,-2.3512039184570312,1.3512073421024229,0,0,1,
848,28,8,False,-0.9999989532697522,True,-1.8626660108566284,0.8626670575868762,0,3,0,
849,28,9,False,-0.9999989146562961,True,-2.262174129486084,1.2621752148297878,0,0,1,
850,28,10,False,-0.9999972209572477,True,-2.477893114089966,1.4778958931327182,0,3,0,
851,28,11,False,-0.9999972466675529,True,-2.292836904525757,1.292839657858204,0,0,1,
852,28,12,False,-0.9999981586621454,True,-1.7490413188934326,0.7490431602312873,0,3,0,
853,28,13,False,-0.999998043721978,True,-2.0326106548309326,1.0326126111089546,0,2,0,
854,28,14,False,-0.9999976953582983,True,-2.0054264068603516,1.0054287115020533,0,3,0,
855,28,15,False,-0.9999954704789858,True,-2.0835299491882324,1.0835344787092467,0,0,1,
856,28,16,False,-0.9980136910041812,True,-1.6442890167236328,0.6462753257194516,0,3,0,
857,28,17,False,-0.9980866987051502,True,-1.931375503540039,0.9332888048348889,0,0,1,
858,28,18,False,-0.999864516310928,True,-1.598140001296997,0.5982754849860691,0,3,0,
859,28,19,False,-0.9998656509581836,True,-1.6967759132385254,0.6969102622803418,0,0,1,
860,28,20,False,-0.9998965312358536,True,-1.2497260570526123,0.24982952581675866,0,3,0,
861,28,21,False,-0.9999029838845358,True,-0.491254597902298,0.5086483859822378,0,0,1,
862,28,22,False,-0.9999041539535671,True,-0.6168301701545715,0.3830739837989956,0,0,1,
863,28,23,False,-0.12346620065352967,False,0.19446003437042236,0.317926235023952,0,1,0,
864,28,24,False,-0.8198036401945005,False,0.208764910697937,1.0285685508924374,0,1,0,
866,28,26,False,-0.7120633866612072,False,0.33179858326911926,1.0438619699303264,0,1,0,
867,28,27,False,0.14981032286581075,False,0.8083170056343079,0.6585066827684971,0,3,0,
868,28,28,False,0.5329598203234182,False,0.6459503769874573,0.11299055666403912,0,1,0,
869,28,29,True,0.9931496771071442,False,0.9827682375907898,0.010381439516354396,1,1,1,0.632455532033676
870,29,0,False,-0.9999992832500124,True,-2.19396710395813,1.1939678207081175,0,3,0,
871,29,1,False,-0.9999993002524562,True,-2.2960779666900635,1.2960786664376074,0,2,0,
872,29,2,False,-0.9999999848206036,True,-2.218114137649536,1.2181141528289325,0,0,1,
873,29,3,False,-0.9999990561238985,True,-2.0982563495635986,1.0982572934397001,0,2,0,
874,29,4,False,-0.9999981191065282,True,-2.1552248001098633,1.155226681003335,0,0,1,
875,29,5,False,-0.9999981451205475,True,-2.2141191959381104,1.2141210508175628,0,2,0,
876,29,6,False,-0.9999979596701228,True,-2.0884759426116943,1.0884779829415714,0,0,1,
877,29,7,False,-0.9999967363660854,True,-2.0726473331451416,1.0726505967790563,0,3,0,
878,29,8,False,-0.9999967750215762,True,-2.3695082664489746,1.3695114914273985,0,2,0,
879,29,9,False,-0.9999969714058301,True,-2.061272382736206,1.061275411330376,0,2,0,
880,29,10,False,-0.9999970662706623,True,-2.048919439315796,1.0489223730451336,0,2,0,
881,29,11,False,-0.9999969920640714,True,-2.035978078842163,1.0359810867780916,0,2,0,
882,29,12,False,-0.9999968532066175,True,-2.326948881149292,1.3269520279426745,0,2,0,
883,29,13,False,-0.9999952363163849,True,-2.2898247241973877,1.2898294878810028,0,2,0,
884,29,14,False,-0.9999844002577251,True,-2.235488176345825,1.2355037760881,0,2,0,
885,29,15,False,-0.9999181283174106,True,-1.9339271783828735,0.934009050065463,0,2,0,
886,29,16,False,-0.9998921922961017,True,-2.0568647384643555,1.0569725461682538,0,2,0,
887,29,17,False,-0.999756365192217,True,-1.8085720539093018,0.8088156887170848,0,3,0,
888,29,18,False,-0.9997793197713419,True,-1.736321210861206,0.7365418910898641,0,3,0,
889,29,19,False,-0.9998537807488113,True,-1.5779547691345215,0.5781009883857102,0,0,1,
890,29,20,False,-0.9998621948480682,True,-1.22623610496521,0.2263739101171418,0,3,0,
891,29,21,False,-0.9998781022870272,True,-0.9322342872619629,0.06764381502506434,0,3,0,
892,29,22,False,-0.9999043748210429,True,-1.2714183330535889,0.271513958232546,0,0,1,
893,29,23,False,-0.06464043899630681,False,0.16021761298179626,0.22485805197810307,0,3,0,
894,29,24,False,-0.052620127536047605,False,0.3045007288455963,0.3571208563816439,0,3,0,
895,29,25,False,-0.01803585239870103,False,0.4090728461742401,0.42710869857294115,0,3,0,
896,29,26,False,0.0015060228411695542,False,0.5629293322563171,0.5614233094151476,0,3,0,
897,29,27,False,0.03562401564264683,False,0.6323618292808533,0.5967378136382064,0,0,1,
898,29,28,False,0.9856566107489839,False,1.075729250907898,0.09007264015891403,0,3,0,
