epoch,state,pi_d_star_action,argmax_action,agrees,prob_pi_d_star_action
0,71,1,0,0,0.07496721297502518
0,129,1,1,1,0.6045437455177307
0,157,2,3,0,0.002797650871798396
0,158,2,3,0,0.0029183481819927692
0,159,3,3,1,0.9972678422927856
0,183,0,3,0,0.0005703351926058531
0,192,1,1,1,0.5850491523742676
0,197,1,3,0,0.15743699669837952
0,221,1,3,0,0.16409987211227417
0,233,1,3,0,0.4086812734603882
0,256,1,0,0,0.04651963338255882
0,282,3,3,1,0.9987150430679321
0,286,1,0,0,0.03414580225944519
0,308,0,0,1,0.5620410442352295
0,310,3,1,0,0.46224212646484375
0,311,3,3,1,0.5614244937896729
0,312,1,2,0,0.31091272830963135
0,316,1,0,0,0.025378528982400894
0,320,3,3,1,0.9572203159332275
0,321,2,1,0,0.007973270490765572
0,342,1,0,0,0.010925875045359135
0,344,1,3,0,0.38664570450782776
0,372,3,3,1,0.9986991882324219
0,373,1,2,0,0.2072306126356125
0,374,3,3,1,0.9983062744140625
0,379,3,3,1,0.7174685597419739
0,382,2,1,0,0.05237285792827606
0,386,1,3,0,0.18635191023349762
0,387,2,3,0,0.008636047132313251
0,409,3,3,1,0.9868600964546204
0,445,3,1,0,0.2399992048740387
0,657,3,2,0,0.2712858021259308
0,685,1,2,0,0.256734162569046
0,716,1,2,0,0.2964653968811035
0,748,3,1,0,0.2947618365287781
0,749,0,2,0,0.2726009786128998
5,71,1,0,0,0.01112054381519556
5,129,1,3,0,0.44487839937210083
5,157,2,3,0,0.0008175112307071686
5,158,2,3,0,0.0008943036082200706
5,159,3,3,1,0.9981800317764282
5,183,0,3,0,0.00033621577313169837
5,192,1,1,1,0.6186715364456177
5,197,1,3,0,0.026539631187915802
5,221,1,3,0,0.03606368601322174
5,233,1,3,0,0.3598954975605011
5,256,1,0,0,0.035281408578157425
5,282,3,3,1,0.999705970287323
5,286,1,0,0,0.03015269711613655
5,308,0,0,1,0.5985799431800842
5,310,3,3,1,0.5980674028396606
5,311,3,1,0,0.4804380238056183
5,312,1,2,0,0.2850557863712311
5,316,1,0,0,0.02596789225935936
5,320,3,3,1,0.8923530578613281
5,321,2,1,0,0.004282964393496513
5,342,1,0,0,0.007294178940355778
5,344,1,3,0,0.14240968227386475
5,372,3,3,1,0.9998257756233215
5,373,1,2,0,0.045507654547691345
5,374,3,3,1,0.9997598528862
5,379,3,3,1,0.7658284902572632
5,382,2,1,0,0.20374637842178345
5,386,1,3,0,0.05528002977371216
5,387,2,3,0,0.0009847830515354872
5,409,3,3,1,0.9981728792190552
5,445,3,1,0,0.11217831820249557
5,657,3,2,0,0.2642607092857361
5,685,1,2,0,0.062329020351171494
5,716,1,2,0,0.11519049853086472
5,748,3,1,0,0.38704580068588257
5,749,0,0,1,0.5178477764129639
10,71,1,0,0,0.009606602601706982
10,129,1,3,0,0.30575859546661377
10,157,2,3,0,0.0002767439291346818
10,158,2,3,0,0.00028834567638114095
10,159,3,3,1,0.9980096220970154
10,183,0,3,0,0.00020836605108343065
10,192,1,1,1,0.5228670835494995
10,197,1,3,0,0.011601407080888748
10,221,1,3,0,0.017448972910642624
10,233,1,3,0,0.26898080110549927
10,256,1,0,0,0.03230675682425499
10,282,3,3,1,0.9997463822364807
10,286,1,0,0,0.029977796599268913
10,308,0,2,0,0.49169015884399414
10,310,3,3,1,0.7108076810836792
10,311,3,1,0,0.4453214704990387
10,312,1,2,0,0.29095664620399475
10,316,1,0,0,0.027658050879836082
10,320,3,3,1,0.7548214793205261
10,321,2,1,0,0.0015987299848347902
10,342,1,0,0,0.009399430826306343
10,344,1,3,0,0.05368393659591675
10,372,3,3,1,0.9998657703399658
10,373,1,2,0,0.02696719393134117
10,374,3,3,1,0.9998370409011841
10,379,3,3,1,0.8114007115364075
10,382,2,1,0,0.23247039318084717
10,386,1,3,0,0.020175796002149582
10,387,2,3,0,0.00042470553307794034
10,409,3,3,1,0.9987331032752991
10,445,3,1,0,0.1996745467185974
10,657,3,2,0,0.24360235035419464
10,685,1,2,0,0.08185911923646927
10,716,1,2,0,0.1696942150592804
10,748,3,1,0,0.4555166959762573
10,749,0,2,0,0.4743105471134186
15,71,1,0,0,0.019308358430862427
15,129,1,3,0,0.29304349422454834
15,157,2,3,0,0.0015990936663001776
15,158,2,3,0,0.0017135218949988484
15,159,3,3,1,0.9969242215156555
15,183,0,3,0,0.0004044798552058637
15,192,1,3,0,0.49058398604393005
15,197,1,3,0,0.006000353954732418
15,221,1,3,0,0.007422104477882385
15,233,1,3,0,0.32550811767578125
15,256,1,0,0,0.03352972865104675
15,282,3,3,1,0.9996102452278137
15,286,1,0,0,0.032136220484972
15,308,0,2,0,0.428387850522995
15,310,3,3,1,0.7599223256111145
15,311,3,1,0,0.4628183841705322
15,312,1,2,0,0.1406492441892624
15,316,1,0,0,0.030322330072522163
15,320,3,3,1,0.6379044651985168
15,321,2,1,0,0.001889824983663857
15,342,1,0,0,0.011478068307042122
15,344,1,3,0,0.026992550119757652
15,372,3,3,1,0.9997962117195129
15,373,1,2,0,0.015343503095209599
15,374,3,3,1,0.9997591376304626
15,379,3,3,1,0.7730367183685303
15,382,2,1,0,0.3094158172607422
15,386,1,3,0,0.01354528684169054
15,387,2,3,0,0.001619707909412682
15,409,3,3,1,0.9966711401939392
15,445,3,1,0,0.16774767637252808
15,657,3,2,0,0.24342748522758484
15,685,1,2,0,0.0735139474272728
15,716,1,2,0,0.16352921724319458
15,748,3,3,1,0.5130129456520081
15,749,0,2,0,0.4629444181919098
20,71,1,0,0,0.04282572492957115
20,129,1,3,0,0.28483912348747253
20,157,2,3,0,0.002136614639312029
20,158,2,3,0,0.0022615876514464617
20,159,3,3,1,0.9945763349533081
20,183,0,3,0,0.0007928214618004858
20,192,1,3,0,0.4596613645553589
20,197,1,3,0,0.0066848257556557655
20,221,1,3,0,0.0094697130843997
20,233,1,3,0,0.3712059259414673
20,256,1,0,0,0.03224600479006767
20,282,3,3,1,0.999506950378418
20,286,1,0,0,0.03178398683667183
20,308,0,2,0,0.46589747071266174
20,310,3,3,1,0.7949472069740295
20,311,3,3,1,0.5346533060073853
20,312,1,2,0,0.35939306020736694
20,316,1,0,0,0.03055677004158497
20,320,3,3,1,0.5965979695320129
20,321,2,1,0,0.0027456101961433887
20,342,1,0,0,0.01055574044585228
20,344,1,3,0,0.018122222274541855
20,372,3,3,1,0.9997146725654602
20,373,1,2,0,0.035998690873384476
20,374,3,3,1,0.9997262358665466
20,379,3,1,0,0.3782303035259247
20,382,2,1,0,0.29974186420440674
20,386,1,3,0,0.007303284946829081
20,387,2,3,0,0.0009575563599355519
20,409,3,3,1,0.9966244697570801
20,445,3,1,0,0.24624086916446686
20,657,3,2,0,0.30879610776901245
20,685,1,2,0,0.03393646702170372
20,716,1,2,0,0.08301476389169693
20,748,3,1,0,0.4721700847148895
20,749,0,2,0,0.4653684198856354
25,71,1,0,0,0.19484835863113403
25,129,1,3,0,0.3207835853099823
25,157,2,3,0,0.012738977558910847
25,158,2,3,0,0.010638395324349403
25,159,3,3,1,0.9826213717460632
25,183,0,3,0,0.008937149308621883
25,192,1,3,0,0.46667078137397766
25,197,1,3,0,0.008601206354796886
25,221,1,3,0,0.011092642322182655
25,233,1,3,0,0.3591866195201874
25,256,1,0,0,0.03490843623876572
25,282,3,3,1,0.9986540079116821
25,286,1,0,0,0.03631738945841789
25,308,0,0,1,0.5017128586769104
25,310,3,3,1,0.746086835861206
25,311,3,3,1,0.6262941956520081
25,312,1,2,0,0.22101694345474243
25,316,1,0,0,0.03598656505346298
25,320,3,3,1,0.5273489952087402
25,321,2,1,0,0.005108399782329798
25,342,1,0,0,0.012107642367482185
25,344,1,3,0,0.015165288932621479
25,372,3,3,1,0.9988906979560852
25,373,1,2,0,0.015466052107512951
25,374,3,3,1,0.9992653727531433
25,379,3,3,1,0.5652188658714294
25,382,2,1,0,0.324385404586792
25,386,1,3,0,0.0038016538601368666
25,387,2,3,0,0.0009761307155713439
25,409,3,3,1,0.9936544895172119
25,445,3,1,0,0.24710094928741455
25,657,3,2,0,0.2645021975040436
25,685,1,2,0,0.03353412076830864
25,716,1,2,0,0.09264636784791946
25,748,3,1,0,0.41136547923088074
25,749,0,0,1,0.5221074819564819
30,71,1,0,0,0.306958943605423
30,129,1,3,0,0.2949294447898865
30,157,2,3,0,0.015886008739471436
30,158,2,3,0,0.013367114588618279
30,159,3,3,1,0.625869631767273
30,183,0,0,1,0.5237903594970703
30,192,1,3,0,0.43451952934265137
30,197,1,3,0,0.008720326237380505
30,221,1,3,0,0.009080450981855392
30,233,1,3,0,0.3169058859348297
30,256,1,0,0,0.03325432911515236
30,282,3,3,1,0.9785977005958557
30,286,1,0,0,0.03715907782316208
30,308,0,0,1,0.5155491828918457
30,310,3,3,1,0.7691487669944763
30,311,3,3,1,0.6852923035621643
30,312,1,2,0,0.16168034076690674
30,316,1,0,0,0.03760157898068428
30,320,3,3,1,0.6145811080932617
30,321,2,1,0,0.0052635157480835915
30,342,1,0,0,0.00810744147747755
30,344,1,3,0,0.011291993781924248
30,372,3,3,1,0.9685483574867249
30,373,1,2,0,0.008235057815909386
30,374,3,3,1,0.9967361092567444
30,379,3,1,0,0.49210330843925476
30,382,2,1,0,0.31434714794158936
30,386,1,3,0,0.0034673947375267744
30,387,2,3,0,0.0010007960954681039
30,409,3,3,1,0.9908083081245422
30,445,3,1,0,0.32527121901512146
30,657,3,2,0,0.31665873527526855
30,685,1,2,0,0.025229601189494133
30,716,1,2,0,0.0693705752491951
30,748,3,3,1,0.5206823348999023
30,749,0,2,0,0.4661318361759186
35,71,1,0,0,0.33633115887641907
35,129,1,3,0,0.3243654668331146
35,157,2,3,0,0.014931777492165565
35,158,2,3,0,0.013373240828514099
35,159,3,3,1,0.48280635476112366
35,183,0,0,1,0.7316509485244751
35,192,1,3,0,0.4353259801864624
35,197,1,3,0,0.012246418744325638
35,221,1,3,0,0.013954203575849533
35,233,1,3,0,0.31541064381599426
35,256,1,0,0,0.0362689308822155
35,282,3,3,1,0.6878488659858704
35,286,1,0,0,0.04080357402563095
35,308,0,0,1,0.5015530586242676
35,310,3,3,1,0.7703726887702942
35,311,3,1,0,0.44537031650543213
35,312,1,2,0,0.16012200713157654
35,316,1,0,0,0.040102507919073105
35,320,3,3,1,0.5598766803741455
35,321,2,1,0,0.006456699222326279
35,342,1,0,0,0.00627864059060812
35,344,1,3,0,0.009943559765815735
35,372,3,0,0,0.45166143774986267
35,373,1,2,0,0.009807943366467953
35,374,3,3,1,0.9497318267822266
35,379,3,1,0,0.3394556939601898
35,382,2,1,0,0.3742063641548157
35,386,1,3,0,0.003156104125082493
35,387,2,3,0,0.0016865278594195843
35,409,3,3,1,0.9739806652069092
35,445,3,1,0,0.3417052626609802
35,657,3,2,0,0.3123653829097748
35,685,1,2,0,0.040356628596782684
35,716,1,2,0,0.10894125699996948
35,748,3,3,1,0.5380675196647644
35,749,0,0,1,0.5003389120101929
40,71,1,0,0,0.3229076564311981
40,129,1,3,0,0.34762492775917053
40,157,2,3,0,0.012175488285720348
40,158,2,3,0,0.011084334924817085
40,159,3,3,1,0.46462777256965637
40,183,0,0,1,0.6867957711219788
40,192,1,3,0,0.4613766372203827
40,197,1,3,0,0.015209691599011421
40,221,1,3,0,0.01485584769397974
40,233,1,3,0,0.34629106521606445
40,256,1,0,0,0.037724245339632034
40,282,3,3,1,0.6778735518455505
40,286,1,0,0,0.04471629858016968
40,308,0,2,0,0.49497783184051514
40,310,3,3,1,0.7478827834129333
40,311,3,3,1,0.5904204845428467
40,312,1,2,0,0.11337503790855408
40,316,1,0,0,0.044644054025411606
40,320,3,3,1,0.5477607250213623
40,321,2,1,0,0.011483760550618172
40,342,1,0,0,0.0058511788956820965
40,344,1,3,0,0.011070499196648598
40,372,3,0,0,0.40462806820869446
40,373,1,2,0,0.006178663577884436
40,374,3,3,1,0.9442489147186279
40,379,3,1,0,0.45695605874061584
40,382,2,1,0,0.36264944076538086
40,386,1,3,0,0.003574653761461377
40,387,2,3,0,0.0022978875786066055
40,409,3,3,1,0.9581199288368225
40,445,3,1,0,0.3184543251991272
40,657,3,2,0,0.32291755080223083
40,685,1,2,0,0.02008099853992462
40,716,1,2,0,0.05497238412499428
40,748,3,1,0,0.4959944188594818
40,749,0,0,1,0.5127382874488831
45,71,1,0,0,0.3576008081436157
45,129,1,3,0,0.3131805658340454
45,157,2,3,0,0.006557278800755739
45,158,2,3,0,0.006163341458886862
45,159,3,3,1,0.454765647649765
45,183,0,0,1,0.563995897769928
45,192,1,3,0,0.43316787481307983
45,197,1,3,0,0.015181905589997768
45,221,1,3,0,0.01656211167573929
45,233,1,3,0,0.35655662417411804
45,256,1,0,0,0.03353484347462654
45,282,3,3,1,0.6932230591773987
45,286,1,0,0,0.040681589394807816
45,308,0,0,1,0.5391148924827576
45,310,3,3,1,0.7441998720169067
45,311,3,3,1,0.6253140568733215
45,312,1,2,0,0.14421354234218597
45,316,1,0,0,0.04119648039340973
45,320,3,3,1,0.6132261157035828
45,321,2,1,0,0.0053227306343615055
45,342,1,0,0,0.0050155846402049065
45,344,1,3,0,0.009896005503833294
45,372,3,0,0,0.4619627594947815
45,373,1,2,0,0.007157749496400356
45,374,3,3,1,0.9523252844810486
45,379,3,1,0,0.338853657245636
45,382,2,1,0,0.2896468937397003
45,386,1,3,0,0.005733556114137173
45,387,2,3,0,0.0025102144572883844
45,409,3,3,1,0.962810218334198
45,445,3,1,0,0.3130021393299103
45,657,3,2,0,0.2597620487213135
45,685,1,2,0,0.053705137223005295
45,716,1,2,0,0.10875587165355682
45,748,3,1,0,0.3933638334274292
45,749,0,2,0,0.47010359168052673
50,71,1,0,0,0.34515902400016785
50,129,1,3,0,0.3212736248970032
50,157,2,3,0,0.004459083545953035
50,158,2,3,0,0.0044420803897082806
50,159,3,2,0,0.37968382239341736
50,183,0,3,0,0.4891482889652252
50,192,1,3,0,0.4147765338420868
50,197,1,3,0,0.019804533571004868
50,221,1,3,0,0.017472771927714348
50,233,1,3,0,0.3455977141857147
50,256,1,0,0,0.03362800180912018
50,282,3,3,1,0.6634842753410339
50,286,1,0,0,0.04402116686105728
50,308,0,0,1,0.5651836395263672
50,310,3,3,1,0.7424476146697998
50,311,3,3,1,0.6362816691398621
50,312,1,2,0,0.2261783629655838
50,316,1,0,0,0.04798315837979317
50,320,3,3,1,0.6140351295471191
50,321,2,1,0,0.007031864020973444
50,342,1,0,0,0.005459918174892664
50,344,1,3,0,0.007030672859400511
50,372,3,0,0,0.4471175968647003
50,373,1,2,0,0.009820261038839817
50,374,3,3,1,0.9507169127464294
50,379,3,3,1,0.7320033311843872
50,382,2,1,0,0.2962343990802765
50,386,1,3,0,0.005253998562693596
50,387,2,3,0,0.0033846369478851557
50,409,3,3,1,0.9546334743499756
50,445,3,1,0,0.28128349781036377
50,657,3,2,0,0.3340594172477722
50,685,1,2,0,0.07820215076208115
50,716,1,2,0,0.14078877866268158
50,748,3,1,0,0.437917023897171
50,749,0,2,0,0.4870590269565582
55,71,1,0,0,0.33328473567962646
55,129,1,3,0,0.3199270963668823
55,157,2,3,0,0.003903741016983986
55,158,2,3,0,0.003911081701517105
55,159,3,2,0,0.36251014471054077
55,183,0,3,0,0.41556665301322937
55,192,1,3,0,0.4344651997089386
55,197,1,3,0,0.050615545362234116
55,221,1,3,0,0.039555009454488754
55,233,1,3,0,0.38520246744155884
55,256,1,0,0,0.035173241049051285
55,282,3,3,1,0.6307113766670227
55,286,1,0,0,0.04192553460597992
55,308,0,0,1,0.650532603263855
55,310,3,3,1,0.6981256008148193
55,311,3,1,0,0.41824400424957275
55,312,1,2,0,0.12392835319042206
55,316,1,0,0,0.045032206922769547
55,320,3,3,1,0.6459720134735107
55,321,2,1,0,0.008507896214723587
55,342,1,0,0,0.0057750665582716465
55,344,1,3,0,0.009664708748459816
55,372,3,0,0,0.35115185379981995
55,373,1,2,0,0.006166418548673391
55,374,3,3,1,0.9145737886428833
55,379,3,1,0,0.36633944511413574
55,382,2,1,0,0.33632010221481323
55,386,1,3,0,0.006068426184356213
55,387,2,3,0,0.0034175682812929153
55,409,3,3,1,0.9552215933799744
55,445,3,1,0,0.2886711657047272
55,657,3,2,0,0.3493729531764984
55,685,1,2,0,0.044307220727205276
55,716,1,2,0,0.07744607329368591
55,748,3,1,0,0.4923662841320038
55,749,0,2,0,0.4897923469543457
60,71,1,0,0,0.36019644141197205
60,129,1,3,0,0.31228137016296387
60,157,2,3,0,0.002038586186245084
60,158,2,3,0,0.0022320628631860018
60,159,3,2,0,0.32766953110694885
60,183,0,3,0,0.4852967858314514
60,192,1,3,0,0.42083990573883057
60,197,1,3,0,0.05793503299355507
60,221,1,3,0,0.0478452630341053
60,233,1,3,0,0.42154520750045776
60,256,1,0,0,0.040471140295267105
60,282,3,3,1,0.6773477792739868
60,286,1,0,0,0.05301336571574211
60,308,0,0,1,0.6473780274391174
60,310,3,3,1,0.7406156063079834
60,311,3,3,1,0.5896785855293274
60,312,1,2,0,0.20856493711471558
60,316,1,0,0,0.05943942815065384
60,320,3,3,1,0.6366888284683228
60,321,2,1,0,0.005127390846610069
60,342,1,0,0,0.005939527880400419
60,344,1,3,0,0.009637690149247646
60,372,3,0,0,0.28084754943847656
60,373,1,2,0,0.012968973256647587
60,374,3,3,1,0.9018067121505737
60,379,3,3,1,0.5224310159683228
60,382,2,1,0,0.26345086097717285
60,386,1,3,0,0.006533334963023663
60,387,2,3,0,0.0046976590529084206
60,409,3,3,1,0.9531435966491699
60,445,3,1,0,0.23906834423542023
60,657,3,2,0,0.3294092118740082
60,685,1,2,0,0.09918990731239319
60,716,1,2,0,0.1271228790283203
60,748,3,1,0,0.4816872179508209
60,749,0,2,0,0.4501638114452362
65,71,1,0,0,0.3391295373439789
65,129,1,3,0,0.33306819200515747
65,157,2,3,0,0.002229760866612196
65,158,2,3,0,0.002414081245660782
65,159,3,2,0,0.2947366535663605
65,183,0,3,0,0.4197531044483185
65,192,1,3,0,0.44689813256263733
65,197,1,3,0,0.06742636859416962
65,221,1,3,0,0.03955911099910736
65,233,1,3,0,0.39936530590057373
65,256,1,0,0,0.03740670531988144
65,282,3,3,1,0.6589088439941406
65,286,1,0,0,0.045553579926490784
65,308,0,0,1,0.6444405317306519
65,310,3,3,1,0.7010793089866638
65,311,3,3,1,0.6076765656471252
65,312,1,2,0,0.19646993279457092
65,316,1,0,0,0.04925920441746712
65,320,3,3,1,0.6171823740005493
65,321,2,1,0,0.006506266538053751
65,342,1,0,0,0.0034623558167368174
65,344,1,3,0,0.011695080436766148
65,372,3,0,0,0.3056507408618927
65,373,1,2,0,0.01193902175873518
65,374,3,3,1,0.8764762878417969
65,379,3,3,1,0.5001099705696106
65,382,2,1,0,0.32475030422210693
65,386,1,3,0,0.006717326119542122
65,387,2,3,0,0.006539377849549055
65,409,3,3,1,0.9163486361503601
65,445,3,1,0,0.2815656363964081
65,657,3,2,0,0.31264299154281616
65,685,1,2,0,0.12123841047286987
65,716,1,2,0,0.12568847835063934
65,748,3,1,0,0.4983285963535309
65,749,0,0,1,0.5240715146064758
70,71,1,0,0,0.4285709857940674
70,129,1,3,0,0.3243035078048706
70,157,2,3,0,0.00256272591650486
70,158,2,3,0,0.0026337122544646263
70,159,3,2,0,0.26620179414749146
70,183,0,3,0,0.4059881865978241
70,192,1,3,0,0.41347959637641907
70,197,1,3,0,0.08460210263729095
70,221,1,3,0,0.04817892611026764
70,233,1,3,0,0.4146191477775574
70,256,1,0,0,0.047182317823171616
70,282,3,3,1,0.6431231498718262
70,286,1,0,0,0.05709034577012062
70,308,0,0,1,0.6476196050643921
70,310,3,3,1,0.6702735424041748
70,311,3,1,0,0.44076040387153625
70,312,1,2,0,0.10939652472734451
70,316,1,0,0,0.06239320710301399
70,320,3,3,1,0.6758044958114624
70,321,2,1,0,0.005994908511638641
70,342,1,0,0,0.003192432224750519
70,344,1,3,0,0.011755922809243202
70,372,3,0,0,0.3067113161087036
70,373,1,2,0,0.00783692765980959
70,374,3,3,1,0.8709858655929565
70,379,3,3,1,0.5259156227111816
70,382,2,1,0,0.34542715549468994
70,386,1,3,0,0.0068992371670901775
70,387,2,3,0,0.006087999790906906
70,409,3,3,1,0.9024717211723328
70,445,3,1,0,0.25302499532699585
70,657,3,2,0,0.3512100577354431
70,685,1,2,0,0.13190598785877228
70,716,1,2,0,0.11934993416070938
70,748,3,3,1,0.5018630027770996
70,749,0,2,0,0.46769464015960693
75,71,1,0,0,0.27513158321380615
75,129,1,3,0,0.38538655638694763
75,157,2,3,0,0.0035360027104616165
75,158,2,3,0,0.003347044112160802
75,159,3,2,0,0.1820792257785797
75,183,0,3,0,0.4261344373226166
75,192,1,3,0,0.4293312430381775
75,197,1,3,0,0.0625060647726059
75,221,1,3,0,0.0316508412361145
75,233,1,3,0,0.47939786314964294
75,256,1,0,0,0.03514070063829422
75,282,3,3,1,0.6064893007278442
75,286,1,0,0,0.042948752641677856
75,308,0,0,1,0.6457543969154358
75,310,3,3,1,0.5882721543312073
75,311,3,3,1,0.5291142463684082
75,312,1,2,0,0.16286417841911316
75,316,1,0,0,0.047849126160144806
75,320,3,3,1,0.6092236638069153
75,321,2,1,0,0.007922276854515076
75,342,1,0,0,0.0024609791580587626
75,344,1,3,0,0.00971954595297575
75,372,3,0,0,0.24244430661201477
75,373,1,2,0,0.013166246935725212
75,374,3,3,1,0.8095512390136719
75,379,3,3,1,0.5226953625679016
75,382,2,1,0,0.3113756775856018
75,386,1,3,0,0.008011376485228539
75,387,2,3,0,0.008030827157199383
75,409,3,3,1,0.8679742813110352
75,445,3,1,0,0.1706864833831787
75,657,3,2,0,0.33423036336898804
75,685,1,2,0,0.1828538328409195
75,716,1,2,0,0.15517960488796234
75,748,3,1,0,0.4558183252811432
75,749,0,2,0,0.48429763317108154
80,71,1,0,0,0.40603703260421753
80,129,1,3,0,0.3756352663040161
80,157,2,3,0,0.0032138873357325792
80,158,2,3,0,0.0034232279285788536
80,159,3,2,0,0.16618292033672333
80,183,0,3,0,0.4268169701099396
80,192,1,3,0,0.43444207310676575
80,197,1,3,0,0.0407860167324543
80,221,1,3,0,0.029083410277962685
80,233,1,3,0,0.4570773243904114
80,256,1,0,0,0.037067193537950516
80,282,3,3,1,0.5994753241539001
80,286,1,0,0,0.04531905800104141
80,308,0,0,1,0.6177449226379395
80,310,3,3,1,0.5802846550941467
80,311,3,3,1,0.6033889651298523
80,312,1,2,0,0.22614598274230957
80,316,1,0,0,0.049689654260873795
80,320,3,3,1,0.5859931707382202
80,321,2,1,0,0.00578966224566102
80,342,1,0,0,0.002732694847509265
80,344,1,3,0,0.013593688607215881
80,372,3,0,0,0.2370225340127945
80,373,1,2,0,0.030695881694555283
80,374,3,3,1,0.8144109845161438
80,379,3,3,1,0.5300623774528503
80,382,2,1,0,0.2337929606437683
80,386,1,3,0,0.011599554680287838
80,387,2,3,0,0.009576198644936085
80,409,3,3,1,0.8191081881523132
80,445,3,1,0,0.2633645236492157
80,657,3,2,0,0.3475591838359833
80,685,1,2,0,0.2735530138015747
80,716,1,2,0,0.17164237797260284
80,748,3,1,0,0.2775298058986664
80,749,0,2,0,0.4876825213432312
85,71,1,0,0,0.35767051577568054
85,129,1,3,0,0.32417938113212585
85,157,2,3,0,0.0009183711372315884
85,158,2,3,0,0.001021801377646625
85,159,3,2,0,0.16312412917613983
85,183,0,3,0,0.4673292636871338
85,192,1,3,0,0.4061897099018097
85,197,1,3,0,0.04685952886939049
85,221,1,3,0,0.03368372842669487
85,233,1,3,0,0.38439324498176575
85,256,1,0,0,0.04925891384482384
85,282,3,3,1,0.5447474718093872
85,286,1,0,0,0.05581505224108696
85,308,0,3,0,0.36489808559417725
85,310,3,3,1,0.5258329510688782
85,311,3,1,0,0.42780786752700806
85,312,1,2,0,0.1523486226797104
85,316,1,0,0,0.05700025334954262
85,320,3,3,1,0.6391240358352661
85,321,2,1,0,0.006071023177355528
85,342,1,0,0,0.0017335893353447318
85,344,1,3,0,0.011498989537358284
85,372,3,0,0,0.3126668334007263
85,373,1,2,0,0.025774378329515457
85,374,3,3,1,0.9071518182754517
85,379,3,1,0,0.433210164308548
85,382,2,1,0,0.3131560981273651
85,386,1,3,0,0.005041942931711674
85,387,2,3,0,0.007405908312648535
85,409,3,3,1,0.9677513241767883
85,445,3,1,0,0.3055904507637024
85,657,3,2,0,0.3585004508495331
85,685,1,2,0,0.38451331853866577
85,716,1,2,0,0.24769969284534454
85,748,3,1,0,0.3800041973590851
85,749,0,2,0,0.4810904562473297
90,71,1,0,0,0.3352563977241516
90,129,1,3,0,0.46531787514686584
90,157,2,3,0,0.0016010712133720517
90,158,2,3,0,0.0014778826152905822
90,159,3,2,0,0.16851048171520233
90,183,0,3,0,0.40161025524139404
90,192,1,3,0,0.42094239592552185
90,197,1,3,0,0.04019243270158768
90,221,1,3,0,0.030133957043290138
90,233,1,3,0,0.39046889543533325
90,256,1,0,0,0.07274932414293289
90,282,3,3,1,0.5402966737747192
90,286,1,0,0,0.08059532195329666
90,308,0,0,1,0.46394550800323486
90,310,3,1,0,0.48786523938179016
90,311,3,1,0,0.4981803297996521
90,312,1,2,0,0.13984371721744537
90,316,1,0,0,0.08288665860891342
90,320,3,3,1,0.6211851835250854
90,321,2,1,0,0.007097335532307625
90,342,1,0,0,0.001293773646466434
90,344,1,3,0,0.009252806194126606
90,372,3,3,1,0.5335178375244141
90,373,1,2,0,0.02862102910876274
90,374,3,3,1,0.9477019906044006
90,379,3,1,0,0.40863317251205444
90,382,2,1,0,0.32313817739486694
90,386,1,3,0,0.003986855503171682
90,387,2,3,0,0.010365164838731289
90,409,3,3,1,0.9683266282081604
90,445,3,1,0,0.35763710737228394
90,657,3,2,0,0.35404592752456665
90,685,1,2,0,0.27633193135261536
90,716,1,2,0,0.13564881682395935
90,748,3,1,0,0.3731103837490082
90,749,0,2,0,0.1817309856414795
95,71,1,0,0,0.18381312489509583
95,129,1,3,0,0.47665974497795105
95,157,2,3,0,0.0008726430241949856
95,158,2,3,0,0.0005636728601530194
95,159,3,2,0,0.2848219573497772
95,183,0,3,0,0.3384624123573303
95,192,1,3,0,0.42126891016960144
95,197,1,3,0,0.03673001751303673
95,221,1,3,0,0.026699723675847054
95,233,1,3,0,0.3839239180088043
95,256,1,0,0,0.03161401301622391
95,282,3,0,0,0.45387187600135803
95,286,1,0,0,0.03707728162407875
95,308,0,3,0,0.4267200231552124
95,310,3,1,0,0.4817947447299957
95,311,3,3,1,0.5630533695220947
95,312,1,2,0,0.16355068981647491
95,316,1,0,0,0.03998033329844475
95,320,3,3,1,0.5295936465263367
95,321,2,1,0,0.33306068181991577
95,342,1,0,0,0.00040712382178753614
95,344,1,3,0,0.008081815205514431
95,372,3,3,1,0.5603026747703552
95,373,1,2,0,0.032318320125341415
95,374,3,3,1,0.8579628467559814
95,379,3,3,1,0.48686522245407104
95,382,2,1,0,0.3271500766277313
95,386,1,3,0,0.0026267587672919035
95,387,2,3,0,0.009477268904447556
95,409,3,3,1,0.9381214380264282
95,445,3,1,0,0.33572131395339966
95,657,3,2,0,0.31953275203704834
95,685,1,2,0,0.3165915310382843
95,716,1,2,0,0.24666988849639893
95,748,3,1,0,0.3542807102203369
95,749,0,2,0,0.18327002227306366
100,71,1,0,0,0.12704947590827942
100,129,1,3,0,0.4307776391506195
100,157,2,3,0,0.0015602168859913945
100,158,2,3,0,0.0007258738623932004
100,159,3,2,0,0.1992674469947815
100,183,0,3,0,0.30005916953086853
100,192,1,3,0,0.42409491539001465
100,197,1,3,0,0.04319387301802635
100,221,1,3,0,0.022668788209557533
100,233,1,3,0,0.40573960542678833
100,256,1,0,0,0.028187090530991554
100,282,3,0,0,0.39961183071136475
100,286,1,0,0,0.03602447733283043
100,308,0,0,1,0.4381283223628998
100,310,3,1,0,0.4960141181945801
100,311,3,3,1,0.3670026659965515
100,312,1,2,0,0.11191020905971527
100,316,1,0,0,0.04383915662765503
100,320,3,3,1,0.6185508966445923
100,321,2,1,0,0.3313692808151245
100,342,1,0,0,0.00046713530900888145
100,344,1,3,0,0.006125185638666153
100,372,3,3,1,0.5190454721450806
100,373,1,2,0,0.029441412538290024
100,374,3,3,1,0.6108765602111816
100,379,3,2,0,0.3295275866985321
100,382,2,1,0,0.325307160615921
100,386,1,3,0,0.0015158206224441528
100,387,2,3,0,0.012749678455293179
100,409,3,3,1,0.600239098072052
100,445,3,1,0,0.22521701455116272
100,657,3,2,0,0.3278617858886719
100,685,1,2,0,0.3448612689971924
100,716,1,2,0,0.1927546113729477
100,748,3,1,0,0.3685879707336426
100,749,0,2,0,0.21367864310741425
105,71,1,0,0,0.18092258274555206
105,129,1,3,0,0.4384789764881134
105,157,2,3,0,0.0014431840972974896
105,158,2,3,0,0.0006985399522818625
105,159,3,2,0,0.26653018593788147
105,183,0,3,0,0.29927176237106323
105,192,1,3,0,0.4043274521827698
105,197,1,3,0,0.031072378158569336
105,221,1,3,0,0.019789548590779305
105,233,1,3,0,0.2996821105480194
105,256,1,0,0,0.031000223010778427
105,282,3,0,0,0.42119377851486206
105,286,1,0,0,0.03832324221730232
105,308,0,0,1,0.5133134722709656
105,310,3,3,1,0.5352132320404053
105,311,3,2,0,0.34329232573509216
105,312,1,2,0,0.16000135242938995
105,316,1,0,0,0.04318401217460632
105,320,3,3,1,0.612034022808075
105,321,2,1,0,0.31595730781555176
105,342,1,0,0,0.00048445328138768673
105,344,1,3,0,0.005754080601036549
105,372,3,3,1,0.5592357516288757
105,373,1,2,0,0.037501804530620575
105,374,3,2,0,0.36621546745300293
105,379,3,2,0,0.3079207241535187
105,382,2,1,0,0.3275054097175598
105,386,1,3,0,0.0006190125131979585
105,387,2,3,0,0.010223065502941608
105,409,3,3,1,0.5917719006538391
105,445,3,1,0,0.24051403999328613
105,657,3,2,0,0.3047184348106384
105,685,1,2,0,0.3290358781814575
105,716,1,2,0,0.1822887808084488
105,748,3,1,0,0.3869461417198181
105,749,0,2,0,0.1959284394979477
110,71,1,0,0,0.18689653277397156
110,129,1,3,0,0.4752597212791443
110,157,2,3,0,0.0017148306360468268
110,158,2,3,0,0.0008376372279599309
110,159,3,2,0,0.3183683156967163
110,183,0,3,0,0.2989110052585602
110,192,1,3,0,0.4063917398452759
110,197,1,3,0,0.03419072926044464
110,221,1,3,0,0.02147950604557991
110,233,1,3,0,0.3039840757846832
110,256,1,0,0,0.02884538844227791
110,282,3,3,1,0.5022467374801636
110,286,1,0,0,0.03674601763486862
110,308,0,0,1,0.5156116485595703
110,310,3,3,1,0.5492614507675171
110,311,3,2,0,0.3433168828487396
110,312,1,2,0,0.1943785697221756
110,316,1,0,0,0.041094206273555756
110,320,3,3,1,0.5913911461830139
110,321,2,1,0,0.33015716075897217
110,342,1,0,0,0.0006079611484892666
110,344,1,3,0,0.007264816667884588
110,372,3,2,0,0.4556756615638733
110,373,1,2,0,0.06496106088161469
110,374,3,2,0,0.2283279150724411
110,379,3,2,0,0.31862708926200867
110,382,2,1,0,0.27456381916999817
110,386,1,3,0,0.0006006721523590386
110,387,2,3,0,0.01101990882307291
110,409,3,3,1,0.5670809745788574
110,445,3,1,0,0.22272509336471558
110,657,3,2,0,0.31227096915245056
110,685,1,2,0,0.4105091392993927
110,716,1,2,0,0.20743657648563385
110,748,3,1,0,0.3646763563156128
110,749,0,2,0,0.19333654642105103
115,71,1,0,0,0.24036905169487
115,129,1,1,1,0.5318298935890198
115,157,2,3,0,0.0027660441119223833
115,158,2,3,0,0.0012411496136337519
115,159,3,2,0,0.41320252418518066
115,183,0,3,0,0.30429044365882874
115,192,1,3,0,0.4099062383174896
115,197,1,3,0,0.030668146908283234
115,221,1,3,0,0.02230418100953102
115,233,1,3,0,0.30301398038864136
115,256,1,0,0,0.029233282431960106
115,282,3,3,1,0.4159642457962036
115,286,1,0,0,0.03405090793967247
115,308,0,0,1,0.5216099619865417
115,310,3,3,1,0.544215738773346
115,311,3,2,0,0.3458615243434906
115,312,1,2,0,0.13155321776866913
115,316,1,0,0,0.03472895547747612
115,320,3,3,1,0.5352466702461243
115,321,2,1,0,0.36592191457748413
115,342,1,0,0,0.0005628495127893984
115,344,1,3,0,0.011644188314676285
115,372,3,2,0,0.30528417229652405
115,373,1,2,0,0.03642508015036583
115,374,3,2,0,0.13708826899528503
115,379,3,2,0,0.2701479494571686
115,382,2,1,0,0.35461217164993286
115,386,1,3,0,0.00034606491681188345
115,387,2,3,0,0.02002507448196411
115,409,3,3,1,0.5286150574684143
115,445,3,1,0,0.30127906799316406
115,657,3,2,0,0.31309881806373596
115,685,1,2,0,0.30357712507247925
115,716,1,2,0,0.13674432039260864
115,748,3,1,0,0.3731532394886017
115,749,0,2,0,0.2066914439201355
120,71,1,0,0,0.2529797852039337
120,129,1,3,0,0.4853861629962921
120,157,2,3,0,0.0028315794188529253
120,158,2,3,0,0.0012640344211831689
120,159,3,2,0,0.3754477798938751
120,183,0,3,0,0.2867572605609894
120,192,1,3,0,0.4212171137332916
120,197,1,3,0,0.02829045243561268
120,221,1,3,0,0.017191817983984947
120,233,1,3,0,0.3012635409832001
120,256,1,0,0,0.02915634773671627
120,282,3,3,1,0.41979023814201355
120,286,1,0,0,0.03187200054526329
120,308,0,0,1,0.4768858850002289
120,310,3,3,1,0.5548582077026367
120,311,3,2,0,0.33959072828292847
120,312,1,2,0,0.14424698054790497
120,316,1,0,0,0.029218710958957672
120,320,3,3,1,0.5053913593292236
120,321,2,1,0,0.3136676251888275
120,342,1,0,0,0.0007650527986697853
120,344,1,3,0,0.018665941432118416
120,372,3,2,0,0.20624448359012604
120,373,1,2,0,0.03755876049399376
120,374,3,2,0,0.1374780237674713
120,379,3,2,0,0.3785973787307739
120,382,2,1,0,0.3449113368988037
120,386,1,3,0,0.00033305102260783315
120,387,2,3,0,0.013647450134158134
120,409,3,3,1,0.5300853252410889
120,445,3,1,0,0.3025176227092743
120,657,3,2,0,0.32951420545578003
120,685,1,2,0,0.37165969610214233
120,716,1,2,0,0.16757765412330627
120,748,3,1,0,0.3884648084640503
120,749,0,2,0,0.19102813303470612
125,71,1,0,0,0.2670207917690277
125,129,1,1,1,0.5448914170265198
125,157,2,3,0,0.002672799862921238
125,158,2,3,0,0.0012018221896141768
125,159,3,2,0,0.3541235029697418
125,183,0,3,0,0.268082857131958
125,192,1,3,0,0.42605772614479065
125,197,1,3,0,0.031427156180143356
125,221,1,3,0,0.02107725664973259
125,233,1,3,0,0.27420374751091003
125,256,1,0,0,0.029817068949341774
125,282,3,3,1,0.4582822024822235
125,286,1,0,0,0.03138013184070587
125,308,0,0,1,0.4611819386482239
125,310,3,3,1,0.5316754579544067
125,311,3,3,1,0.3601975739002228
125,312,1,2,0,0.17714013159275055
125,316,1,0,0,0.024337852373719215
125,320,3,3,1,0.4457755982875824
125,321,2,1,0,0.3269503712654114
125,342,1,0,0,0.0007877014577388763
125,344,1,3,0,0.024870773777365685
125,372,3,2,0,0.15754400193691254
125,373,1,2,0,0.05382845178246498
125,374,3,2,0,0.18138965964317322
125,379,3,2,0,0.29322493076324463
125,382,2,1,0,0.30333057045936584
125,386,1,3,0,0.00028960013878531754
125,387,2,3,0,0.012074736878275871
125,409,3,3,1,0.5307243466377258
125,445,3,1,0,0.298964262008667
125,657,3,2,0,0.32416948676109314
125,685,1,2,0,0.3594375252723694
125,716,1,2,0,0.23551657795906067
125,748,3,1,0,0.38488781452178955
125,749,0,2,0,0.17331752181053162
130,71,1,0,0,0.24870479106903076
130,129,1,1,1,0.5031523108482361
130,157,2,3,0,0.0035338886082172394
130,158,2,3,0,0.0016128384741023183
130,159,3,2,0,0.36815357208251953
130,183,0,3,0,0.23864686489105225
130,192,1,3,0,0.40479904413223267
130,197,1,3,0,0.026744022965431213
130,221,1,3,0,0.015031619928777218
130,233,1,3,0,0.24268756806850433
130,256,1,0,0,0.03257984295487404
130,282,3,3,1,0.4700569808483124
130,286,1,0,0,0.02882024459540844
130,308,0,0,1,0.4929947853088379
130,310,3,3,1,0.5438597798347473
130,311,3,2,0,0.3481004238128662
130,312,1,2,0,0.13228550553321838
130,316,1,0,0,0.02054819092154503
130,320,3,3,1,0.4579674303531647
130,321,2,1,0,0.3398536145687103
130,342,1,0,0,0.001027615275233984
130,344,1,3,0,0.029299816116690636
130,372,3,2,0,0.14217321574687958
130,373,1,2,0,0.057786669582128525
130,374,3,2,0,0.20861932635307312
130,379,3,2,0,0.3556356430053711
130,382,2,1,0,0.32527104020118713
130,386,1,3,0,0.00025573340826667845
130,387,2,3,0,0.009089138358831406
130,409,3,2,0,0.497031033039093
130,445,3,1,0,0.35835227370262146
130,657,3,2,0,0.3180677592754364
130,685,1,2,0,0.37492239475250244
130,716,1,2,0,0.20554177463054657
130,748,3,1,0,0.39626267552375793
130,749,0,2,0,0.19166192412376404
135,71,1,0,0,0.26920104026794434
135,129,1,3,0,0.48862841725349426
135,157,2,3,0,0.0042259711772203445
135,158,2,3,0,0.0020134008955210447
135,159,3,2,0,0.37170010805130005
135,183,0,3,0,0.1979082077741623
135,192,1,3,0,0.4115665555000305
135,197,1,3,0,0.02147076465189457
135,221,1,3,0,0.01183992438018322
135,233,1,3,0,0.24026764929294586
135,256,1,0,0,0.031219279393553734
135,282,3,3,1,0.4427024722099304
135,286,1,0,0,0.02755025401711464
135,308,0,0,1,0.4642471373081207
135,310,3,3,1,0.5318262577056885
135,311,3,2,0,0.32498788833618164
135,312,1,2,0,0.1378394216299057
135,316,1,0,0,0.017891792580485344
135,320,3,2,0,0.44025033712387085
135,321,2,1,0,0.34134823083877563
135,342,1,0,0,0.0009955107234418392
135,344,1,3,0,0.03211861103773117
135,372,3,2,0,0.1184777021408081
135,373,1,2,0,0.062485065311193466
135,374,3,2,0,0.21195165812969208
135,379,3,2,0,0.2814106047153473
135,382,2,1,0,0.3442452549934387
135,386,1,3,0,0.00028004919295199215
135,387,2,3,0,0.01625158078968525
135,409,3,2,0,0.41152065992355347
135,445,3,1,0,0.3799292743206024
135,657,3,2,0,0.34076181054115295
135,685,1,2,0,0.37923958897590637
135,716,1,2,0,0.2222571223974228
135,748,3,1,0,0.3868945837020874
135,749,0,2,0,0.1851547509431839
140,71,1,0,0,0.28436824679374695
140,129,1,1,1,0.5478240251541138
140,157,2,3,0,0.0041772243566811085
140,158,2,3,0,0.0018616520101204515
140,159,3,2,0,0.37002497911453247
140,183,0,3,0,0.16972830891609192
140,192,1,3,0,0.42197781801223755
140,197,1,3,0,0.024525262415409088
140,221,1,3,0,0.01448022946715355
140,233,1,3,0,0.2550380229949951
140,256,1,0,0,0.028304779902100563
140,282,3,3,1,0.43855687975883484
140,286,1,0,0,0.023611608892679214
140,308,0,0,1,0.42549675703048706
140,310,3,3,1,0.5071310997009277
140,311,3,2,0,0.3644331693649292
140,312,1,2,0,0.14037899672985077
140,316,1,0,0,0.015219748951494694
140,320,3,2,0,0.4385643005371094
140,321,2,1,0,0.3092080354690552
140,342,1,0,0,0.0008321674540638924
140,344,1,3,0,0.036745499819517136
140,372,3,2,0,0.09368108958005905
140,373,1,2,0,0.05058218538761139
140,374,3,2,0,0.20197784900665283
140,379,3,2,0,0.21137355268001556
140,382,2,1,0,0.34028831124305725
140,386,1,3,0,0.0002932550269179046
140,387,2,3,0,0.012556124478578568
140,409,3,2,0,0.4228253662586212
140,445,3,1,0,0.3347456753253937
140,657,3,2,0,0.3604849874973297
140,685,1,2,0,0.38168880343437195
140,716,1,2,0,0.25039443373680115
140,748,3,1,0,0.37065836787223816
140,749,0,2,0,0.17699536681175232
145,71,1,0,0,0.3100367486476898
145,129,1,3,0,0.487621545791626
145,157,2,3,0,0.0037074140273034573
145,158,2,3,0,0.001712873694486916
145,159,3,2,0,0.43029385805130005
145,183,0,3,0,0.15262451767921448
145,192,1,3,0,0.402378648519516
145,197,1,3,0,0.022851567715406418
145,221,1,3,0,0.013769863173365593
145,233,1,3,0,0.23141518235206604
145,256,1,0,0,0.029338590800762177
145,282,3,2,0,0.4335395395755768
145,286,1,0,0,0.025887664407491684
145,308,0,3,0,0.40448978543281555
145,310,3,3,1,0.5085619688034058
145,311,3,2,0,0.3591485917568207
145,312,1,2,0,0.1282472014427185
145,316,1,0,0,0.015934372320771217
145,320,3,2,0,0.429423063993454
145,321,2,1,0,0.3196850121021271
145,342,1,0,0,0.0008681426988914609
145,344,1,3,0,0.03804570809006691
145,372,3,2,0,0.07067371159791946
145,373,1,2,0,0.05452258512377739
145,374,3,2,0,0.17399078607559204
145,379,3,2,0,0.2025378793478012
145,382,2,1,0,0.30241575837135315
145,386,1,3,0,0.00027505579055286944
145,387,2,3,0,0.005838057026267052
145,409,3,2,0,0.38462451100349426
145,445,3,1,0,0.36397185921669006
145,657,3,2,0,0.397467702627182
145,685,1,2,0,0.3915255665779114
145,716,1,2,0,0.22549408674240112
145,748,3,1,0,0.37099456787109375
145,749,0,2,0,0.19864146411418915
150,71,1,0,0,0.31262022256851196
150,129,1,1,1,0.5676524043083191
150,157,2,3,0,0.004617223050445318
150,158,2,3,0,0.002065163105726242
150,159,3,2,0,0.3562156558036804
150,183,0,3,0,0.11787750571966171
150,192,1,3,0,0.40992558002471924
150,197,1,3,0,0.027223411947488785
150,221,1,3,0,0.013480943627655506
150,233,1,3,0,0.2435542792081833
150,256,1,0,0,0.03296817094087601
150,282,3,2,0,0.35525834560394287
150,286,1,0,0,0.025485247373580933
150,308,0,3,0,0.37560659646987915
150,310,3,1,0,0.49110090732574463
150,311,3,2,0,0.3301141560077667
150,312,1,2,0,0.22425535321235657
150,316,1,0,0,0.015439960174262524
150,320,3,2,0,0.4443618953227997
150,321,2,1,0,0.3047364056110382
150,342,1,0,0,0.0009728337172418833
150,344,1,3,0,0.031975582242012024
150,372,3,2,0,0.054733194410800934
150,373,1,2,0,0.08971886336803436
150,374,3,2,0,0.1427171677350998
150,379,3,2,0,0.1599017083644867
150,382,2,1,0,0.3015204966068268
150,386,1,3,0,0.00026715948479250073
150,387,2,3,0,0.014630744233727455
150,409,3,2,0,0.3395121395587921
150,445,3,1,0,0.22374065220355988
150,657,3,2,0,0.32876598834991455
150,685,1,2,0,0.4012119472026825
150,716,1,2,0,0.19564715027809143
150,748,3,1,0,0.3890593945980072
150,749,0,2,0,0.18463711440563202
155,71,1,0,0,0.24963034689426422
155,129,1,3,0,0.4805447459220886
155,157,2,3,0,0.004955008625984192
155,158,2,3,0,0.0020532584749162197
155,159,3,2,0,0.4011610746383667
155,183,0,3,0,0.10725696384906769
155,192,1,3,0,0.4120498299598694
155,197,1,3,0,0.025335999205708504
155,221,1,3,0,0.013771493919193745
155,233,1,3,0,0.2615830898284912
155,256,1,0,0,0.030053570866584778
155,282,3,2,0,0.37421464920043945
155,286,1,0,0,0.021743174642324448
155,308,0,3,0,0.40280431509017944
155,310,3,1,0,0.4859754741191864
155,311,3,2,0,0.34013840556144714
155,312,1,2,0,0.13095907866954803
155,316,1,0,0,0.013186908327043056
155,320,3,2,0,0.4309726655483246
155,321,2,1,0,0.33310937881469727
155,342,1,0,0,0.0008094818331301212
155,344,1,3,0,0.03221406415104866
155,372,3,2,0,0.055049214512109756
155,373,1,2,0,0.07621756941080093
155,374,3,2,0,0.15111352503299713
155,379,3,2,0,0.18057309091091156
155,382,2,1,0,0.31660380959510803
155,386,1,3,0,0.00034171220613643527
155,387,2,3,0,0.01138696726411581
155,409,3,2,0,0.39374932646751404
155,445,3,1,0,0.331784725189209
155,657,3,2,0,0.31565940380096436
155,685,1,2,0,0.42221319675445557
155,716,1,2,0,0.2796446979045868
155,748,3,1,0,0.36331695318222046
155,749,0,2,0,0.18739549815654755
160,71,1,0,0,0.31597158312797546
160,129,1,1,1,0.5466105341911316
160,157,2,3,0,0.005335681140422821
160,158,2,3,0,0.0022206748835742474
160,159,3,2,0,0.3675498366355896
160,183,0,3,0,0.09118643403053284
160,192,1,3,0,0.4213348627090454
160,197,1,3,0,0.025692053139209747
160,221,1,3,0,0.01148762833327055
160,233,1,3,0,0.29360416531562805
160,256,1,0,0,0.031062636524438858
160,282,3,2,0,0.3379966914653778
160,286,1,0,0,0.023387981578707695
160,308,0,3,0,0.3979615867137909
160,310,3,1,0,0.47959280014038086
160,311,3,2,0,0.3342832624912262
160,312,1,2,0,0.12081322073936462
160,316,1,0,0,0.014294342137873173
160,320,3,2,0,0.38797345757484436
160,321,2,1,0,0.3219807744026184
160,342,1,0,0,0.0008584650931879878
160,344,1,3,0,0.03368966281414032
160,372,3,2,0,0.04568423703312874
160,373,1,2,0,0.06110076233744621
160,374,3,2,0,0.12788178026676178
160,379,3,2,0,0.1440066546201706
160,382,2,1,0,0.32308048009872437
160,386,1,3,0,0.0004276636755093932
160,387,2,3,0,0.012793690897524357
160,409,3,2,0,0.36684703826904297
160,445,3,1,0,0.24503834545612335
160,657,3,2,0,0.3095669448375702
160,685,1,2,0,0.39802539348602295
160,716,1,2,0,0.22449398040771484
160,748,3,1,0,0.37022215127944946
160,749,0,2,0,0.1896701604127884
165,71,1,0,0,0.31725776195526123
165,129,1,3,0,0.49873918294906616
165,157,2,3,0,0.0052545396611094475
165,158,2,3,0,0.0022417015861719847
165,159,3,2,0,0.37031254172325134
165,183,0,3,0,0.0785897895693779
165,192,1,3,0,0.42514243721961975
165,197,1,3,0,0.02546364814043045
165,221,1,3,0,0.012903476133942604
165,233,1,3,0,0.3561282753944397
165,256,1,0,0,0.029250865802168846
165,282,3,2,0,0.291329026222229
165,286,1,0,0,0.021936645731329918
165,308,0,3,0,0.3876446783542633
165,310,3,1,0,0.48185521364212036
165,311,3,3,1,0.39423418045043945
165,312,1,2,0,0.13195382058620453
165,316,1,0,0,0.012546475045382977
165,320,3,2,0,0.3736088275909424
165,321,2,1,0,0.3051028847694397
165,342,1,0,0,0.0006839887355454266
165,344,1,3,0,0.038047950714826584
165,372,3,2,0,0.04086633771657944
165,373,1,2,0,0.086208276450634
165,374,3,2,0,0.10075364261865616
165,379,3,2,0,0.21873819828033447
165,382,2,1,0,0.31427887082099915
165,386,1,3,0,0.0004949589492753148
165,387,2,3,0,0.009945357218384743
165,409,3,2,0,0.3191449046134949
165,445,3,1,0,0.27472126483917236
165,657,3,2,0,0.31718939542770386
165,685,1,2,0,0.4484598636627197
165,716,1,2,0,0.24263995885849
165,748,3,1,0,0.3765772581100464
165,749,0,2,0,0.18548008799552917
170,71,1,0,0,0.28986456990242004
170,129,1,1,1,0.5041465759277344
170,157,2,3,0,0.007724170573055744
170,158,2,3,0,0.003927541431039572
170,159,3,2,0,0.4273538291454315
170,183,0,3,0,0.06918573379516602
170,192,1,3,0,0.41452541947364807
170,197,1,3,0,0.06815984845161438
170,221,1,3,0,0.007134221959859133
170,233,1,3,0,0.279807448387146
170,256,1,0,0,0.02934081107378006
170,282,3,2,0,0.2940834164619446
170,286,1,0,0,0.018030988052487373
170,308,0,3,0,0.38166841864585876
170,310,3,3,1,0.5403635501861572
170,311,3,3,1,0.3661952614784241
170,312,1,2,0,0.09483785927295685
170,316,1,0,0,0.010451569221913815
170,320,3,2,0,0.3926617205142975
170,321,2,1,0,0.30085429549217224
170,342,1,0,0,0.0006057390128262341
170,344,1,3,0,0.0185970701277256
170,372,3,2,0,0.05398666486144066
170,373,1,2,0,0.06489256769418716
170,374,3,2,0,0.13133929669857025
170,379,3,2,0,0.21569301187992096
170,382,2,1,0,0.3089084327220917
170,386,1,3,0,0.00045826061978004873
170,387,2,3,0,0.01567709445953369
170,409,3,2,0,0.455166757106781
170,445,3,1,0,0.27158695459365845
170,657,3,2,0,0.33494362235069275
170,685,1,2,0,0.32884788513183594
170,716,1,2,0,0.17373022437095642
170,748,3,1,0,0.36658209562301636
170,749,0,2,0,0.2091900110244751
175,71,1,0,0,0.3102751672267914
175,129,1,1,1,0.5086952447891235
175,157,2,3,0,0.005114204250276089
175,158,2,3,0,0.0024375105276703835
175,159,3,2,0,0.4542863965034485
175,183,0,3,0,0.06395679712295532
175,192,1,3,0,0.40111732482910156
175,197,1,3,0,0.02110517956316471
175,221,1,3,0,0.011174971237778664
175,233,1,3,0,0.3275224566459656
175,256,1,0,0,0.030961718410253525
175,282,3,2,0,0.33652862906455994
175,286,1,0,0,0.020838266238570213
175,308,0,3,0,0.3681761920452118
175,310,3,1,0,0.4907204508781433
175,311,3,3,1,0.3894596993923187
175,312,1,2,0,0.14543212950229645
175,316,1,0,0,0.009472796693444252
175,320,3,2,0,0.38970091938972473
175,321,2,1,0,0.01808089017868042
175,342,1,0,0,0.0004405453510116786
175,344,1,3,0,0.018217794597148895
175,372,3,2,0,0.05543489381670952
175,373,1,2,0,0.07675239443778992
175,374,3,2,0,0.13705013692378998
175,379,3,2,0,0.1914970427751541
175,382,2,1,0,0.308607280254364
175,386,1,3,0,0.0005982303409837186
175,387,2,3,0,0.008011803962290287
175,409,3,2,0,0.41800016164779663
175,445,3,1,0,0.27055999636650085
175,657,3,2,0,0.3602946102619171
175,685,1,2,0,0.41864249110221863
175,716,1,2,0,0.28811168670654297
175,748,3,1,0,0.38312098383903503
175,749,0,2,0,0.19185128808021545
180,71,1,0,0,0.2757805287837982
180,129,1,1,1,0.5240761637687683
180,157,2,3,0,0.005791015457361937
180,158,2,3,0,0.0033498394768685102
180,159,3,2,0,0.45699504017829895
180,183,0,3,0,0.04951273649930954
180,192,1,3,0,0.4367992877960205
180,197,1,3,0,0.016682881861925125
180,221,1,3,0,0.009647411294281483
180,233,1,3,0,0.3272417187690735
180,256,1,0,0,0.03136088699102402
180,282,3,2,0,0.3837212026119232
180,286,1,0,0,0.02245148830115795
180,308,0,3,0,0.37879887223243713
180,310,3,3,1,0.503616452217102
180,311,3,2,0,0.3262733817100525
180,312,1,2,0,0.12176738679409027
180,316,1,0,0,0.010697517544031143
180,320,3,2,0,0.4099351763725281
180,321,2,1,0,0.004394561517983675
180,342,1,0,0,0.0004695792740676552
180,344,1,3,0,0.016254372894763947
180,372,3,2,0,0.06014706566929817
180,373,1,2,0,0.08231043815612793
180,374,3,2,0,0.1613987684249878
180,379,3,2,0,0.24563445150852203
180,382,2,1,0,0.3143875300884247
180,386,1,3,0,0.0007536879857070744
180,387,2,3,0,0.005827538203448057
180,409,3,2,0,0.465233713388443
180,445,3,1,0,0.37037208676338196
180,657,3,2,0,0.36960145831108093
180,685,1,2,0,0.41199377179145813
180,716,1,2,0,0.25741633772850037
180,748,3,1,0,0.38399961590766907
180,749,0,2,0,0.16909228265285492
185,71,1,0,0,0.30870726704597473
185,129,1,1,1,0.5355397462844849
185,157,2,3,0,0.007624889258295298
185,158,2,3,0,0.004746371414512396
185,159,3,3,1,0.5243088006973267
185,183,0,3,0,0.06069951504468918
185,192,1,3,0,0.4129612147808075
185,197,1,3,0,0.017557863146066666
185,221,1,3,0,0.010281025432050228
185,233,1,1,1,0.41037604212760925
185,256,1,0,0,0.031847767531871796
185,282,3,2,0,0.3950211703777313
185,286,1,0,0,0.022275688126683235
185,308,0,3,0,0.404889851808548
185,310,3,1,0,0.4848318099975586
185,311,3,2,0,0.3390592038631439
185,312,1,2,0,0.1292683184146881
185,316,1,0,0,0.010445751249790192
185,320,3,2,0,0.37515801191329956
185,321,2,1,0,0.004683893173933029
185,342,1,0,0,0.0003874095855280757
185,344,1,3,0,0.014394495636224747
185,372,3,2,0,0.06971027702093124
185,373,1,2,0,0.0809071734547615
185,374,3,2,0,0.17360375821590424
185,379,3,2,0,0.203040212392807
185,382,2,1,0,0.31459006667137146
185,386,1,3,0,0.001034104498103261
185,387,2,3,0,0.010957229882478714
185,409,3,2,0,0.44268250465393066
185,445,3,1,0,0.33308011293411255
185,657,3,2,0,0.3572806417942047
185,685,1,2,0,0.39859262108802795
185,716,1,2,0,0.28144288063049316
185,748,3,1,0,0.37108704447746277
185,749,0,2,0,0.18284264206886292
190,71,1,0,0,0.28657159209251404
190,129,1,3,0,0.49545973539352417
190,157,2,3,0,0.008236613124608994
190,158,2,3,0,0.00585597287863493
190,159,3,2,0,0.48960569500923157
190,183,0,3,0,0.05422639846801758
190,192,1,3,0,0.41789567470550537
190,197,1,3,0,0.022518975660204887
190,221,1,3,0,0.010243436321616173
190,233,1,3,0,0.3708378076553345
190,256,1,0,0,0.03084423579275608
190,282,3,2,0,0.3044832646846771
190,286,1,0,0,0.01700689271092415
190,308,0,3,0,0.3845970332622528
190,310,3,1,0,0.47961270809173584
190,311,3,2,0,0.34146973490715027
190,312,1,2,0,0.10663802176713943
190,316,1,0,0,0.008340643718838692
190,320,3,2,0,0.37588849663734436
190,321,2,1,0,0.006225596182048321
190,342,1,0,0,0.00032283441396430135
190,344,1,3,0,0.013209927827119827
190,372,3,2,0,0.05669372156262398
190,373,1,2,0,0.09380891919136047
190,374,3,2,0,0.16028054058551788
190,379,3,2,0,0.23305447399616241
190,382,2,1,0,0.3291727900505066
190,386,1,3,0,0.0009284632978960872
190,387,2,3,0,0.008705669082701206
190,409,3,3,1,0.5068801045417786
190,445,3,1,0,0.32957860827445984
190,657,3,2,0,0.3285970687866211
190,685,1,2,0,0.3334139287471771
190,716,1,2,0,0.13801437616348267
190,748,3,1,0,0.39571693539619446
190,749,0,2,0,0.21149173378944397
195,71,1,0,0,0.3084687888622284
195,129,1,3,0,0.4864262342453003
195,157,2,3,0,0.011760770343244076
195,158,2,3,0,0.007540411315858364
195,159,3,3,1,0.521234393119812
195,183,0,3,0,0.04976315423846245
195,192,1,3,0,0.3902401924133301
195,197,1,3,0,0.015116939321160316
195,221,1,3,0,0.008644241839647293
195,233,1,3,0,0.3079833388328552
195,256,1,0,0,0.029816001653671265
195,282,3,2,0,0.3981768488883972
195,286,1,0,0,0.016100281849503517
195,308,0,3,0,0.3811052739620209
195,310,3,3,1,0.5069280862808228
195,311,3,3,1,0.3675309717655182
195,312,1,2,0,0.1329241245985031
195,316,1,0,0,0.008098624646663666
195,320,3,2,0,0.389362096786499
195,321,2,1,0,0.005178431980311871
195,342,1,0,0,0.0002876610087696463
195,344,1,3,0,0.016757933422923088
195,372,3,2,0,0.057984091341495514
195,373,1,2,0,0.08864176273345947
195,374,3,2,0,0.14182338118553162
195,379,3,2,0,0.1959141343832016
195,382,2,1,0,0.3254508078098297
195,386,1,3,0,0.0008326887036673725
195,387,2,3,0,0.006028943695127964
195,409,3,2,0,0.483203262090683
195,445,3,1,0,0.3611967861652374
195,657,3,2,0,0.3641774654388428
195,685,1,2,0,0.3540039658546448
195,716,1,2,0,0.14346694946289062
195,748,3,1,0,0.3949069082736969
195,749,0,2,0,0.2025127112865448
200,71,1,0,0,0.3240464925765991
200,129,1,3,0,0.45875993371009827
200,157,2,3,0,0.3171878159046173
200,158,2,3,0,0.3269672095775604
200,159,3,2,0,0.4665340781211853
200,183,0,3,0,0.060989443212747574
200,192,1,3,0,0.4043514132499695
200,197,1,3,0,0.01737882010638714
200,221,1,3,0,0.005853292066603899
200,233,1,3,0,0.30447378754615784
200,256,1,0,0,0.03152976930141449
200,282,3,2,0,0.36703750491142273
200,286,1,0,0,0.01846618950366974
200,308,0,3,0,0.3854752779006958
200,310,3,3,1,0.5410017371177673
200,311,3,3,1,0.3929673433303833
200,312,1,2,0,0.10835248976945877
200,316,1,0,0,0.009011084213852882
200,320,3,2,0,0.3197510242462158
200,321,2,1,0,0.0048820520751178265
200,342,1,0,0,0.00035196938551962376
200,344,1,3,0,0.008448289707303047
200,372,3,2,0,0.05202478542923927
200,373,1,2,0,0.07967016100883484
200,374,3,2,0,0.11430453509092331
200,379,3,2,0,0.2507674992084503
200,382,2,1,0,0.3064654767513275
200,386,1,3,0,0.0007115386542864144
200,387,2,3,0,0.01057102158665657
200,409,3,2,0,0.3268984258174896
200,445,3,1,0,0.3391004800796509
200,657,3,2,0,0.3441678583621979
200,685,1,2,0,0.3669944107532501
200,716,1,2,0,0.19588224589824677
200,748,3,1,0,0.3779475688934326
200,749,0,2,0,0.1870916485786438
205,71,1,0,0,0.33362922072410583
205,129,1,3,0,0.4403510093688965
205,157,2,3,0,0.20879432559013367
205,158,2,3,0,0.18916241824626923
205,159,3,3,1,0.5398945212364197
205,183,0,3,0,0.06045755371451378
205,192,1,3,0,0.4291565418243408
205,197,1,3,0,0.015941502526402473
205,221,1,3,0,0.011993122287094593
205,233,1,3,0,0.32478755712509155
205,256,1,2,0,0.029772209003567696
205,282,3,2,0,0.43172693252563477
205,286,1,0,0,0.02237960509955883
205,308,0,3,0,0.3734145760536194
205,310,3,1,0,0.48375391960144043
205,311,3,3,1,0.3487091064453125
205,312,1,2,0,0.1312936693429947
205,316,1,0,0,0.009285533800721169
205,320,3,2,0,0.30067896842956543
205,321,2,1,0,0.0042978981509804726
205,342,1,0,0,0.0003473462420515716
205,344,1,3,0,0.016226666048169136
205,372,3,2,0,0.04792676866054535
205,373,1,2,0,0.1324843317270279
205,374,3,2,0,0.14860627055168152
205,379,3,2,0,0.1506175696849823
205,382,2,1,0,0.3311954736709595
205,386,1,3,0,0.0008771899156272411
205,387,2,3,0,0.005187934264540672
205,409,3,2,0,0.3933480381965637
205,445,3,1,0,0.2821693420410156
205,657,3,2,0,0.3482230603694916
205,685,1,2,0,0.4559422433376312
205,716,1,2,0,0.4242008328437805
205,748,3,1,0,0.3624366223812103
205,749,0,2,0,0.1944776475429535
210,71,1,0,0,0.3186139762401581
210,129,1,3,0,0.4615516662597656
210,157,2,3,0,0.38404178619384766
210,158,2,3,0,0.37717583775520325
210,159,3,2,0,0.486062228679657
210,183,0,3,0,0.051101237535476685
210,192,1,3,0,0.4054914116859436
210,197,1,3,0,0.016793280839920044
210,221,1,3,0,0.007736049592494965
210,233,1,1,1,0.39462801814079285
210,256,1,0,0,0.031327683478593826
210,282,3,2,0,0.38624870777130127
210,286,1,0,0,0.02029925398528576
210,308,0,3,0,0.39257219433784485
210,310,3,1,0,0.481318861246109
210,311,3,3,1,0.37770798802375793
210,312,1,2,0,0.12818536162376404
210,316,1,0,0,0.009928866289556026
210,320,3,2,0,0.2749641537666321
210,321,2,1,0,0.004822846036404371
210,342,1,0,0,0.0004248569021001458
210,344,1,3,0,0.014334178529679775
210,372,3,2,0,0.046912189573049545
210,373,1,2,0,0.1325998157262802
210,374,3,2,0,0.14316177368164062
210,379,3,2,0,0.18217310309410095
210,382,2,1,0,0.33259135484695435
210,386,1,3,0,0.0012364423600956798
210,387,2,3,0,0.014194189570844173
210,409,3,2,0,0.3800763487815857
210,445,3,1,0,0.31309229135513306
210,657,3,2,0,0.3153200149536133
210,685,1,2,0,0.4339446723461151
210,716,1,2,0,0.23242713510990143
210,748,3,1,0,0.37989628314971924
210,749,0,2,0,0.1903875321149826
215,71,1,0,0,0.33798137307167053
215,129,1,3,0,0.4540700614452362
215,157,2,3,0,0.3039257526397705
215,158,2,3,0,0.33947163820266724
215,159,3,2,0,0.4920065402984619
215,183,0,3,0,0.045066576451063156
215,192,1,3,0,0.3981609344482422
215,197,1,3,0,0.0145233403891325
215,221,1,3,0,0.0072112008929252625
215,233,1,3,0,0.3379429876804352
215,256,1,0,0,0.031770240515470505
215,282,3,2,0,0.38484784960746765
215,286,1,0,0,0.019031455740332603
215,308,0,3,0,0.3792063891887665
215,310,3,3,1,0.5004764199256897
215,311,3,3,1,0.3826521635055542
215,312,1,2,0,0.12096264213323593
215,316,1,0,0,0.008982084691524506
215,320,3,2,0,0.323737770318985
215,321,2,1,0,0.003761318977922201
215,342,1,0,0,0.0004133207257837057
215,344,1,3,0,0.022236231714487076
215,372,3,2,0,0.047917868942022324
215,373,1,2,0,0.11236870288848877
215,374,3,2,0,0.15587568283081055
215,379,3,2,0,0.16181781888008118
215,382,2,1,0,0.3207842707633972
215,386,1,3,0,0.0009122148039750755
215,387,2,3,0,0.00779317133128643
215,409,3,3,1,0.5200353860855103
215,445,3,1,0,0.33487045764923096
215,657,3,2,0,0.37049221992492676
215,685,1,2,0,0.40337473154067993
215,716,1,2,0,0.24804608523845673
215,748,3,1,0,0.3949953019618988
215,749,0,2,0,0.18890522420406342
220,71,1,0,0,0.3124523460865021
220,129,1,3,0,0.4786157011985779
220,157,2,3,0,0.3748753070831299
220,158,2,3,0,0.39514100551605225
220,159,3,3,1,0.5182799100875854
220,183,0,3,0,0.0444282703101635
220,192,1,3,0,0.42931872606277466
220,197,1,3,0,0.018996985629200935
220,221,1,3,0,0.008064888417720795
220,233,1,1,1,0.4303895831108093
220,256,1,0,0,0.03146959841251373
220,282,3,2,0,0.3308885097503662
220,286,1,0,0,0.023097360506653786
220,308,0,3,0,0.37736958265304565
220,310,3,1,0,0.473732590675354
220,311,3,2,0,0.3412969410419464
220,312,1,2,0,0.11355157196521759
220,316,1,0,0,0.014291930012404919
220,320,3,2,0,0.29639971256256104
220,321,2,1,0,0.004473705776035786
220,342,1,0,0,0.0004936572513543069
220,344,1,3,0,0.020154373720288277
220,372,3,2,0,0.04850560054183006
220,373,1,2,0,0.09497848153114319
220,374,3,2,0,0.1666545271873474
220,379,3,2,0,0.16364769637584686
220,382,2,1,0,0.3333362936973572
220,386,1,3,0,0.0011920187389478087
220,387,2,3,0,0.011385164223611355
220,409,3,3,1,0.520636260509491
220,445,3,1,0,0.2576781213283539
220,657,3,2,0,0.31408604979515076
220,685,1,2,0,0.38528260588645935
220,716,1,2,0,0.18458303809165955
220,748,3,1,0,0.36124175786972046
220,749,0,2,0,0.18302977085113525
225,71,1,0,0,0.3237001895904541
225,129,1,1,1,0.5658865571022034
225,157,2,3,0,0.34170714020729065
225,158,2,3,0,0.36196187138557434
225,159,3,3,1,0.5451099872589111
225,183,0,3,0,0.06064058095216751
225,192,1,3,0,0.4214141368865967
225,197,1,3,0,0.015641551464796066
225,221,1,3,0,0.00613603787496686
225,233,1,1,1,0.3809933662414551
225,256,1,0,0,0.03106406144797802
225,282,3,2,0,0.3693757951259613
225,286,1,0,0,0.019627783447504044
225,308,0,3,0,0.36433446407318115
225,310,3,1,0,0.47297385334968567
225,311,3,2,0,0.3548530340194702
225,312,1,2,0,0.13733845949172974
225,316,1,0,0,0.010084646753966808
225,320,3,2,0,0.2927425801753998
225,321,2,1,0,0.006615020334720612
225,342,1,0,0,0.0004372891562525183
225,344,1,3,0,0.021016087383031845
225,372,3,2,0,0.051045842468738556
225,373,1,2,0,0.11582424491643906
225,374,3,2,0,0.17009085416793823
225,379,3,2,0,0.13784953951835632
225,382,2,1,0,0.32013988494873047
225,386,1,3,0,0.0013112251181155443
225,387,2,3,0,0.007610265165567398
225,409,3,3,1,0.565178394317627
225,445,3,1,0,0.2928098142147064
225,657,3,2,0,0.3178838789463043
225,685,1,2,0,0.3448728919029236
225,716,1,2,0,0.2829793691635132
225,748,3,1,0,0.3773568570613861
225,749,0,2,0,0.17593012750148773
230,71,1,0,0,0.3319312334060669
230,129,1,3,0,0.44754558801651
230,157,2,3,0,0.3511527478694916
230,158,2,3,0,0.3395755887031555
230,159,3,3,1,0.5505313277244568
230,183,0,3,0,0.03930913284420967
230,192,1,3,0,0.406026154756546
230,197,1,3,0,0.015788480639457703
230,221,1,3,0,0.006576861254870892
230,233,1,1,1,0.41857466101646423
230,256,1,0,0,0.031560640782117844
230,282,3,2,0,0.3685693144798279
230,286,1,0,0,0.0214617308229208
230,308,0,3,0,0.35904359817504883
230,310,3,3,1,0.514910876750946
230,311,3,3,1,0.37443792819976807
230,312,1,2,0,0.12809766829013824
230,316,1,0,0,0.01345091126859188
230,320,3,2,0,0.2948575019836426
230,321,2,1,0,0.004316645208746195
230,342,1,0,0,0.000508009921759367
230,344,1,3,0,0.015531999990344048
230,372,3,2,0,0.053271278738975525
230,373,1,2,0,0.10849130153656006
230,374,3,2,0,0.17459596693515778
230,379,3,2,0,0.16637654602527618
230,382,2,1,0,0.31534841656684875
230,386,1,3,0,0.001295006601139903
230,387,2,3,0,0.008875486440956593
230,409,3,3,1,0.5332726240158081
230,445,3,1,0,0.34197351336479187
230,657,3,2,0,0.36077627539634705
230,685,1,2,0,0.45347002148628235
230,716,1,2,0,0.26518720388412476
230,748,3,1,0,0.382055401802063
230,749,0,2,0,0.2022559642791748
235,71,1,0,0,0.3050101697444916
235,129,1,3,0,0.42165863513946533
235,157,2,3,0,0.3508515954017639
235,158,2,3,0,0.4121086001396179
235,159,3,3,1,0.5373034477233887
235,183,0,3,0,0.047504521906375885
235,192,1,3,0,0.41761019825935364
235,197,1,3,0,0.014740807935595512
235,221,1,3,0,0.007011706475168467
235,233,1,1,1,0.38075608015060425
235,256,1,0,0,0.031055143103003502
235,282,3,2,0,0.32577160000801086
235,286,1,0,0,0.019162284210324287
235,308,0,3,0,0.35166406631469727
235,310,3,1,0,0.48760858178138733
235,311,3,3,1,0.3560997545719147
235,312,1,2,0,0.1377938985824585
235,316,1,0,0,0.012207473628222942
235,320,3,2,0,0.28312739729881287
235,321,2,1,0,0.00570199079811573
235,342,1,0,0,0.0004942599916830659
235,344,1,3,0,0.03353980928659439
235,372,3,2,0,0.053921863436698914
235,373,1,2,0,0.08492997288703918
235,374,3,2,0,0.17839092016220093
235,379,3,2,0,0.14855264127254486
235,382,2,1,0,0.33800360560417175
235,386,1,3,0,0.001362474518828094
235,387,2,3,0,0.011401769705116749
235,409,3,2,0,0.48731422424316406
235,445,3,1,0,0.3247692286968231
235,657,3,2,0,0.34646835923194885
235,685,1,2,0,0.3481423258781433
235,716,1,2,0,0.27934616804122925
235,748,3,1,0,0.37832653522491455
235,749,0,2,0,0.1718354970216751
240,71,1,0,0,0.3071445822715759
240,129,1,3,0,0.4727396070957184
240,157,2,3,0,0.34885066747665405
240,158,2,3,0,0.38012704253196716
240,159,3,3,1,0.5725821852684021
240,183,0,3,0,0.03768600896000862
240,192,1,3,0,0.40502187609672546
240,197,1,3,0,0.015169858932495117
240,221,1,3,0,0.007445454131811857
240,233,1,1,1,0.5114833116531372
240,256,1,2,0,0.02947177179157734
240,282,3,2,0,0.34200966358184814
240,286,1,0,0,0.022072406485676765
240,308,0,3,0,0.33803561329841614
240,310,3,1,0,0.48901230096817017
240,311,3,3,1,0.35756033658981323
240,312,1,2,0,0.14100328087806702
240,316,1,0,0,0.012080904096364975
240,320,3,2,0,0.2963995933532715
240,321,2,1,0,0.004717488773167133
240,342,1,0,0,0.00043049082159996033
240,344,1,3,0,0.03282088041305542
240,372,3,2,0,0.06274274736642838
240,373,1,2,0,0.13437506556510925
240,374,3,2,0,0.191494420170784
240,379,3,2,0,0.138771653175354
240,382,2,1,0,0.29777470231056213
240,386,1,3,0,0.0016229350585490465
240,387,2,3,0,0.011091911233961582
240,409,3,2,0,0.4167696237564087
240,445,3,1,0,0.2941116988658905
240,657,3,2,0,0.31786012649536133
240,685,1,2,0,0.40545597672462463
240,716,1,2,0,0.2934897840023041
240,748,3,1,0,0.38109374046325684
240,749,0,2,0,0.18201154470443726
245,71,1,0,0,0.32244524359703064
245,129,1,3,0,0.40885940194129944
245,157,2,3,0,0.3764982521533966
245,158,2,3,0,0.3859357237815857
245,159,3,3,1,0.5666407942771912
245,183,0,3,0,0.052056990563869476
245,192,1,3,0,0.40112823247909546
245,197,1,3,0,0.01841055043041706
245,221,1,3,0,0.009092574939131737
245,233,1,3,0,0.2748633027076721
245,256,1,0,0,0.029315410181879997
245,282,3,2,0,0.3503079116344452
245,286,1,0,0,0.01887505315244198
245,308,0,3,0,0.3347853124141693
245,310,3,1,0,0.49488288164138794
245,311,3,3,1,0.3662682771682739
245,312,1,2,0,0.1155037134885788
245,316,1,0,0,0.010485577397048473
245,320,3,2,0,0.29964354634284973
245,321,2,1,0,0.0039843423292040825
245,342,1,0,0,0.00043461823952384293
245,344,1,3,0,0.02032092958688736
245,372,3,2,0,0.05704227089881897
245,373,1,2,0,0.10735379904508591
245,374,3,2,0,0.17840056121349335
245,379,3,2,0,0.1375330239534378
245,382,2,1,0,0.32095450162887573
245,386,1,3,0,0.0007907390245236456
245,387,2,3,0,0.007580235134810209
245,409,3,3,1,0.5395788550376892
245,445,3,1,0,0.3305160105228424
245,657,3,2,0,0.37545570731163025
245,685,1,2,0,0.4476483464241028
245,716,1,2,0,0.3960786759853363
245,748,3,1,0,0.3848266303539276
245,749,0,2,0,0.17903104424476624
250,71,1,0,0,0.3426875174045563
250,129,1,3,0,0.468248575925827
250,157,2,3,0,0.3936000168323517
250,158,2,3,0,0.4165636897087097
250,159,3,3,1,0.5474140048027039
250,183,0,3,0,0.05179852992296219
250,192,1,3,0,0.4079728424549103
250,197,1,3,0,0.018471674993634224
250,221,1,3,0,0.009680411778390408
250,233,1,3,0,0.3543540835380554
250,256,1,0,0,0.032094307243824005
250,282,3,2,0,0.3663535416126251
250,286,1,0,0,0.019282899796962738
250,308,0,3,0,0.31388479471206665
250,310,3,1,0,0.47706717252731323
250,311,3,3,1,0.36462336778640747
250,312,1,2,0,0.12987303733825684
250,316,1,0,0,0.01189111266285181
250,320,3,2,0,0.2956089377403259
250,321,2,1,0,0.0032695147674530745
250,342,1,0,0,0.0005320830387063324
250,344,1,3,0,0.024887090548872948
250,372,3,2,0,0.05877173691987991
250,373,1,2,0,0.1011812761425972
250,374,3,2,0,0.16068032383918762
250,379,3,2,0,0.15028561651706696
250,382,2,1,0,0.31475013494491577
250,386,1,3,0,0.0011166398180648685
250,387,2,3,0,0.00975883286446333
250,409,3,2,0,0.4642586410045624
250,445,3,1,0,0.2901154160499573
250,657,3,2,0,0.3432576358318329
250,685,1,2,0,0.34013980627059937
250,716,1,2,0,0.16189761459827423
250,748,3,1,0,0.3867776095867157
250,749,0,2,0,0.1787416934967041
255,71,1,0,0,0.31660157442092896
255,129,1,3,0,0.43835124373435974
255,157,2,3,0,0.37918856739997864
255,158,2,3,0,0.36054491996765137
255,159,3,2,0,0.46877577900886536
255,183,0,3,0,0.03847282752394676
255,192,1,3,0,0.4129517674446106
255,197,1,3,0,0.01657596416771412
255,221,1,3,0,0.00692617567256093
255,233,1,1,1,0.37168988585472107
255,256,1,0,0,0.031870290637016296
255,282,3,2,0,0.3901310861110687
255,286,1,0,0,0.01931193470954895
255,308,0,3,0,0.2962510883808136
255,310,3,1,0,0.48811668157577515
255,311,3,3,1,0.3660646080970764
255,312,1,2,0,0.10300546139478683
255,316,1,0,0,0.013124593533575535
255,320,3,2,0,0.31894010305404663
255,321,2,1,0,0.004061490762978792
255,342,1,0,0,0.000499302928801626
255,344,1,3,0,0.036269959062337875
255,372,3,2,0,0.061826497316360474
255,373,1,2,0,0.07302342355251312
255,374,3,2,0,0.1731017827987671
255,379,3,2,0,0.1314557045698166
255,382,2,1,0,0.3389231860637665
255,386,1,3,0,0.0011006157146766782
255,387,2,3,0,0.007545154541730881
255,409,3,3,1,0.5695680379867554
255,445,3,1,0,0.3192131817340851
255,657,3,2,0,0.3535134196281433
255,685,1,2,0,0.36178159713745117
255,716,1,2,0,0.28512248396873474
255,748,3,1,0,0.3606482744216919
255,749,0,2,0,0.19126491248607635
260,71,1,0,0,0.31701040267944336
260,129,1,3,0,0.4842284619808197
260,157,2,3,0,0.2997438907623291
260,158,2,3,0,0.3174966275691986
260,159,3,3,1,0.5736964344978333
260,183,0,3,0,0.047511667013168335
260,192,1,3,0,0.43624621629714966
260,197,1,3,0,0.016237908974289894
260,221,1,3,0,0.008634703233838081
260,233,1,1,1,0.43327635526657104
260,256,1,2,0,0.03159154951572418
260,282,3,2,0,0.42607033252716064
260,286,1,0,0,0.024359749630093575
260,308,0,3,0,0.275465190410614
260,310,3,1,0,0.46916985511779785
260,311,3,3,1,0.3712727129459381
260,312,1,2,0,0.114463210105896
260,316,1,0,0,0.01486540399491787
260,320,3,2,0,0.3001244366168976
260,321,2,1,0,0.004611819051206112
260,342,1,0,0,0.0005244583007879555
260,344,1,3,0,0.03136798366904259
260,372,3,2,0,0.07328528165817261
260,373,1,2,0,0.14293745160102844
260,374,3,2,0,0.17524614930152893
260,379,3,2,0,0.12226857244968414
260,382,2,1,0,0.3222152590751648
260,386,1,3,0,0.001465929439291358
260,387,2,3,0,0.007942191325128078
260,409,3,3,1,0.5108556151390076
260,445,3,1,0,0.29537931084632874
260,657,3,2,0,0.3473791480064392
260,685,1,2,0,0.3942328691482544
260,716,1,2,0,0.3521254360675812
260,748,3,1,0,0.3840744197368622
260,749,0,2,0,0.1857624500989914
265,71,1,0,0,0.33308473229408264
265,129,1,3,0,0.49469855427742004
265,157,2,3,0,0.31423503160476685
265,158,2,3,0,0.32711899280548096
265,159,3,3,1,0.5456348657608032
265,183,0,3,0,0.03970593959093094
265,192,1,3,0,0.42742520570755005
265,197,1,3,0,0.017306502908468246
265,221,1,3,0,0.007796891499310732
265,233,1,1,1,0.3566955327987671
265,256,1,2,0,0.031993765383958817
265,282,3,2,0,0.43163707852363586
265,286,1,0,0,0.02467665821313858
265,308,0,3,0,0.2642951011657715
265,310,3,1,0,0.4855228066444397
265,311,3,3,1,0.36157849431037903
265,312,1,2,0,0.12669269740581512
265,316,1,0,0,0.013227391988039017
265,320,3,2,0,0.28107407689094543
265,321,2,1,0,0.004230828024446964
265,342,1,0,0,0.000540880486369133
265,344,1,3,0,0.027412105351686478
265,372,3,2,0,0.0754413977265358
265,373,1,2,0,0.2166334092617035
265,374,3,2,0,0.19948479533195496
265,379,3,2,0,0.11330505460500717
265,382,2,1,0,0.3406512141227722
265,386,1,3,0,0.0010353109100833535
265,387,2,3,0,0.007284655701369047
265,409,3,2,0,0.39156296849250793
265,445,3,1,0,0.3402111232280731
265,657,3,2,0,0.34122979640960693
265,685,1,2,0,0.4735903739929199
265,716,1,2,0,0.3281039893627167
265,748,3,1,0,0.36738574504852295
265,749,0,2,0,0.19374556839466095
270,71,1,0,0,0.3197576403617859
270,129,1,3,0,0.4195845127105713
270,157,2,3,0,0.345747709274292
270,158,2,3,0,0.3375590741634369
270,159,3,3,1,0.5898246765136719
270,183,0,3,0,0.03487180545926094
270,192,1,3,0,0.39732280373573303
270,197,1,3,0,0.014435218647122383
270,221,1,3,0,0.005558975040912628
270,233,1,1,1,0.38006213307380676
270,256,1,0,0,0.03092125989496708
270,282,3,2,0,0.4370289444923401
270,286,1,0,0,0.022606249898672104
270,308,0,3,0,0.27633872628211975
270,310,3,1,0,0.4959201216697693
270,311,3,3,1,0.3934403657913208
270,312,1,2,0,0.11718852072954178
270,316,1,0,0,0.014639059081673622
270,320,3,2,0,0.3197951316833496
270,321,2,1,0,0.003172839991748333
270,342,1,0,0,0.0005582082085311413
270,344,1,3,0,0.02497856132686138
270,372,3,2,0,0.08866924047470093
270,373,1,2,0,0.09851713478565216
270,374,3,2,0,0.18342135846614838
270,379,3,2,0,0.14353300631046295
270,382,2,1,0,0.3097049593925476
270,386,1,3,0,0.0011514711659401655
270,387,2,3,0,0.007214781362563372
270,409,3,3,1,0.521434485912323
270,445,3,1,0,0.3459601402282715
270,657,3,2,0,0.35548555850982666
270,685,1,2,0,0.3795056641101837
270,716,1,2,0,0.22221994400024414
270,748,3,1,0,0.38725459575653076
270,749,0,2,0,0.1912747621536255
275,71,1,0,0,0.32050666213035583
275,129,1,3,0,0.443412721157074
275,157,2,3,0,0.38057592511177063
275,158,2,3,0,0.36459651589393616
275,159,3,2,0,0.4971275329589844
275,183,0,3,0,0.04603832587599754
275,192,1,3,0,0.3995947539806366
275,197,1,3,0,0.016811860725283623
275,221,1,3,0,0.006699743680655956
275,233,1,1,1,0.39432665705680847
275,256,1,0,0,0.03225685656070709
275,282,3,2,0,0.4438745677471161
275,286,1,0,0,0.020122822374105453
275,308,0,3,0,0.28957608342170715
275,310,3,1,0,0.4848301112651825
275,311,3,3,1,0.3763318359851837
275,312,1,2,0,0.13018137216567993
275,316,1,0,0,0.011812258511781693
275,320,3,2,0,0.3072661757469177
275,321,2,1,0,0.0056993067264556885
275,342,1,0,0,0.0005519235855899751
275,344,1,3,0,0.021709537133574486
275,372,3,2,0,0.08663477003574371
275,373,1,2,0,0.12361694872379303
275,374,3,2,0,0.20679454505443573
275,379,3,2,0,0.12694410979747772
275,382,2,1,0,0.337400883436203
275,386,1,3,0,0.0010642254492267966
275,387,2,3,0,0.007829679176211357
275,409,3,3,1,0.5441341400146484
275,445,3,1,0,0.2686164677143097
275,657,3,2,0,0.3405992090702057
275,685,1,2,0,0.39495787024497986
275,716,1,2,0,0.10979153215885162
275,748,3,1,0,0.38573378324508667
275,749,0,2,0,0.19412487745285034
280,71,1,0,0,0.33612480759620667
280,129,1,3,0,0.4864843487739563
280,157,2,3,0,0.3349282741546631
280,158,2,3,0,0.34153446555137634
280,159,3,3,1,0.5345765352249146
280,183,0,3,0,0.04157508537173271
280,192,1,3,0,0.42079225182533264
280,197,1,3,0,0.0147966668009758
280,221,1,3,0,0.005899757146835327
280,233,1,3,0,0.34345537424087524
280,256,1,0,0,0.03209304064512253
280,282,3,3,1,0.5162414312362671
280,286,1,0,0,0.021309679374098778
280,308,0,3,0,0.28482285141944885
280,310,3,1,0,0.4681604206562042
280,311,3,3,1,0.36944136023521423
280,312,1,2,0,0.12478605657815933
280,316,1,0,0,0.012761401943862438
280,320,3,2,0,0.3161703050136566
280,321,2,1,0,0.003013182431459427
280,342,1,0,0,0.0005832337774336338
280,344,1,3,0,0.028172053396701813
280,372,3,2,0,0.09736809134483337
280,373,1,2,0,0.07899294793605804
280,374,3,2,0,0.2223006933927536
280,379,3,2,0,0.11888894438743591
280,382,2,1,0,0.32723918557167053
280,386,1,3,0,0.0011272518895566463
280,387,2,3,0,0.0074025364592671394
280,409,3,3,1,0.6234275698661804
280,445,3,1,0,0.31704771518707275
280,657,3,2,0,0.35642898082733154
280,685,1,2,0,0.4391062259674072
280,716,1,2,0,0.1863759458065033
280,748,3,1,0,0.3788945972919464
280,749,0,2,0,0.1843721717596054
285,71,1,0,0,0.3282802999019623
285,129,1,3,0,0.4133872985839844
285,157,2,3,0,0.3351994752883911
285,158,2,3,0,0.30531764030456543
285,159,3,3,1,0.5654780268669128
285,183,0,3,0,0.03610536456108093
285,192,1,3,0,0.40522652864456177
285,197,1,3,0,0.015490148216485977
285,221,1,3,0,0.005547343287616968
285,233,1,3,0,0.3173881769180298
285,256,1,2,0,0.031932104378938675
285,282,3,2,0,0.4311712980270386
285,286,1,0,0,0.02182663604617119
285,308,0,3,0,0.2798970639705658
285,310,3,1,0,0.47803014516830444
285,311,3,3,1,0.38419774174690247
285,312,1,2,0,0.13403117656707764
285,316,1,0,0,0.01374286599457264
285,320,3,2,0,0.3090868890285492
285,321,2,1,0,0.0038232607766985893
285,342,1,0,0,0.0006077279685996473
285,344,1,3,0,0.02747444249689579
285,372,3,2,0,0.08206966519355774
285,373,1,2,0,0.10148356854915619
285,374,3,2,0,0.19874794781208038
285,379,3,2,0,0.1231093555688858
285,382,2,1,0,0.28935933113098145
285,386,1,3,0,0.0010931361466646194
285,387,2,3,0,0.005294338800013065
285,409,3,2,0,0.4714812636375427
285,445,3,1,0,0.3208360970020294
285,657,3,2,0,0.35508108139038086
285,685,1,2,0,0.30921295285224915
285,716,1,2,0,0.33411505818367004
285,748,3,1,0,0.38211289048194885
285,749,0,2,0,0.18690431118011475
290,71,1,0,0,0.32894670963287354
290,129,1,3,0,0.36778318881988525
290,157,2,3,0,0.33311375975608826
290,158,2,3,0,0.3279184103012085
290,159,3,3,1,0.5230042338371277
290,183,0,3,0,0.03664432838559151
290,192,1,3,0,0.41299527883529663
290,197,1,3,0,0.013940739445388317
290,221,1,3,0,0.007529371418058872
290,233,1,1,1,0.3991698920726776
290,256,1,0,0,0.03067520633339882
290,282,3,3,1,0.5139928460121155
290,286,1,0,0,0.018777891993522644
290,308,0,3,0,0.28192850947380066
290,310,3,1,0,0.46566957235336304
290,311,3,3,1,0.3809354305267334
290,312,1,2,0,0.12524929642677307
290,316,1,0,0,0.010879237204790115
290,320,3,2,0,0.32779884338378906
290,321,2,1,0,0.0048757195472717285
290,342,1,0,0,0.0005593039095401764
290,344,1,3,0,0.04103729501366615
290,372,3,2,0,0.09537912905216217
290,373,1,2,0,0.09229700267314911
290,374,3,2,0,0.2289484292268753
290,379,3,2,0,0.11391225457191467
290,382,2,1,0,0.33110135793685913
290,386,1,3,0,0.0012398528633639216
290,387,2,3,0,0.00598697317764163
290,409,3,3,1,0.5730389356613159
290,445,3,1,0,0.2885705828666687
290,657,3,2,0,0.3509474992752075
290,685,1,2,0,0.4278890788555145
290,716,1,2,0,0.3145223557949066
290,748,3,1,0,0.3817397356033325
290,749,0,2,0,0.1879245936870575
295,71,1,0,0,0.32432278990745544
295,129,1,3,0,0.4750142991542816
295,157,2,3,0,0.33070680499076843
295,158,2,3,0,0.3581182658672333
295,159,3,3,1,0.5229855179786682
295,183,0,3,0,0.03520145267248154
295,192,1,3,0,0.4113655388355255
295,197,1,3,0,0.013809804804623127
295,221,1,3,0,0.00740031385794282
295,233,1,1,1,0.42503711581230164
295,256,1,0,0,0.031344830989837646
295,282,3,3,1,0.5280797481536865
295,286,1,0,0,0.019149895757436752
295,308,0,3,0,0.32946714758872986
295,310,3,1,0,0.470167875289917
295,311,3,3,1,0.38118070363998413
295,312,1,2,0,0.12324431538581848
295,316,1,0,0,0.01221828255802393
295,320,3,2,0,0.33406803011894226
295,321,2,1,0,0.002675096271559596
295,342,1,0,0,0.0005612973473034799
295,344,1,3,0,0.04507187381386757
295,372,3,2,0,0.10614313185214996
295,373,1,2,0,0.11384527385234833
295,374,3,2,0,0.22036771476268768
295,379,3,2,0,0.13496999442577362
295,382,2,1,0,0.32713234424591064
295,386,1,3,0,0.0014070492470636964
295,387,2,3,0,0.0063427528366446495
295,409,3,3,1,0.5400443077087402
295,445,3,1,0,0.22529828548431396
295,657,3,2,0,0.34857842326164246
295,685,1,2,0,0.44016915559768677
295,716,1,2,0,0.27387166023254395
295,748,3,1,0,0.39193353056907654
295,749,0,2,0,0.19007201492786407
300,71,1,0,0,0.3280806243419647
300,129,1,3,0,0.44328662753105164
300,157,2,3,0,0.3411829173564911
300,158,2,3,0,0.36865752935409546
300,159,3,3,1,0.5722252130508423
300,183,0,3,0,0.0403563566505909
300,192,1,3,0,0.4160250425338745
300,197,1,3,0,0.015177898108959198
300,221,1,3,0,0.006983165629208088
300,233,1,1,1,0.3892210125923157
300,256,1,0,0,0.03217807039618492
300,282,3,2,0,0.4677393138408661
300,286,1,0,0,0.021968580782413483
300,308,0,3,0,0.29418545961380005
300,310,3,1,0,0.4660882353782654
300,311,3,3,1,0.3636639714241028
300,312,1,2,0,0.10812897235155106
300,316,1,0,0,0.015072213485836983
300,320,3,2,0,0.3906932771205902
300,321,2,1,0,0.006481314077973366
300,342,1,0,0,0.0006270918529480696
300,344,1,3,0,0.04600062593817711
300,372,3,2,0,0.08610806614160538
300,373,1,2,0,0.09827037155628204
300,374,3,2,0,0.22866126894950867
300,379,3,2,0,0.13318035006523132
300,382,2,1,0,0.3248708248138428
300,386,1,3,0,0.0013686668826267123
300,387,2,3,0,0.0068582152016460896
300,409,3,3,1,0.6121664643287659
300,445,3,1,0,0.23828111588954926
300,657,3,2,0,0.3626970648765564
300,685,1,2,0,0.40085938572883606
300,716,1,2,0,0.24520671367645264
300,748,3,1,0,0.3698873519897461
300,749,0,2,0,0.18572470545768738
