window,mean_return,std_return,stderr_return,mean_discounted_return,success_rate,success_rate_stderr,mean_length,n_episodes
0,-6.000000000000005,0.0,0.0,-6.000000000000005,0.0,0.0,200.0,500
5,-5.919640000000005,0.5902916824757074,0.026398646571368062,-5.919640000000005,0.02,0.006260990336999411,198.008,500
10,-5.533260000000005,1.7211340367327594,0.0769714540904614,-5.533260000000005,0.068,0.011258419071965654,186.712,500
15,-5.510020000000004,1.5186755412529713,0.0679172349201586,-5.510020000000004,0.082,0.012269963325128565,184.866,500
20,-5.007520000000004,2.0552924486797517,0.09191547257779845,-5.007520000000004,0.144,0.01570121014444428,169.016,500
25,-4.252740000000003,2.3849637088224243,0.1066588195359391,-4.252740000000003,0.31,0.02068332661831747,149.168,500
30,-3.2682400000000036,2.892044139082253,0.12933614577835548,-3.2682400000000036,0.342,0.021214900423994452,115.898,500
35,-3.3209200000000023,2.8244746686065376,0.12631434719460818,-3.3209200000000023,0.408,0.021978898971513564,120.696,500
40,-2.1074000000000015,2.4356232959963267,0.10892438514859755,-2.1074000000000015,0.46,0.022289010745208053,76.534,500
45,-2.4671200000000018,2.6733479581977373,0.11955575524080812,-2.4671200000000018,0.514,0.022351912669836556,94.388,500
50,-1.847460000000001,2.5404473126597225,0.11361225768727602,-1.847460000000001,0.568,0.022152923057691506,73.776,500
55,-1.6014000000000008,2.3530446744590305,0.1052313569236851,-1.6014000000000008,0.596,0.021944657664224338,66.018,500
60,-1.7610400000000002,2.2277900525857466,0.09962979994359121,-1.7610400000000002,0.578,0.02208691920571993,69.04,500
65,-1.5212200000000002,2.1880466886243544,0.09785242267414744,-1.5212200000000002,0.588,0.02201163328787757,61.26,500
70,-1.034,1.6795296960756607,0.07511085141309477,-1.034,0.63,0.021591665058535898,45.944,500
75,-0.6118800000000004,1.0321345191398261,0.04615845893441418,-0.6118800000000004,0.678,0.020895741192884256,33.586,500
80,-0.6742800000000002,1.2680402523579446,0.05670848404956704,-0.6742800000000002,0.746,0.019467100451787882,40.846,500
85,-0.6218400000000006,1.1604967102064534,0.051898990633730074,-0.6218400000000006,0.752,0.019313000802568203,39.304,500
90,-0.5452200000000005,1.1821626586895726,0.052867921305835335,-0.5452200000000005,0.91,0.012798437404620923,46.96,500
95,-0.6250400000000004,1.3628627951485066,0.06094907707914862,-0.6250400000000004,0.888,0.014103616557464968,48.736,500
100,-0.5822400000000002,1.3238349528547733,0.059203698911470044,-0.5822400000000002,0.894,0.013766916866168691,47.58,500
105,-0.3509000000000006,0.7965858334165881,0.03562440146865629,-0.3509000000000006,0.916,0.012405160216619531,40.624,500
110,-0.3619200000000005,0.7808756069951218,0.034921818784250054,-0.3619200000000005,0.918,0.012269963325128561,41.06,500
115,-0.5554800000000002,1.2890400961956148,0.05764762561632525,-0.5554800000000002,0.892,0.013880633991284403,46.684,500
120,-0.33016000000000056,0.6905203649422658,0.030881009517177375,-0.33016000000000056,0.92,0.012132600710482479,40.07,500
125,-0.32450000000000057,0.6384562240279281,0.028552630351685634,-0.32450000000000057,0.922,0.01199299795714149,39.95,500
130,-0.3980800000000006,0.8482871645852011,0.03793655528906124,-0.3980800000000006,0.914,0.01253826144248077,42.128,500
135,-0.4708400000000003,0.8810344456376261,0.0394010582192915,-0.4708400000000003,0.916,0.012405160216619531,44.622,500
140,-0.5791600000000003,1.3009483058138782,0.05818017694026033,-0.5791600000000003,0.896,0.013651666564928987,47.546,500
145,-0.3771200000000007,0.8821483467081943,0.039450873389571504,-0.3771200000000007,0.91,0.012798437404620923,41.292,500
150,-0.4226200000000006,1.0377013711082785,0.04640741612285694,-0.4226200000000006,0.902,0.013296315279053816,42.534,500
155,-0.3242800000000006,0.7027230475799126,0.031426730074890066,-0.3242800000000006,0.92,0.012132600710482479,39.874,500
160,-0.3418400000000005,0.7150030869863429,0.031975910132473154,-0.3418400000000005,0.922,0.01199299795714149,40.528,500
165,-0.7690400000000002,1.2908565677099835,0.05772886069203166,-0.7690400000000002,0.898,0.013534843922262271,53.944,500
170,-0.3232400000000005,0.6833384976715418,0.03055982664872298,-0.3232400000000005,0.922,0.01199299795714149,39.908,500
175,-0.5504600000000003,1.1396667883201648,0.05096744820765503,-0.5504600000000003,0.906,0.013050976974924135,46.868,500
180,-0.3822800000000006,0.8580794844302014,0.038374481145678055,-0.3822800000000006,0.916,0.012405160216619531,41.67,500
185,-0.4230800000000006,1.001527889576721,0.04478968884910902,-0.4230800000000006,0.906,0.013050976974924135,42.622,500
190,-0.996840000000001,1.9879077479601523,0.08890193714874839,-0.996840000000001,0.808,0.017614539448989292,58.512,500
195,-0.3534200000000005,0.7780884934247515,0.03479717527616285,-0.3534200000000005,0.918,0.012269963325128561,40.712,500
200,-0.5873200000000004,1.1522274157474295,0.05152917654300328,-0.5873200000000004,0.902,0.013296315279053816,48.024,500
