window,beta,window_success_rate
1,0.9995,0.05
2,0.9995,0.07
3,0.9995,0.07
4,0.9995,0.07
5,0.9995,0.1
6,0.9995,0.09
7,0.9995,0.14
8,0.9995,0.05
9,0.9995,0.16
10,0.9995,0.09
11,0.9995,0.07
12,0.9995,0.16
13,0.999549,0.32
14,0.999549,0.29
15,0.9995441,0.26
16,0.9995441,0.31
17,0.9995441,0.31
18,0.9995396900000001,0.2
19,0.9995396900000001,0.24
20,0.9995847210000001,0.32
21,0.9996252489,0.37
22,0.9996252489,0.35
23,0.9996252489,0.36
24,0.9996252489,0.21
25,0.99961272401,0.15
26,0.99961272401,0.24
27,0.99961272401,0.16
28,0.99961272401,0.17
29,0.99961272401,0.14
30,0.99961272401,0.22
31,0.99961272401,0.17
32,0.999601451609,0.16
33,0.999601451609,0.23
34,0.9996403064481001,0.31
35,0.9996752758032901,0.37
36,0.9996752758032901,0.33
37,0.9996752758032901,0.39
38,0.9997067482229611,0.4
39,0.999735073400665,0.42
40,0.9997605660605985,0.53
41,0.9997605660605985,0.44
42,0.9997345094545387,0.41
43,0.9997345094545387,0.42
44,0.9997600585090848,0.5
45,0.9997600585090848,0.34
46,0.9997600585090848,0.4
47,0.9997600585090848,0.29
48,0.9997600585090848,0.4
49,0.9997600585090848,0.28
50,0.9997600585090848,0.3
51,0.9997830526581764,0.35
52,0.9997830526581764,0.33
53,0.9997547473923587,0.29
54,0.9997292726531228,0.18
55,0.9997292726531228,0.24
56,0.9997553453878105,0.33
57,0.9997788108490295,0.41
58,0.9997788108490295,0.29
59,0.9997788108490295,0.32
60,0.9997999297641266,0.39
61,0.9997999297641266,0.37
62,0.999769936787714,0.36
63,0.9997429431089426,0.12
64,0.9997186487980484,0.11
65,0.9997186487980484,0.15
66,0.9997186487980484,0.15
67,0.9996967839182436,0.04
68,0.9996967839182436,0.1
69,0.9996967839182436,0.07
70,0.9996967839182436,0.09
71,0.9996967839182436,0.06
72,0.9996967839182436,0.08
73,0.9996967839182436,0.08
74,0.9996967839182436,0.12
75,0.9996967839182436,0.11
76,0.9996967839182436,0.17
77,0.9996967839182436,0.08
78,0.9996967839182436,0.18
79,0.9996967839182436,0.13
80,0.9996771055264192,0.13
81,0.9996593949737773,0.09
82,0.9996593949737773,0.3
83,0.9996593949737773,0.25
84,0.9996434554763995,0.19
85,0.9996434554763995,0.21
86,0.9996781099287596,0.25
87,0.9997092989358837,0.36
88,0.9997092989358837,0.27
89,0.9996883690422953,0.27
90,0.9996883690422953,0.28
91,0.9997185321380657,0.35
92,0.9997185321380657,0.25
93,0.9996966789242592,0.19
94,0.9996966789242592,0.23
95,0.9997260110318332,0.24
96,0.9997524099286499,0.37
97,0.9997524099286499,0.13
98,0.9997524099286499,0.15
99,0.9997761689357849,0.22
100,0.9997761689357849,0.21
101,0.9997761689357849,0.26
102,0.9997975520422064,0.28
103,0.9997975520422064,0.28
104,0.9997677968379858,0.19
105,0.9997677968379858,0.26
106,0.9997900171541872,0.33
107,0.9998100154387686,0.35
108,0.9998280138948917,0.36
109,0.9998442125054026,0.42
110,0.9998442125054026,0.29
111,0.9998097912548624,0.27
112,0.9998097912548624,0.3
113,0.9998278121293761,0.34
114,0.9998278121293761,0.28
115,0.9998278121293761,0.38
116,0.9998440309164385,0.39
117,0.9998440309164385,0.36
118,0.9998096278247947,0.33
119,0.9997786650423152,0.3
120,0.9997507985380837,0.26
121,0.9997507985380837,0.36
122,0.9997507985380837,0.25
123,0.9997507985380837,0.44
124,0.9997507985380837,0.33
125,0.9997507985380837,0.44
126,0.9997507985380837,0.35
127,0.9997507985380837,0.36
128,0.9997507985380837,0.28
129,0.9997507985380837,0.3
130,0.9997747186842754,0.38
131,0.9997747186842754,0.24
132,0.9997747186842754,0.36
133,0.9997747186842754,0.32
134,0.9997472468158478,0.24
135,0.9997472468158478,0.33
136,0.999771522134263,0.45
137,0.999771522134263,0.29
138,0.999771522134263,0.33
139,0.9997933699208367,0.45
140,0.9997933699208367,0.34
141,0.999764032928753,0.34
142,0.9997376296358778,0.26
143,0.9997376296358778,0.33
144,0.9997376296358778,0.28
145,0.9997376296358778,0.4
146,0.9997376296358778,0.3
147,0.99971386667229,0.28
148,0.99971386667229,0.32
149,0.99971386667229,0.29
150,0.9996924800050611,0.21
151,0.9996924800050611,0.46
152,0.9996924800050611,0.3
153,0.9996924800050611,0.39
154,0.9996924800050611,0.31
155,0.9996924800050611,0.36
156,0.9996924800050611,0.3
157,0.9996924800050611,0.31
158,0.9996924800050611,0.28
159,0.9996924800050611,0.36
160,0.9996924800050611,0.2
161,0.9996924800050611,0.33
162,0.9997222320045549,0.34
163,0.9997490088040994,0.35
164,0.9997731079236896,0.4
165,0.9997731079236896,0.38
166,0.9997457971313206,0.38
167,0.9997212174181885,0.36
168,0.9996990956763697,0.31
169,0.9996990956763697,0.33
170,0.9997281861087327,0.37
171,0.9997281861087327,0.34
172,0.9997053674978594,0.3
173,0.9996848307480735,0.27
174,0.9996663476732661,0.11
175,0.9996663476732661,0.32
176,0.9996663476732661,0.32
177,0.9996497129059395,0.22
178,0.9996497129059395,0.34
179,0.9996497129059395,0.34
180,0.9996347416153456,0.0
181,0.9996347416153456,0.22
182,0.9996347416153456,0.16
183,0.9996212674538111,0.1
184,0.99960914070843,0.07
185,0.99960914070843,0.11
186,0.999647226637587,0.14
187,0.9996815039738283,0.24
188,0.9997123535764454,0.33
189,0.9997123535764454,0.29
190,0.9997123535764454,0.33
191,0.9997401182188008,0.38
192,0.9997401182188008,0.33
193,0.9997401182188008,0.35
194,0.9997401182188008,0.35
195,0.9997161063969208,0.35
196,0.9996944957572287,0.21
197,0.9996750461815058,0.09
198,0.9996575415633553,0.08
199,0.9996575415633553,0.14
200,0.9996575415633553,0.06
