seed,ensemble_n_heads,mean,best,best_epoch,final,std,csv_path,status,log_path
1,5,0.41746666666666665,0.4835,145,0.39749999999999996,0.04987049896147688,results\phase2\analysis\variance_weighting_seed_sweep\seed_1_heads_5.csv,ran,results\phase2\analysis\variance_weighting_seed_sweep\seed_1_heads_5.log
4,5,0.40024166666666666,0.4660000000000001,120,0.3875,0.061891956958543444,results\phase2\analysis\variance_weighting_seed_sweep\seed_4_heads_5.csv,ran,results\phase2\analysis\variance_weighting_seed_sweep\seed_4_heads_5.log
0,5,0.38717500000000005,0.4535,155,0.34750000000000003,0.03925836033168226,results\phase2\analysis\variance_weighting_seed_sweep\seed_0_heads_5.csv,ran,results\phase2\analysis\variance_weighting_seed_sweep\seed_0_heads_5.log
3,5,0.3756,0.46849999999999997,40,0.345,0.04817295816435902,results\phase2\analysis\variance_weighting_seed_sweep\seed_3_heads_5.csv,ran,results\phase2\analysis\variance_weighting_seed_sweep\seed_3_heads_5.log
2,5,0.36260833333333325,0.406,15,0.36050000000000004,0.027666765791803903,results\phase2\analysis\variance_weighting_seed_sweep\seed_2_heads_5.csv,ran,results\phase2\analysis\variance_weighting_seed_sweep\seed_2_heads_5.log
0,10,0.40337500000000015,0.48200000000000004,220,0.434,0.06192960909815956,results\phase2\analysis\variance_weighting_seed_sweep\seed_0_heads_10.csv,ran,results\phase2\analysis\variance_weighting_seed_sweep\seed_0_heads_10.log
2,10,0.3871666666666667,0.4610000000000001,115,0.3615,0.04090539588403196,results\phase2\analysis\variance_weighting_seed_sweep\seed_2_heads_10.csv,ran,results\phase2\analysis\variance_weighting_seed_sweep\seed_2_heads_10.log
1,10,0.37823333333333337,0.44700000000000006,95,0.2775,0.05619016340318682,results\phase2\analysis\variance_weighting_seed_sweep\seed_1_heads_10.csv,ran,results\phase2\analysis\variance_weighting_seed_sweep\seed_1_heads_10.log
3,10,0.3534416666666667,0.46049999999999996,40,0.271,0.06617843699120485,results\phase2\analysis\variance_weighting_seed_sweep\seed_3_heads_10.csv,ran,results\phase2\analysis\variance_weighting_seed_sweep\seed_3_heads_10.log
4,10,0.28380833333333333,0.41500000000000004,75,0.1795,0.0747175524307571,results\phase2\analysis\variance_weighting_seed_sweep\seed_4_heads_10.csv,ran,results\phase2\analysis\variance_weighting_seed_sweep\seed_4_heads_10.log
0,12,0.3844250000000001,0.46849999999999997,160,0.138,0.1130390222482814,results\phase2\analysis\variance_weighting_seed_sweep\seed_0_heads_12.csv,ran,results\phase2\analysis\variance_weighting_seed_sweep\seed_0_heads_12.log
2,12,0.3965249999999999,0.4755,125,0.37849999999999995,0.04285424894386056,results\phase2\analysis\variance_weighting_seed_sweep\seed_2_heads_12.csv,ran,results\phase2\analysis\variance_weighting_seed_sweep\seed_2_heads_12.log
1,12,0.3470833333333333,0.4855,110,0.267,0.08636791456708139,results\phase2\analysis\variance_weighting_seed_sweep\seed_1_heads_12.csv,ran,results\phase2\analysis\variance_weighting_seed_sweep\seed_1_heads_12.log
3,12,0.42032499999999995,0.4855,120,0.3385,0.06082601089743528,results\phase2\analysis\variance_weighting_seed_sweep\seed_3_heads_12.csv,ran,results\phase2\analysis\variance_weighting_seed_sweep\seed_3_heads_12.log
4,12,0.33904166666666663,0.4095,45,0.397,0.05542656553194205,results\phase2\analysis\variance_weighting_seed_sweep\seed_4_heads_12.csv,ran,results\phase2\analysis\variance_weighting_seed_sweep\seed_4_heads_12.log
0,15,0.41865,0.4660000000000001,105,0.3715,0.05323933011586869,results\phase2\analysis\variance_weighting_seed_sweep\seed_0_heads_15.csv,ran,results\phase2\analysis\variance_weighting_seed_sweep\seed_0_heads_15.log
2,15,0.3682,0.44200000000000006,90,0.41100000000000003,0.045549395798705365,results\phase2\analysis\variance_weighting_seed_sweep\seed_2_heads_15.csv,ran,results\phase2\analysis\variance_weighting_seed_sweep\seed_2_heads_15.log
1,15,0.3722833333333334,0.46449999999999997,45,0.37849999999999995,0.04162630022061169,results\phase2\analysis\variance_weighting_seed_sweep\seed_1_heads_15.csv,ran,results\phase2\analysis\variance_weighting_seed_sweep\seed_1_heads_15.log
3,15,0.432225,0.5165,50,0.4325,0.05260561813458743,results\phase2\analysis\variance_weighting_seed_sweep\seed_3_heads_15.csv,ran,results\phase2\analysis\variance_weighting_seed_sweep\seed_3_heads_15.log
4,15,0.38728333333333337,0.4315,220,0.41100000000000003,0.04710170807895189,results\phase2\analysis\variance_weighting_seed_sweep\seed_4_heads_15.csv,ran,results\phase2\analysis\variance_weighting_seed_sweep\seed_4_heads_15.log
